method,regime,dose,pattern,frac,image,category,amp,tau,psnr,ssim,psnr_unobserved,runtime_s
unet_uniform_only,fixed_dwell,20.0,uniform,0.1,0,Biological,0.0,2.0,23.759048461914062,0.31458738313148227,23.6972713470459,1.9625567979965126
unet_uniform_only,fixed_dwell,20.0,uniform,0.1,1,Fibres,0.0,2.0,22.269168853759766,0.5001627740130522,22.159822463989258,1.9978702910011634
unet_uniform_only,fixed_dwell,20.0,uniform,0.1,2,Films_Coated_Surface,0.0,2.0,24.178817749023438,0.4044517719960537,24.11302375793457,1.8066621290054172
unet_uniform_only,fixed_dwell,20.0,uniform,0.1,3,MEMS_devices_and_electrodes,0.0,2.0,24.591358184814453,0.29810358298950634,24.47734832763672,1.9698561969998991
unet_uniform_only,fixed_dwell,20.0,uniform,0.1,4,Nanowires,0.0,2.0,18.44015884399414,0.5727052945248178,18.13964080810547,1.94044511699758
unet_uniform_only,fixed_dwell,20.0,uniform,0.1,5,Particles,0.0,2.0,17.443696975708008,0.30373974160063816,17.32281494140625,1.6975943879951956
unet_uniform_only,fixed_dwell,20.0,uniform,0.1,6,Patterned_surface,0.0,2.0,24.657325744628906,0.500661458837905,24.57275390625,1.5982287840015488
unet_uniform_only,fixed_dwell,20.0,uniform,0.1,7,Porous_Sponge,0.0,2.0,23.355735778808594,0.45700013565591563,23.256776809692383,1.6527558050001971
unet_uniform_only,fixed_dwell,20.0,uniform,0.1,8,Powder,0.0,2.0,18.450895309448242,0.3258076101043726,18.262746810913086,1.7267394310038071
unet_uniform_only,fixed_dwell,20.0,uniform,0.1,9,Tips,0.0,2.0,32.465118408203125,0.9080389700629732,32.379554748535156,1.6910924929979956
unet_uniform_only,fixed_dwell,20.0,uniform,0.1,10,Biological,0.0,2.0,26.873151779174805,0.39720675946607475,26.841796875,1.6552516290103085
unet_uniform_only,fixed_dwell,20.0,uniform,0.1,11,Fibres,0.0,2.0,27.024423599243164,0.6862526684484496,26.952974319458008,1.6477694799978053
unet_uniform_only,fixed_dwell,20.0,uniform,0.1,12,Films_Coated_Surface,0.0,2.0,25.669879913330078,0.39705136773785554,25.61272430419922,1.6753937879984733
unet_uniform_only,fixed_dwell,20.0,uniform,0.1,13,MEMS_devices_and_electrodes,0.0,2.0,25.444480895996094,0.33552005812221763,25.338912963867188,1.8930719019990647
unet_uniform_only,fixed_dwell,20.0,uniform,0.1,14,Nanowires,0.0,2.0,14.1475191116333,0.42937514373243935,13.850835800170898,1.7763654740119819
unet_uniform_only,fixed_dwell,20.0,uniform,0.1,15,Particles,0.0,2.0,37.696571350097656,0.9221032192204628,37.71471405029297,1.4904003949923208
unet_uniform_only,fixed_dwell,20.0,uniform,0.1,16,Patterned_surface,0.0,2.0,20.3415584564209,0.4568262926130692,20.288909912109375,1.5670352230081335
unet_uniform_only,fixed_dwell,20.0,uniform,0.1,17,Porous_Sponge,0.0,2.0,16.31922149658203,0.4619120001848852,16.038509368896484,1.5579880159930326
unet_uniform_only,fixed_dwell,20.0,uniform,0.1,18,Powder,0.0,2.0,20.440244674682617,0.47676610806698677,20.331676483154297,1.5363307509978767
unet_uniform_only,fixed_dwell,20.0,uniform,0.1,19,Tips,0.0,2.0,25.66478729248047,0.7873315325797424,25.607044219970703,1.6097407789930003
unet_uniform_only,fixed_dwell,20.0,uniform,0.1,20,Biological,0.0,2.0,24.903867721557617,0.583154697999163,24.83751678466797,1.5297993699932704
unet_uniform_only,fixed_dwell,20.0,uniform,0.1,21,Fibres,0.0,2.0,22.882707595825195,0.5871406246364536,22.815324783325195,1.450884694000706
unet_uniform_only,fixed_dwell,20.0,uniform,0.1,22,Films_Coated_Surface,0.0,2.0,14.191202163696289,0.42753790269223296,13.903914451599121,1.5827409839985194
unet_uniform_only,fixed_dwell,20.0,uniform,0.1,23,MEMS_devices_and_electrodes,0.0,2.0,25.58294105529785,0.37470725477523037,25.511770248413086,1.5723729929886758
unet_uniform_only,fixed_dwell,20.0,uniform,0.1,24,Nanowires,0.0,2.0,13.958649635314941,0.24764160266684235,13.748885154724121,1.6104902690130984
unet_uniform_only,fixed_dwell,20.0,uniform,0.1,25,Particles,0.0,2.0,32.220680236816406,0.6454294744334725,32.18265151977539,1.719252018010593
unet_uniform_only,fixed_dwell,20.0,uniform,0.1,26,Patterned_surface,0.0,2.0,18.994985580444336,0.3322694309471746,18.78289794921875,1.5433806579967495
unet_uniform_only,fixed_dwell,20.0,uniform,0.1,27,Porous_Sponge,0.0,2.0,23.91728973388672,0.3402092412388308,23.873306274414062,1.6494689149985788
unet_uniform_only,fixed_dwell,20.0,uniform,0.1,28,Powder,0.0,2.0,22.815515518188477,0.5678368375509016,22.770545959472656,1.7287152299977606
unet_uniform_only,fixed_dwell,20.0,uniform,0.1,29,Tips,0.0,2.0,38.39376449584961,0.9697823775159576,38.41504669189453,1.6028640820004512
unet_uniform_only,fixed_dwell,20.0,uniform,0.1,0,Biological,0.5,2.0,23.914735794067383,0.33674524585853693,23.860553741455078,1.5070185890072025
unet_uniform_only,fixed_dwell,20.0,uniform,0.1,1,Fibres,0.5,2.0,22.1378116607666,0.4917177090091705,22.055145263671875,1.5416408319870243
unet_uniform_only,fixed_dwell,20.0,uniform,0.1,2,Films_Coated_Surface,0.5,2.0,24.14318084716797,0.40032717491989883,24.100643157958984,1.5743863690004218
unet_uniform_only,fixed_dwell,20.0,uniform,0.1,3,MEMS_devices_and_electrodes,0.5,2.0,24.387348175048828,0.28043902317102226,24.33456039428711,1.6336385969916591
unet_uniform_only,fixed_dwell,20.0,uniform,0.1,4,Nanowires,0.5,2.0,18.338233947753906,0.5533806418124514,18.103769302368164,1.6040789019898511
unet_uniform_only,fixed_dwell,20.0,uniform,0.1,5,Particles,0.5,2.0,17.3997859954834,0.2852139520811548,17.37382698059082,1.5994136999943294
unet_uniform_only,fixed_dwell,20.0,uniform,0.1,6,Patterned_surface,0.5,2.0,24.523483276367188,0.4967926131959856,24.461711883544922,1.5965392920043087
unet_uniform_only,fixed_dwell,20.0,uniform,0.1,7,Porous_Sponge,0.5,2.0,23.280115127563477,0.4538833896998516,23.20305061340332,1.5589808380027534
unet_uniform_only,fixed_dwell,20.0,uniform,0.1,8,Powder,0.5,2.0,18.545434951782227,0.3181920627626405,18.437908172607422,1.5956132369901752
unet_uniform_only,fixed_dwell,20.0,uniform,0.1,9,Tips,0.5,2.0,32.194984436035156,0.9065264663981181,32.11893081665039,1.6011976640002104
unet_uniform_only,fixed_dwell,20.0,uniform,0.1,10,Biological,0.5,2.0,26.7972354888916,0.3962449633383787,26.774044036865234,1.6048171519942116
unet_uniform_only,fixed_dwell,20.0,uniform,0.1,11,Fibres,0.5,2.0,26.67790985107422,0.675525750768091,26.614307403564453,1.6072284769907128
unet_uniform_only,fixed_dwell,20.0,uniform,0.1,12,Films_Coated_Surface,0.5,2.0,25.70772361755371,0.40112150864051177,25.66043472290039,1.5566766369884135
unet_uniform_only,fixed_dwell,20.0,uniform,0.1,13,MEMS_devices_and_electrodes,0.5,2.0,25.397550582885742,0.3267390909408179,25.345184326171875,1.5565924429974984
unet_uniform_only,fixed_dwell,20.0,uniform,0.1,14,Nanowires,0.5,2.0,14.205825805664062,0.4104166650819118,13.979276657104492,1.5092712820041925
unet_uniform_only,fixed_dwell,20.0,uniform,0.1,15,Particles,0.5,2.0,37.407310485839844,0.921309474343215,37.440940856933594,1.503983443006291
unet_uniform_only,fixed_dwell,20.0,uniform,0.1,16,Patterned_surface,0.5,2.0,20.352474212646484,0.4594668440436724,20.29322624206543,1.5006433709932026
unet_uniform_only,fixed_dwell,20.0,uniform,0.1,17,Porous_Sponge,0.5,2.0,16.210309982299805,0.4480739900993264,15.992697715759277,1.5100279720063554
unet_uniform_only,fixed_dwell,20.0,uniform,0.1,18,Powder,0.5,2.0,20.437089920043945,0.46216211560878895,20.343706130981445,1.4078980179911014
unet_uniform_only,fixed_dwell,20.0,uniform,0.1,19,Tips,0.5,2.0,25.795154571533203,0.7887198669507686,25.756235122680664,1.5183941630093614
unet_uniform_only,fixed_dwell,20.0,uniform,0.1,20,Biological,0.5,2.0,24.60961151123047,0.577817199980582,24.552936553955078,1.5307494929875247
unet_uniform_only,fixed_dwell,20.0,uniform,0.1,21,Fibres,0.5,2.0,22.729007720947266,0.5839834086407122,22.66026496887207,1.5070069699868327
unet_uniform_only,fixed_dwell,20.0,uniform,0.1,22,Films_Coated_Surface,0.5,2.0,14.176290512084961,0.414799111274465,13.936471939086914,1.8596464739966905
unet_uniform_only,fixed_dwell,20.0,uniform,0.1,23,MEMS_devices_and_electrodes,0.5,2.0,25.60018539428711,0.3730455967745537,25.574819564819336,1.935726452007657
unet_uniform_only,fixed_dwell,20.0,uniform,0.1,24,Nanowires,0.5,2.0,14.025390625,0.1992035391916825,13.846017837524414,1.7599457540054573
unet_uniform_only,fixed_dwell,20.0,uniform,0.1,25,Particles,0.5,2.0,32.16419982910156,0.6443803005713044,32.14167785644531,1.6849841549992561
unet_uniform_only,fixed_dwell,20.0,uniform,0.1,26,Patterned_surface,0.5,2.0,19.06371307373047,0.3156446520983975,18.9096622467041,1.6467177559970878
unet_uniform_only,fixed_dwell,20.0,uniform,0.1,27,Porous_Sponge,0.5,2.0,23.889461517333984,0.341402343585738,23.849483489990234,1.7074592709977878
unet_uniform_only,fixed_dwell,20.0,uniform,0.1,28,Powder,0.5,2.0,22.910293579101562,0.5663317695525892,22.836877822875977,1.7325717150088167
unet_uniform_only,fixed_dwell,20.0,uniform,0.1,29,Tips,0.5,2.0,38.609989166259766,0.9697408275456286,38.630332946777344,1.799506206996739
unet_uniform_only,fixed_dwell,20.0,uniform,0.1,0,Biological,1.0,2.0,23.800804138183594,0.32363897926566254,23.764907836914062,1.9476242920063669
unet_uniform_only,fixed_dwell,20.0,uniform,0.1,1,Fibres,1.0,2.0,21.91916275024414,0.47928449899626413,21.875003814697266,1.876678633998381
unet_uniform_only,fixed_dwell,20.0,uniform,0.1,2,Films_Coated_Surface,1.0,2.0,24.109352111816406,0.3997306705395977,24.092924118041992,1.6749440929997945
unet_uniform_only,fixed_dwell,20.0,uniform,0.1,3,MEMS_devices_and_electrodes,1.0,2.0,24.184486389160156,0.2747786999732014,24.184925079345703,2.0442759959987598
unet_uniform_only,fixed_dwell,20.0,uniform,0.1,4,Nanowires,1.0,2.0,17.69972038269043,0.5098650494849855,17.57468032836914,1.8813605480099795
unet_uniform_only,fixed_dwell,20.0,uniform,0.1,5,Particles,1.0,2.0,16.963754653930664,0.24536664106324166,17.13214111328125,1.7599562869872898
unet_uniform_only,fixed_dwell,20.0,uniform,0.1,6,Patterned_surface,1.0,2.0,24.484111785888672,0.4972502281789159,24.447662353515625,1.6725323430000572
unet_uniform_only,fixed_dwell,20.0,uniform,0.1,7,Porous_Sponge,1.0,2.0,23.188152313232422,0.44491636576259996,23.148706436157227,1.58751532601309
unet_uniform_only,fixed_dwell,20.0,uniform,0.1,8,Powder,1.0,2.0,18.221036911010742,0.3049335691977187,18.196014404296875,1.6042206490092212
unet_uniform_only,fixed_dwell,20.0,uniform,0.1,9,Tips,1.0,2.0,31.300426483154297,0.9033378044664118,31.255552291870117,1.4473257749923505
unet_uniform_only,fixed_dwell,20.0,uniform,0.1,10,Biological,1.0,2.0,26.81558609008789,0.39384426598119177,26.810171127319336,1.5591558330052067
unet_uniform_only,fixed_dwell,20.0,uniform,0.1,11,Fibres,1.0,2.0,26.569936752319336,0.6764029345570403,26.527847290039062,1.6524563240091084
unet_uniform_only,fixed_dwell,20.0,uniform,0.1,12,Films_Coated_Surface,1.0,2.0,25.645156860351562,0.39005630149919546,25.6180362701416,1.6505159749940503
unet_uniform_only,fixed_dwell,20.0,uniform,0.1,13,MEMS_devices_and_electrodes,1.0,2.0,25.246082305908203,0.31789137900390646,25.251493453979492,1.5684750529908342
unet_uniform_only,fixed_dwell,20.0,uniform,0.1,14,Nanowires,1.0,2.0,13.667818069458008,0.36383600497172297,13.608869552612305,1.6854351329966448
unet_uniform_only,fixed_dwell,20.0,uniform,0.1,15,Particles,1.0,2.0,37.371826171875,0.9208852092137367,37.411251068115234,1.6965742150059668
unet_uniform_only,fixed_dwell,20.0,uniform,0.1,16,Patterned_surface,1.0,2.0,20.11528778076172,0.4400109579353585,20.126436233520508,1.683283170001232
unet_uniform_only,fixed_dwell,20.0,uniform,0.1,17,Porous_Sponge,1.0,2.0,15.594653129577637,0.4152468922074876,15.463751792907715,1.6052289020008175
unet_uniform_only,fixed_dwell,20.0,uniform,0.1,18,Powder,1.0,2.0,20.181901931762695,0.45268597282711753,20.11652946472168,1.5796280459908303
unet_uniform_only,fixed_dwell,20.0,uniform,0.1,19,Tips,1.0,2.0,25.47349739074707,0.7857018236700326,25.458660125732422,1.6411369720008224
unet_uniform_only,fixed_dwell,20.0,uniform,0.1,20,Biological,1.0,2.0,24.30265235900879,0.5729959126032202,24.265920639038086,1.6160609690123238
unet_uniform_only,fixed_dwell,20.0,uniform,0.1,21,Fibres,1.0,2.0,22.433086395263672,0.566715834379302,22.394542694091797,1.541970414997195
unet_uniform_only,fixed_dwell,20.0,uniform,0.1,22,Films_Coated_Surface,1.0,2.0,13.706034660339355,0.3812306958815545,13.556278228759766,1.559087814996019
unet_uniform_only,fixed_dwell,20.0,uniform,0.1,23,MEMS_devices_and_electrodes,1.0,2.0,25.44196319580078,0.3684593652252562,25.448974609375,1.533019263006281
unet_uniform_only,fixed_dwell,20.0,uniform,0.1,24,Nanowires,1.0,2.0,13.644481658935547,0.18676143742306436,13.665620803833008,1.542291556004784
unet_uniform_only,fixed_dwell,20.0,uniform,0.1,25,Particles,1.0,2.0,31.95949363708496,0.6421866471516733,31.94818878173828,1.7092006759921787
unet_uniform_only,fixed_dwell,20.0,uniform,0.1,26,Patterned_surface,1.0,2.0,18.80397605895996,0.308312414371886,18.744070053100586,1.5265038670040667
unet_uniform_only,fixed_dwell,20.0,uniform,0.1,27,Porous_Sponge,1.0,2.0,23.809144973754883,0.33910686810636714,23.789657592773438,1.619075010996312
unet_uniform_only,fixed_dwell,20.0,uniform,0.1,28,Powder,1.0,2.0,22.635826110839844,0.5503062040112249,22.574970245361328,1.6314717460045358
unet_uniform_only,fixed_dwell,20.0,uniform,0.1,29,Tips,1.0,2.0,37.379756927490234,0.9687828202265054,37.41847610473633,1.5922527389921015
unet_uniform_only,fixed_dwell,20.0,uniform,0.1,0,Biological,2.0,2.0,23.63150405883789,0.31036099198733524,23.62209129333496,1.8101528369879816
unet_uniform_only,fixed_dwell,20.0,uniform,0.1,1,Fibres,2.0,2.0,21.11515235900879,0.42215715429504647,21.135780334472656,1.7225709980120882
unet_uniform_only,fixed_dwell,20.0,uniform,0.1,2,Films_Coated_Surface,2.0,2.0,23.918357849121094,0.39141551565007277,23.913272857666016,1.7207722320017638
unet_uniform_only,fixed_dwell,20.0,uniform,0.1,3,MEMS_devices_and_electrodes,2.0,2.0,23.566375732421875,0.2611892386346814,23.65414810180664,1.7412137950013857
unet_uniform_only,fixed_dwell,20.0,uniform,0.1,4,Nanowires,2.0,2.0,16.354782104492188,0.3795699885340921,16.4110107421875,1.5584204929909902
unet_uniform_only,fixed_dwell,20.0,uniform,0.1,5,Particles,2.0,2.0,16.309085845947266,0.17831162048329777,16.66507911682129,1.680551457000547
unet_uniform_only,fixed_dwell,20.0,uniform,0.1,6,Patterned_surface,2.0,2.0,24.3581485748291,0.49205529717562313,24.322996139526367,1.742037789997994
unet_uniform_only,fixed_dwell,20.0,uniform,0.1,7,Porous_Sponge,2.0,2.0,22.8087215423584,0.4234473019566855,22.786724090576172,1.825254634997691
unet_uniform_only,fixed_dwell,20.0,uniform,0.1,8,Powder,2.0,2.0,17.777620315551758,0.2799728374361048,17.793212890625,1.651002675993368
unet_uniform_only,fixed_dwell,20.0,uniform,0.1,9,Tips,2.0,2.0,29.201580047607422,0.8970697357993569,29.197860717773438,1.675346415999229
unet_uniform_only,fixed_dwell,20.0,uniform,0.1,10,Biological,2.0,2.0,26.57940101623535,0.3878778027790615,26.59623146057129,1.822693296999205
unet_uniform_only,fixed_dwell,20.0,uniform,0.1,11,Fibres,2.0,2.0,25.455121994018555,0.6516747598643274,25.448331832885742,1.8813405639957637
unet_uniform_only,fixed_dwell,20.0,uniform,0.1,12,Films_Coated_Surface,2.0,2.0,25.516977310180664,0.3826671635500802,25.497852325439453,1.8036067380016902
unet_uniform_only,fixed_dwell,20.0,uniform,0.1,13,MEMS_devices_and_electrodes,2.0,2.0,25.10968017578125,0.3131006174136767,25.128347396850586,1.6746782260015607
unet_uniform_only,fixed_dwell,20.0,uniform,0.1,14,Nanowires,2.0,2.0,12.7772216796875,0.23570713125940537,12.921878814697266,1.5378034040040802
unet_uniform_only,fixed_dwell,20.0,uniform,0.1,15,Particles,2.0,2.0,37.16756820678711,0.9211221353513007,37.19184112548828,1.5423771659989143
unet_uniform_only,fixed_dwell,20.0,uniform,0.1,16,Patterned_surface,2.0,2.0,19.470333099365234,0.38570352746519637,19.622024536132812,1.513513703001081
unet_uniform_only,fixed_dwell,20.0,uniform,0.1,17,Porous_Sponge,2.0,2.0,14.331625938415527,0.33318013257226625,14.325157165527344,1.796958121994976
unet_uniform_only,fixed_dwell,20.0,uniform,0.1,18,Powder,2.0,2.0,19.59526824951172,0.4101757251075607,19.592622756958008,1.66013290900446
unet_uniform_only,fixed_dwell,20.0,uniform,0.1,19,Tips,2.0,2.0,24.45632553100586,0.762822371610881,24.492685317993164,1.528680182993412
unet_uniform_only,fixed_dwell,20.0,uniform,0.1,20,Biological,2.0,2.0,23.533702850341797,0.559849973943218,23.52168083190918,1.577962048992049
unet_uniform_only,fixed_dwell,20.0,uniform,0.1,21,Fibres,2.0,2.0,22.026233673095703,0.5374758882072173,22.006933212280273,1.5511378459923435
unet_uniform_only,fixed_dwell,20.0,uniform,0.1,22,Films_Coated_Surface,2.0,2.0,12.8135404586792,0.2810236373697075,12.844465255737305,1.699671035996289
unet_uniform_only,fixed_dwell,20.0,uniform,0.1,23,MEMS_devices_and_electrodes,2.0,2.0,25.019065856933594,0.3623374173412864,25.032758712768555,1.6925035480089718
unet_uniform_only,fixed_dwell,20.0,uniform,0.1,24,Nanowires,2.0,2.0,13.230477333068848,0.12623500698614154,13.418460845947266,1.6858117660012795
unet_uniform_only,fixed_dwell,20.0,uniform,0.1,25,Particles,2.0,2.0,31.66752815246582,0.6422747916821441,31.6578369140625,1.636767059986596
unet_uniform_only,fixed_dwell,20.0,uniform,0.1,26,Patterned_surface,2.0,2.0,18.44879722595215,0.27713268143085185,18.49238395690918,1.712185344993486
unet_uniform_only,fixed_dwell,20.0,uniform,0.1,27,Porous_Sponge,2.0,2.0,23.28059959411621,0.3300876624365833,23.26777458190918,1.583911994996015
unet_uniform_only,fixed_dwell,20.0,uniform,0.1,28,Powder,2.0,2.0,22.10723876953125,0.5136672875372545,22.079639434814453,1.6733599879953545
unet_uniform_only,fixed_dwell,20.0,uniform,0.1,29,Tips,2.0,2.0,35.73382568359375,0.9644127374485808,35.77770233154297,1.6794814539898653
unet_uniform_only,fixed_dwell,20.0,uniform,0.3,0,Biological,0.0,2.0,24.90525245666504,0.4246476089615494,24.72439193725586,1.7658859780058265
unet_uniform_only,fixed_dwell,20.0,uniform,0.3,1,Fibres,0.0,2.0,24.349464416503906,0.6615120724760615,24.09994888305664,1.7036746990052052
unet_uniform_only,fixed_dwell,20.0,uniform,0.3,2,Films_Coated_Surface,0.0,2.0,25.548154830932617,0.466728319682262,25.402280807495117,1.6038970279914793
unet_uniform_only,fixed_dwell,20.0,uniform,0.3,3,MEMS_devices_and_electrodes,0.0,2.0,25.065738677978516,0.3349375512257049,24.78059959411621,1.6658911370032001
unet_uniform_only,fixed_dwell,20.0,uniform,0.3,4,Nanowires,0.0,2.0,21.615787506103516,0.7805550793221601,20.92195701599121,1.706533792996197
unet_uniform_only,fixed_dwell,20.0,uniform,0.3,5,Particles,0.0,2.0,19.055971145629883,0.4718212970809419,18.574411392211914,1.619519220010261
unet_uniform_only,fixed_dwell,20.0,uniform,0.3,6,Patterned_surface,0.0,2.0,26.47452163696289,0.5665338129304578,26.325843811035156,1.6425737179961288
unet_uniform_only,fixed_dwell,20.0,uniform,0.3,7,Porous_Sponge,0.0,2.0,24.922748565673828,0.5470080161288297,24.700632095336914,1.6075396179949166
unet_uniform_only,fixed_dwell,20.0,uniform,0.3,8,Powder,0.0,2.0,19.575231552124023,0.4136950938115392,19.11946678161621,1.7120033969986252
unet_uniform_only,fixed_dwell,20.0,uniform,0.3,9,Tips,0.0,2.0,33.727073669433594,0.9122207302424473,33.519962310791016,1.7152716199925635
unet_uniform_only,fixed_dwell,20.0,uniform,0.3,10,Biological,0.0,2.0,27.467838287353516,0.43054350839680267,27.350818634033203,1.6790290539938724
unet_uniform_only,fixed_dwell,20.0,uniform,0.3,11,Fibres,0.0,2.0,29.11245346069336,0.7262134347064653,28.971847534179688,1.5950353459920734
unet_uniform_only,fixed_dwell,20.0,uniform,0.3,12,Films_Coated_Surface,0.0,2.0,26.857397079467773,0.5084278746785497,26.692604064941406,1.535047384997597
unet_uniform_only,fixed_dwell,20.0,uniform,0.3,13,MEMS_devices_and_electrodes,0.0,2.0,25.927139282226562,0.4012686870945133,25.553205490112305,1.5359033919958165
unet_uniform_only,fixed_dwell,20.0,uniform,0.3,14,Nanowires,0.0,2.0,16.444599151611328,0.6773311851031208,15.56512451171875,1.6109137589955935
unet_uniform_only,fixed_dwell,20.0,uniform,0.3,15,Particles,0.0,2.0,38.82236862182617,0.9226138202891423,38.861968994140625,1.5946080079884268
unet_uniform_only,fixed_dwell,20.0,uniform,0.3,16,Patterned_surface,0.0,2.0,22.723825454711914,0.69676838209841,22.437240600585938,1.7205148170032771
unet_uniform_only,fixed_dwell,20.0,uniform,0.3,17,Porous_Sponge,0.0,2.0,19.126819610595703,0.6165088290216065,18.45098876953125,1.6147224150045076
unet_uniform_only,fixed_dwell,20.0,uniform,0.3,18,Powder,0.0,2.0,22.552549362182617,0.6146733110162675,22.306673049926758,1.6477445190103026
unet_uniform_only,fixed_dwell,20.0,uniform,0.3,19,Tips,0.0,2.0,27.36792755126953,0.8378210875698222,27.28864288330078,1.664277639996726
unet_uniform_only,fixed_dwell,20.0,uniform,0.3,20,Biological,0.0,2.0,26.719017028808594,0.6279987363542496,26.57691192626953,1.5934104760090122
unet_uniform_only,fixed_dwell,20.0,uniform,0.3,21,Fibres,0.0,2.0,25.913944244384766,0.7615097755027262,25.814334869384766,1.6327029349922668
unet_uniform_only,fixed_dwell,20.0,uniform,0.3,22,Films_Coated_Surface,0.0,2.0,17.178449630737305,0.6709839524401494,16.534481048583984,1.6093840089888545
unet_uniform_only,fixed_dwell,20.0,uniform,0.3,23,MEMS_devices_and_electrodes,0.0,2.0,25.970460891723633,0.3884929147982636,25.871103286743164,1.60061918500287
unet_uniform_only,fixed_dwell,20.0,uniform,0.3,24,Nanowires,0.0,2.0,15.138741493225098,0.4908100655559208,14.37531566619873,1.567256445006933
unet_uniform_only,fixed_dwell,20.0,uniform,0.3,25,Particles,0.0,2.0,32.57500076293945,0.6524728282925957,32.486846923828125,1.6029042599984678
unet_uniform_only,fixed_dwell,20.0,uniform,0.3,26,Patterned_surface,0.0,2.0,20.3848934173584,0.46146573929038753,19.845312118530273,1.6263400729949353
unet_uniform_only,fixed_dwell,20.0,uniform,0.3,27,Porous_Sponge,0.0,2.0,24.838768005371094,0.3766497934250916,24.703214645385742,1.6548892099963268
unet_uniform_only,fixed_dwell,20.0,uniform,0.3,28,Powder,0.0,2.0,25.245708465576172,0.699721160183648,25.095260620117188,1.6510510200023418
unet_uniform_only,fixed_dwell,20.0,uniform,0.3,29,Tips,0.0,2.0,40.919517517089844,0.9755056486271741,40.93302917480469,1.587966756997048
unet_uniform_only,fixed_dwell,20.0,uniform,0.3,0,Biological,0.5,2.0,24.854358673095703,0.42750386383961325,24.735740661621094,1.5848460830020485
unet_uniform_only,fixed_dwell,20.0,uniform,0.3,1,Fibres,0.5,2.0,23.9854793548584,0.6462396862881913,23.828449249267578,1.4583738049987005
unet_uniform_only,fixed_dwell,20.0,uniform,0.3,2,Films_Coated_Surface,0.5,2.0,25.524580001831055,0.4630010992330848,25.443103790283203,1.5615277680044528
unet_uniform_only,fixed_dwell,20.0,uniform,0.3,3,MEMS_devices_and_electrodes,0.5,2.0,24.87561798095703,0.31023229953424913,24.738059997558594,1.5852525380032603
unet_uniform_only,fixed_dwell,20.0,uniform,0.3,4,Nanowires,0.5,2.0,21.046533584594727,0.7506243249514746,20.576326370239258,1.5970747280080104
unet_uniform_only,fixed_dwell,20.0,uniform,0.3,5,Particles,0.5,2.0,18.905864715576172,0.4398321747202329,18.57708740234375,1.554689448006684
unet_uniform_only,fixed_dwell,20.0,uniform,0.3,6,Patterned_surface,0.5,2.0,26.350749969482422,0.5647557841029388,26.247594833374023,1.4618303949973779
unet_uniform_only,fixed_dwell,20.0,uniform,0.3,7,Porous_Sponge,0.5,2.0,24.80046272277832,0.5368189473133621,24.642017364501953,1.4874806449952303
unet_uniform_only,fixed_dwell,20.0,uniform,0.3,8,Powder,0.5,2.0,19.486371994018555,0.39450618391286385,19.236919403076172,1.4343403249949915
unet_uniform_only,fixed_dwell,20.0,uniform,0.3,9,Tips,0.5,2.0,33.287109375,0.9103202646937986,33.16319274902344,1.4053562830085866
unet_uniform_only,fixed_dwell,20.0,uniform,0.3,10,Biological,0.5,2.0,27.40443229675293,0.42431207897960127,27.31858253479004,1.4651533650030615
unet_uniform_only,fixed_dwell,20.0,uniform,0.3,11,Fibres,0.5,2.0,28.681127548217773,0.7193880574670624,28.547008514404297,1.5137157489953097
unet_uniform_only,fixed_dwell,20.0,uniform,0.3,12,Films_Coated_Surface,0.5,2.0,26.836931228637695,0.4964282030035675,26.735868453979492,1.596160389992292
unet_uniform_only,fixed_dwell,20.0,uniform,0.3,13,MEMS_devices_and_electrodes,0.5,2.0,25.72956085205078,0.3529361992788344,25.578399658203125,1.420281419006642
unet_uniform_only,fixed_dwell,20.0,uniform,0.3,14,Nanowires,0.5,2.0,16.123353958129883,0.6316687805814031,15.501636505126953,1.5214306370035047
unet_uniform_only,fixed_dwell,20.0,uniform,0.3,15,Particles,0.5,2.0,38.8060302734375,0.9223346100532969,38.84749984741211,1.5549328769993735
unet_uniform_only,fixed_dwell,20.0,uniform,0.3,16,Patterned_surface,0.5,2.0,22.591201782226562,0.682289812088049,22.37508773803711,1.4831683640077244
unet_uniform_only,fixed_dwell,20.0,uniform,0.3,17,Porous_Sponge,0.5,2.0,18.579153060913086,0.5820181131587585,18.112600326538086,1.6359035069908714
unet_uniform_only,fixed_dwell,20.0,uniform,0.3,18,Powder,0.5,2.0,22.374303817749023,0.5994705554918589,22.171039581298828,1.4477755179977976
unet_uniform_only,fixed_dwell,20.0,uniform,0.3,19,Tips,0.5,2.0,27.180721282958984,0.8334394994356181,27.117820739746094,1.4886148259975016
unet_uniform_only,fixed_dwell,20.0,uniform,0.3,20,Biological,0.5,2.0,26.536163330078125,0.6222738699606606,26.437978744506836,1.5522640449926257
unet_uniform_only,fixed_dwell,20.0,uniform,0.3,21,Fibres,0.5,2.0,25.786518096923828,0.759010425905767,25.688974380493164,1.6062789449933916
unet_uniform_only,fixed_dwell,20.0,uniform,0.3,22,Films_Coated_Surface,0.5,2.0,16.764638900756836,0.6447013210428185,16.247549057006836,1.4840221580088837
unet_uniform_only,fixed_dwell,20.0,uniform,0.3,23,MEMS_devices_and_electrodes,0.5,2.0,25.914581298828125,0.38443434441224456,25.85392189025879,1.5053191549959593
unet_uniform_only,fixed_dwell,20.0,uniform,0.3,24,Nanowires,0.5,2.0,15.016828536987305,0.4422099067823199,14.436651229858398,1.5839176739973482
unet_uniform_only,fixed_dwell,20.0,uniform,0.3,25,Particles,0.5,2.0,32.503353118896484,0.6490682520169155,32.45561981201172,1.4332976010045968
unet_uniform_only,fixed_dwell,20.0,uniform,0.3,26,Patterned_surface,0.5,2.0,20.295028686523438,0.43521468886517317,19.903366088867188,1.475774360995274
unet_uniform_only,fixed_dwell,20.0,uniform,0.3,27,Porous_Sponge,0.5,2.0,24.750431060791016,0.36612574087057564,24.670101165771484,1.5354323700012174
unet_uniform_only,fixed_dwell,20.0,uniform,0.3,28,Powder,0.5,2.0,25.213594436645508,0.693081276511205,25.074493408203125,1.5845553620019928
unet_uniform_only,fixed_dwell,20.0,uniform,0.3,29,Tips,0.5,2.0,40.82048797607422,0.9747517871115624,40.816856384277344,1.6193727259960724
unet_uniform_only,fixed_dwell,20.0,uniform,0.3,0,Biological,1.0,2.0,24.743852615356445,0.41695944617596614,24.701231002807617,1.5341715700051282
unet_uniform_only,fixed_dwell,20.0,uniform,0.3,1,Fibres,1.0,2.0,23.359569549560547,0.6109310313306524,23.291000366210938,1.4476753330091015
unet_uniform_only,fixed_dwell,20.0,uniform,0.3,2,Films_Coated_Surface,1.0,2.0,25.344276428222656,0.4537335199472867,25.314067840576172,1.424269089999143
unet_uniform_only,fixed_dwell,20.0,uniform,0.3,3,MEMS_devices_and_electrodes,1.0,2.0,24.584758758544922,0.2884049972314248,24.594032287597656,1.5625412050139857
unet_uniform_only,fixed_dwell,20.0,uniform,0.3,4,Nanowires,1.0,2.0,19.518901824951172,0.6710717941229174,19.380123138427734,1.5186765260004904
unet_uniform_only,fixed_dwell,20.0,uniform,0.3,5,Particles,1.0,2.0,17.933101654052734,0.37270564860491295,18.056928634643555,1.5474561589944642
unet_uniform_only,fixed_dwell,20.0,uniform,0.3,6,Patterned_surface,1.0,2.0,26.30377960205078,0.5601667727975097,26.247982025146484,1.5087731329986127
unet_uniform_only,fixed_dwell,20.0,uniform,0.3,7,Porous_Sponge,1.0,2.0,24.579185485839844,0.5287220984626334,24.517749786376953,1.483626457003993
unet_uniform_only,fixed_dwell,20.0,uniform,0.3,8,Powder,1.0,2.0,19.135896682739258,0.3796428380893445,19.077945709228516,1.5349810309999157
unet_uniform_only,fixed_dwell,20.0,uniform,0.3,9,Tips,1.0,2.0,32.22232437133789,0.9075812063093155,32.17898941040039,1.4296255490044132
unet_uniform_only,fixed_dwell,20.0,uniform,0.3,10,Biological,1.0,2.0,27.286500930786133,0.4208636941158241,27.242887496948242,1.4183229519985616
unet_uniform_only,fixed_dwell,20.0,uniform,0.3,11,Fibres,1.0,2.0,28.41289710998535,0.7170486692691682,28.306133270263672,1.4332479669974418
unet_uniform_only,fixed_dwell,20.0,uniform,0.3,12,Films_Coated_Surface,1.0,2.0,26.72713279724121,0.4881657996908074,26.709043502807617,1.4717552280053496
unet_uniform_only,fixed_dwell,20.0,uniform,0.3,13,MEMS_devices_and_electrodes,1.0,2.0,25.448991775512695,0.3286763419703753,25.466278076171875,1.4865881500008982
unet_uniform_only,fixed_dwell,20.0,uniform,0.3,14,Nanowires,1.0,2.0,15.049249649047852,0.5509301107924615,14.864672660827637,1.4460618589946534
unet_uniform_only,fixed_dwell,20.0,uniform,0.3,15,Particles,1.0,2.0,38.540771484375,0.9214069680444281,38.60899353027344,1.5152092030039057
unet_uniform_only,fixed_dwell,20.0,uniform,0.3,16,Patterned_surface,1.0,2.0,21.774255752563477,0.6460064765424453,21.669036865234375,1.4552448430040386
unet_uniform_only,fixed_dwell,20.0,uniform,0.3,17,Porous_Sponge,1.0,2.0,17.41130256652832,0.5374054064444129,17.17386245727539,1.556976277002832
unet_uniform_only,fixed_dwell,20.0,uniform,0.3,18,Powder,1.0,2.0,21.95343017578125,0.5820960540628536,21.842992782592773,1.5237300010048784
unet_uniform_only,fixed_dwell,20.0,uniform,0.3,19,Tips,1.0,2.0,26.653324127197266,0.8200391374539185,26.608436584472656,1.3920217999984743
unet_uniform_only,fixed_dwell,20.0,uniform,0.3,20,Biological,1.0,2.0,26.073307037353516,0.6152223536703683,26.041725158691406,1.5067876869870815
unet_uniform_only,fixed_dwell,20.0,uniform,0.3,21,Fibres,1.0,2.0,25.16580581665039,0.7446604323930451,25.097984313964844,1.4470824710006127
unet_uniform_only,fixed_dwell,20.0,uniform,0.3,22,Films_Coated_Surface,1.0,2.0,15.671320915222168,0.5867131314839329,15.418814659118652,1.5014916060026735
unet_uniform_only,fixed_dwell,20.0,uniform,0.3,23,MEMS_devices_and_electrodes,1.0,2.0,25.77200698852539,0.3776145531960579,25.7657470703125,1.5261396850110032
unet_uniform_only,fixed_dwell,20.0,uniform,0.3,24,Nanowires,1.0,2.0,14.37849235534668,0.3943315457016563,14.16877269744873,1.3834289839869598
unet_uniform_only,fixed_dwell,20.0,uniform,0.3,25,Particles,1.0,2.0,32.374755859375,0.6457062876132655,32.370811462402344,1.4788065030006692
unet_uniform_only,fixed_dwell,20.0,uniform,0.3,26,Patterned_surface,1.0,2.0,19.743087768554688,0.4118897576120373,19.665157318115234,1.5944407760107424
unet_uniform_only,fixed_dwell,20.0,uniform,0.3,27,Porous_Sponge,1.0,2.0,24.493959426879883,0.35943143064508726,24.44546890258789,1.4673063380032545
unet_uniform_only,fixed_dwell,20.0,uniform,0.3,28,Powder,1.0,2.0,24.75848960876465,0.6750489393190019,24.66924285888672,1.5819298660062486
unet_uniform_only,fixed_dwell,20.0,uniform,0.3,29,Tips,1.0,2.0,39.244140625,0.9732453808221961,39.27303695678711,1.4946162000123877
unet_uniform_only,fixed_dwell,20.0,uniform,0.3,0,Biological,2.0,2.0,24.28847885131836,0.3831408189045754,24.318187713623047,1.5633340589993168
unet_uniform_only,fixed_dwell,20.0,uniform,0.3,1,Fibres,2.0,2.0,21.80859375,0.534228607962051,21.827743530273438,1.528123369003879
unet_uniform_only,fixed_dwell,20.0,uniform,0.3,2,Films_Coated_Surface,2.0,2.0,25.0815486907959,0.4450783949736245,25.074188232421875,1.6446566630038433
unet_uniform_only,fixed_dwell,20.0,uniform,0.3,3,MEMS_devices_and_electrodes,2.0,2.0,23.905902862548828,0.26987722724667407,23.933673858642578,1.5566241769993212
unet_uniform_only,fixed_dwell,20.0,uniform,0.3,4,Nanowires,2.0,2.0,16.91716194152832,0.4681383640104808,17.097036361694336,1.5390971610031556
unet_uniform_only,fixed_dwell,20.0,uniform,0.3,5,Particles,2.0,2.0,16.437564849853516,0.2389782787780441,16.938642501831055,1.6032963229954476
unet_uniform_only,fixed_dwell,20.0,uniform,0.3,6,Patterned_surface,2.0,2.0,25.818500518798828,0.5504398873081936,25.821779251098633,1.5345716610027011
unet_uniform_only,fixed_dwell,20.0,uniform,0.3,7,Porous_Sponge,2.0,2.0,23.83847427368164,0.49422165164521126,23.832033157348633,1.5253349889972014
unet_uniform_only,fixed_dwell,20.0,uniform,0.3,8,Powder,2.0,2.0,18.456375122070312,0.3334933403655127,18.514997482299805,1.4199447659921134
unet_uniform_only,fixed_dwell,20.0,uniform,0.3,9,Tips,2.0,2.0,29.994543075561523,0.8972284617490054,30.007373809814453,1.5301015809964156
unet_uniform_only,fixed_dwell,20.0,uniform,0.3,10,Biological,2.0,2.0,26.978912353515625,0.40501914967557817,26.967247009277344,1.4329408379999222
unet_uniform_only,fixed_dwell,20.0,uniform,0.3,11,Fibres,2.0,2.0,26.8653564453125,0.6901684631449582,26.814620971679688,1.5092415529943537
unet_uniform_only,fixed_dwell,20.0,uniform,0.3,12,Films_Coated_Surface,2.0,2.0,26.24279022216797,0.45731000675017436,26.320955276489258,1.4393971569952555
unet_uniform_only,fixed_dwell,20.0,uniform,0.3,13,MEMS_devices_and_electrodes,2.0,2.0,25.176681518554688,0.314890496544683,25.25466537475586,1.4317351190111367
unet_uniform_only,fixed_dwell,20.0,uniform,0.3,14,Nanowires,2.0,2.0,13.128212928771973,0.3394097611049604,13.4130859375,1.5168776600039564
unet_uniform_only,fixed_dwell,20.0,uniform,0.3,15,Particles,2.0,2.0,38.59867477416992,0.9211298757747777,38.68513488769531,1.5103647309879307
unet_uniform_only,fixed_dwell,20.0,uniform,0.3,16,Patterned_surface,2.0,2.0,20.23755645751953,0.5460122187326621,20.333580017089844,1.4982950480043655
unet_uniform_only,fixed_dwell,20.0,uniform,0.3,17,Porous_Sponge,2.0,2.0,15.156526565551758,0.4083124028723469,15.185062408447266,1.5055546539952047
unet_uniform_only,fixed_dwell,20.0,uniform,0.3,18,Powder,2.0,2.0,20.686147689819336,0.5059877215577395,20.669076919555664,1.5292692430084571
unet_uniform_only,fixed_dwell,20.0,uniform,0.3,19,Tips,2.0,2.0,25.215362548828125,0.7846904514644312,25.29850959777832,1.4234339949907735
unet_uniform_only,fixed_dwell,20.0,uniform,0.3,20,Biological,2.0,2.0,24.85722541809082,0.5964866355800141,24.85826301574707,1.5479433830041671
unet_uniform_only,fixed_dwell,20.0,uniform,0.3,21,Fibres,2.0,2.0,23.75014877319336,0.6822301865629079,23.732736587524414,1.5389624480012571
unet_uniform_only,fixed_dwell,20.0,uniform,0.3,22,Films_Coated_Surface,2.0,2.0,13.552593231201172,0.4172471223405698,13.646284103393555,1.4746828700008336
unet_uniform_only,fixed_dwell,20.0,uniform,0.3,23,MEMS_devices_and_electrodes,2.0,2.0,25.41525650024414,0.3700527958947873,25.41336441040039,1.5231712810054887
unet_uniform_only,fixed_dwell,20.0,uniform,0.3,24,Nanowires,2.0,2.0,13.38178539276123,0.25844397744065567,13.63166332244873,1.456520466002985
unet_uniform_only,fixed_dwell,20.0,uniform,0.3,25,Particles,2.0,2.0,32.10170364379883,0.6440012003397045,32.090919494628906,1.6361522110091755
unet_uniform_only,fixed_dwell,20.0,uniform,0.3,26,Patterned_surface,2.0,2.0,18.849937438964844,0.3408931670843379,19.067882537841797,1.5734034329943825
unet_uniform_only,fixed_dwell,20.0,uniform,0.3,27,Porous_Sponge,2.0,2.0,23.872764587402344,0.34755597115322373,23.856163024902344,1.6300389370007906
unet_uniform_only,fixed_dwell,20.0,uniform,0.3,28,Powder,2.0,2.0,23.633317947387695,0.620118183155335,23.6197509765625,1.4843713129957905
unet_uniform_only,fixed_dwell,20.0,uniform,0.3,29,Tips,2.0,2.0,36.96266555786133,0.9696594238610426,36.99979782104492,1.5148767010105075
unet_uniform_only,fixed_dwell,20.0,partial_raster,0.1,0,Biological,0.0,2.0,20.875263214111328,0.2437056227614269,20.8242244720459,1.6795598049939144
unet_uniform_only,fixed_dwell,20.0,partial_raster,0.1,1,Fibres,0.0,2.0,19.12494468688965,0.30351261730559553,18.929269790649414,1.6710290080081904
unet_uniform_only,fixed_dwell,20.0,partial_raster,0.1,2,Films_Coated_Surface,0.0,2.0,21.822376251220703,0.2864746867692616,21.733428955078125,1.6899659680057084
unet_uniform_only,fixed_dwell,20.0,partial_raster,0.1,3,MEMS_devices_and_electrodes,0.0,2.0,22.74533462524414,0.25863335260118175,22.575769424438477,1.5822587760048918
unet_uniform_only,fixed_dwell,20.0,partial_raster,0.1,4,Nanowires,0.0,2.0,15.762005805969238,0.36512599384090033,15.382152557373047,1.6206002840044675
unet_uniform_only,fixed_dwell,20.0,partial_raster,0.1,5,Particles,0.0,2.0,16.30193519592285,0.2142876215416304,16.002836227416992,1.6606558009953005
unet_uniform_only,fixed_dwell,20.0,partial_raster,0.1,6,Patterned_surface,0.0,2.0,21.786157608032227,0.38927114826494413,21.590566635131836,1.672372910004924
unet_uniform_only,fixed_dwell,20.0,partial_raster,0.1,7,Porous_Sponge,0.0,2.0,20.73463249206543,0.3532272645945153,20.567516326904297,1.950124262002646
unet_uniform_only,fixed_dwell,20.0,partial_raster,0.1,8,Powder,0.0,2.0,17.380449295043945,0.2847780722248076,17.130605697631836,1.6765585219982313
unet_uniform_only,fixed_dwell,20.0,partial_raster,0.1,9,Tips,0.0,2.0,30.020801544189453,0.806092383546188,30.302814483642578,1.6021141020028153
unet_uniform_only,fixed_dwell,20.0,partial_raster,0.1,10,Biological,0.0,2.0,22.23263931274414,0.2246598779877467,22.306196212768555,1.5784318609948969
unet_uniform_only,fixed_dwell,20.0,partial_raster,0.1,11,Fibres,0.0,2.0,22.851898193359375,0.4129327771299483,22.761398315429688,1.6002047619986115
unet_uniform_only,fixed_dwell,20.0,partial_raster,0.1,12,Films_Coated_Surface,0.0,2.0,23.405332565307617,0.31170784781002225,23.310930252075195,1.646689103989047
unet_uniform_only,fixed_dwell,20.0,partial_raster,0.1,13,MEMS_devices_and_electrodes,0.0,2.0,24.270837783813477,0.3209908431641124,24.095760345458984,1.6459375949925743
unet_uniform_only,fixed_dwell,20.0,partial_raster,0.1,14,Nanowires,0.0,2.0,12.374396324157715,0.2373929285222168,11.998080253601074,1.5479211720085004
unet_uniform_only,fixed_dwell,20.0,partial_raster,0.1,15,Particles,0.0,2.0,24.601806640625,0.2846182610043961,25.011463165283203,1.615926580998348
unet_uniform_only,fixed_dwell,20.0,partial_raster,0.1,16,Patterned_surface,0.0,2.0,18.022193908691406,0.2551969756517835,17.83845329284668,1.7578289630037034
unet_uniform_only,fixed_dwell,20.0,partial_raster,0.1,17,Porous_Sponge,0.0,2.0,13.349228858947754,0.3015140080678166,12.986867904663086,1.658609025995247
unet_uniform_only,fixed_dwell,20.0,partial_raster,0.1,18,Powder,0.0,2.0,18.358047485351562,0.377026421235332,18.125221252441406,1.5873734110064106
unet_uniform_only,fixed_dwell,20.0,partial_raster,0.1,19,Tips,0.0,2.0,23.6103515625,0.7204360322976856,23.531206130981445,1.6400407280016225
unet_uniform_only,fixed_dwell,20.0,partial_raster,0.1,20,Biological,0.0,2.0,22.248554229736328,0.46836691945116643,22.15148162841797,1.6366267949924804
unet_uniform_only,fixed_dwell,20.0,partial_raster,0.1,21,Fibres,0.0,2.0,18.386642456054688,0.24760847403699146,18.197147369384766,1.5736546580010327
unet_uniform_only,fixed_dwell,20.0,partial_raster,0.1,22,Films_Coated_Surface,0.0,2.0,12.023670196533203,0.24638947390587526,11.65826416015625,1.5488663879950764
unet_uniform_only,fixed_dwell,20.0,partial_raster,0.1,23,MEMS_devices_and_electrodes,0.0,2.0,24.787059783935547,0.3821027384844904,24.659198760986328,1.7233358530065743
unet_uniform_only,fixed_dwell,20.0,partial_raster,0.1,24,Nanowires,0.0,2.0,12.296818733215332,0.15059360413265319,11.951971054077148,1.7020400239998708
unet_uniform_only,fixed_dwell,20.0,partial_raster,0.1,25,Particles,0.0,2.0,29.994861602783203,0.5498953538968815,30.13655662536621,1.5874912489962298
unet_uniform_only,fixed_dwell,20.0,partial_raster,0.1,26,Patterned_surface,0.0,2.0,16.827587127685547,0.19623253879582092,16.59046745300293,1.611086624005111
unet_uniform_only,fixed_dwell,20.0,partial_raster,0.1,27,Porous_Sponge,0.0,2.0,19.83650016784668,0.225994650618045,19.804513931274414,1.5814854460040806
unet_uniform_only,fixed_dwell,20.0,partial_raster,0.1,28,Powder,0.0,2.0,20.507095336914062,0.4388603060898194,20.309572219848633,1.5379060440027388
unet_uniform_only,fixed_dwell,20.0,partial_raster,0.1,29,Tips,0.0,2.0,35.71501159667969,0.9469560547325112,35.79176712036133,1.5619676469941624
unet_uniform_only,fixed_dwell,20.0,partial_raster,0.1,0,Biological,0.5,2.0,20.875263214111328,0.2437056227614269,20.8242244720459,1.6047778650099644
unet_uniform_only,fixed_dwell,20.0,partial_raster,0.1,1,Fibres,0.5,2.0,19.12494468688965,0.30351261730559553,18.929269790649414,1.6018446699890774
unet_uniform_only,fixed_dwell,20.0,partial_raster,0.1,2,Films_Coated_Surface,0.5,2.0,21.822376251220703,0.2864746867692616,21.733428955078125,1.7150991170055931
unet_uniform_only,fixed_dwell,20.0,partial_raster,0.1,3,MEMS_devices_and_electrodes,0.5,2.0,22.74533462524414,0.25863335260118175,22.575769424438477,1.669226433004951
unet_uniform_only,fixed_dwell,20.0,partial_raster,0.1,4,Nanowires,0.5,2.0,15.762005805969238,0.36512599384090033,15.382152557373047,1.730449871000019
unet_uniform_only,fixed_dwell,20.0,partial_raster,0.1,5,Particles,0.5,2.0,16.30193519592285,0.2142876215416304,16.002836227416992,1.636200765002286
unet_uniform_only,fixed_dwell,20.0,partial_raster,0.1,6,Patterned_surface,0.5,2.0,21.786157608032227,0.38927114826494413,21.590566635131836,1.6261041029938497
unet_uniform_only,fixed_dwell,20.0,partial_raster,0.1,7,Porous_Sponge,0.5,2.0,20.73463249206543,0.3532272645945153,20.567516326904297,1.6700448240007972
unet_uniform_only,fixed_dwell,20.0,partial_raster,0.1,8,Powder,0.5,2.0,17.380449295043945,0.2847780722248076,17.130605697631836,1.6625084090046585
unet_uniform_only,fixed_dwell,20.0,partial_raster,0.1,9,Tips,0.5,2.0,30.020801544189453,0.806092383546188,30.302814483642578,1.6648393710056553
unet_uniform_only,fixed_dwell,20.0,partial_raster,0.1,10,Biological,0.5,2.0,22.23263931274414,0.2246598779877467,22.306196212768555,1.6080188420019113
unet_uniform_only,fixed_dwell,20.0,partial_raster,0.1,11,Fibres,0.5,2.0,22.851898193359375,0.4129327771299483,22.761398315429688,1.7056908849917818
unet_uniform_only,fixed_dwell,20.0,partial_raster,0.1,12,Films_Coated_Surface,0.5,2.0,23.405332565307617,0.31170784781002225,23.310930252075195,1.7418043420038885
unet_uniform_only,fixed_dwell,20.0,partial_raster,0.1,13,MEMS_devices_and_electrodes,0.5,2.0,24.270837783813477,0.3209908431641124,24.095760345458984,1.6489892640092876
unet_uniform_only,fixed_dwell,20.0,partial_raster,0.1,14,Nanowires,0.5,2.0,12.374396324157715,0.2373929285222168,11.998080253601074,1.7566505699942354
unet_uniform_only,fixed_dwell,20.0,partial_raster,0.1,15,Particles,0.5,2.0,24.601806640625,0.2846182610043961,25.011463165283203,1.631307976989774
unet_uniform_only,fixed_dwell,20.0,partial_raster,0.1,16,Patterned_surface,0.5,2.0,18.022193908691406,0.2551969756517835,17.83845329284668,1.721138131004409
unet_uniform_only,fixed_dwell,20.0,partial_raster,0.1,17,Porous_Sponge,0.5,2.0,13.349228858947754,0.3015140080678166,12.986867904663086,1.6869493700069143
unet_uniform_only,fixed_dwell,20.0,partial_raster,0.1,18,Powder,0.5,2.0,18.358047485351562,0.377026421235332,18.125221252441406,1.6426353270071559
unet_uniform_only,fixed_dwell,20.0,partial_raster,0.1,19,Tips,0.5,2.0,23.6103515625,0.7204360322976856,23.531206130981445,1.726774087001104
unet_uniform_only,fixed_dwell,20.0,partial_raster,0.1,20,Biological,0.5,2.0,22.248554229736328,0.46836691945116643,22.15148162841797,1.6881482079916168
unet_uniform_only,fixed_dwell,20.0,partial_raster,0.1,21,Fibres,0.5,2.0,18.386642456054688,0.24760847403699146,18.197147369384766,1.6050348529970506
unet_uniform_only,fixed_dwell,20.0,partial_raster,0.1,22,Films_Coated_Surface,0.5,2.0,12.023670196533203,0.24638947390587526,11.65826416015625,1.7003785489941947
unet_uniform_only,fixed_dwell,20.0,partial_raster,0.1,23,MEMS_devices_and_electrodes,0.5,2.0,24.787059783935547,0.3821027384844904,24.659198760986328,1.736204651009757
unet_uniform_only,fixed_dwell,20.0,partial_raster,0.1,24,Nanowires,0.5,2.0,12.296818733215332,0.15059360413265319,11.951971054077148,1.6915963450010167
unet_uniform_only,fixed_dwell,20.0,partial_raster,0.1,25,Particles,0.5,2.0,29.994861602783203,0.5498953538968815,30.13655662536621,1.5793850230111275
unet_uniform_only,fixed_dwell,20.0,partial_raster,0.1,26,Patterned_surface,0.5,2.0,16.827587127685547,0.19623253879582092,16.59046745300293,1.7596287050109822
unet_uniform_only,fixed_dwell,20.0,partial_raster,0.1,27,Porous_Sponge,0.5,2.0,19.83650016784668,0.225994650618045,19.804513931274414,1.67104792399914
unet_uniform_only,fixed_dwell,20.0,partial_raster,0.1,28,Powder,0.5,2.0,20.507095336914062,0.4388603060898194,20.309572219848633,1.6236788399983197
unet_uniform_only,fixed_dwell,20.0,partial_raster,0.1,29,Tips,0.5,2.0,35.71501159667969,0.9469560547325112,35.79176712036133,1.6619797139865113
unet_uniform_only,fixed_dwell,20.0,partial_raster,0.1,0,Biological,1.0,2.0,20.875263214111328,0.2437056227614269,20.8242244720459,1.639525295002386
unet_uniform_only,fixed_dwell,20.0,partial_raster,0.1,1,Fibres,1.0,2.0,19.12494468688965,0.30351261730559553,18.929269790649414,1.5841847830015467
unet_uniform_only,fixed_dwell,20.0,partial_raster,0.1,2,Films_Coated_Surface,1.0,2.0,21.822376251220703,0.2864746867692616,21.733428955078125,1.681180993997259
unet_uniform_only,fixed_dwell,20.0,partial_raster,0.1,3,MEMS_devices_and_electrodes,1.0,2.0,22.74533462524414,0.25863335260118175,22.575769424438477,1.7427306329918792
unet_uniform_only,fixed_dwell,20.0,partial_raster,0.1,4,Nanowires,1.0,2.0,15.762005805969238,0.36512599384090033,15.382152557373047,1.6251403039932484
unet_uniform_only,fixed_dwell,20.0,partial_raster,0.1,5,Particles,1.0,2.0,16.30193519592285,0.2142876215416304,16.002836227416992,1.643688315001782
unet_uniform_only,fixed_dwell,20.0,partial_raster,0.1,6,Patterned_surface,1.0,2.0,21.786157608032227,0.38927114826494413,21.590566635131836,1.7303125570033444
unet_uniform_only,fixed_dwell,20.0,partial_raster,0.1,7,Porous_Sponge,1.0,2.0,20.73463249206543,0.3532272645945153,20.567516326904297,1.6194829090090934
unet_uniform_only,fixed_dwell,20.0,partial_raster,0.1,8,Powder,1.0,2.0,17.380449295043945,0.2847780722248076,17.130605697631836,1.655264442000771
unet_uniform_only,fixed_dwell,20.0,partial_raster,0.1,9,Tips,1.0,2.0,30.020801544189453,0.806092383546188,30.302814483642578,1.6867926330014598
unet_uniform_only,fixed_dwell,20.0,partial_raster,0.1,10,Biological,1.0,2.0,22.23263931274414,0.2246598779877467,22.306196212768555,1.5816309939982602
unet_uniform_only,fixed_dwell,20.0,partial_raster,0.1,11,Fibres,1.0,2.0,22.851898193359375,0.4129327771299483,22.761398315429688,1.6004371739982162
unet_uniform_only,fixed_dwell,20.0,partial_raster,0.1,12,Films_Coated_Surface,1.0,2.0,23.405332565307617,0.31170784781002225,23.310930252075195,1.7014647320029326
unet_uniform_only,fixed_dwell,20.0,partial_raster,0.1,13,MEMS_devices_and_electrodes,1.0,2.0,24.270837783813477,0.3209908431641124,24.095760345458984,1.6676436599955196
unet_uniform_only,fixed_dwell,20.0,partial_raster,0.1,14,Nanowires,1.0,2.0,12.374396324157715,0.2373929285222168,11.998080253601074,1.716736590009532
unet_uniform_only,fixed_dwell,20.0,partial_raster,0.1,15,Particles,1.0,2.0,24.601806640625,0.2846182610043961,25.011463165283203,1.8199587359995348
unet_uniform_only,fixed_dwell,20.0,partial_raster,0.1,16,Patterned_surface,1.0,2.0,18.022193908691406,0.2551969756517835,17.83845329284668,1.6846976859960705
unet_uniform_only,fixed_dwell,20.0,partial_raster,0.1,17,Porous_Sponge,1.0,2.0,13.349228858947754,0.3015140080678166,12.986867904663086,1.6189505479997024
unet_uniform_only,fixed_dwell,20.0,partial_raster,0.1,18,Powder,1.0,2.0,18.358047485351562,0.377026421235332,18.125221252441406,1.5885331470053643
unet_uniform_only,fixed_dwell,20.0,partial_raster,0.1,19,Tips,1.0,2.0,23.6103515625,0.7204360322976856,23.531206130981445,1.631623107008636
unet_uniform_only,fixed_dwell,20.0,partial_raster,0.1,20,Biological,1.0,2.0,22.248554229736328,0.46836691945116643,22.15148162841797,1.5800260239921045
unet_uniform_only,fixed_dwell,20.0,partial_raster,0.1,21,Fibres,1.0,2.0,18.386642456054688,0.24760847403699146,18.197147369384766,1.5317299619928235
unet_uniform_only,fixed_dwell,20.0,partial_raster,0.1,22,Films_Coated_Surface,1.0,2.0,12.023670196533203,0.24638947390587526,11.65826416015625,1.7446451209980296
unet_uniform_only,fixed_dwell,20.0,partial_raster,0.1,23,MEMS_devices_and_electrodes,1.0,2.0,24.787059783935547,0.3821027384844904,24.659198760986328,1.6023228889971506
unet_uniform_only,fixed_dwell,20.0,partial_raster,0.1,24,Nanowires,1.0,2.0,12.296818733215332,0.15059360413265319,11.951971054077148,1.5927116649982054
unet_uniform_only,fixed_dwell,20.0,partial_raster,0.1,25,Particles,1.0,2.0,29.994861602783203,0.5498953538968815,30.13655662536621,1.6171736600081204
unet_uniform_only,fixed_dwell,20.0,partial_raster,0.1,26,Patterned_surface,1.0,2.0,16.827587127685547,0.19623253879582092,16.59046745300293,1.6295458560052793
unet_uniform_only,fixed_dwell,20.0,partial_raster,0.1,27,Porous_Sponge,1.0,2.0,19.83650016784668,0.225994650618045,19.804513931274414,1.6606689690088388
unet_uniform_only,fixed_dwell,20.0,partial_raster,0.1,28,Powder,1.0,2.0,20.507095336914062,0.4388603060898194,20.309572219848633,1.5547078899980988
unet_uniform_only,fixed_dwell,20.0,partial_raster,0.1,29,Tips,1.0,2.0,35.71501159667969,0.9469560547325112,35.79176712036133,1.7214685780054424
unet_uniform_only,fixed_dwell,20.0,partial_raster,0.1,0,Biological,2.0,2.0,20.875263214111328,0.2437056227614269,20.8242244720459,1.523287336996873
unet_uniform_only,fixed_dwell,20.0,partial_raster,0.1,1,Fibres,2.0,2.0,19.12494468688965,0.30351261730559553,18.929269790649414,1.5573843020101776
unet_uniform_only,fixed_dwell,20.0,partial_raster,0.1,2,Films_Coated_Surface,2.0,2.0,21.822376251220703,0.2864746867692616,21.733428955078125,1.6057199819915695
unet_uniform_only,fixed_dwell,20.0,partial_raster,0.1,3,MEMS_devices_and_electrodes,2.0,2.0,22.74533462524414,0.25863335260118175,22.575769424438477,1.5333198240114143
unet_uniform_only,fixed_dwell,20.0,partial_raster,0.1,4,Nanowires,2.0,2.0,15.762005805969238,0.36512599384090033,15.382152557373047,1.666012925998075
unet_uniform_only,fixed_dwell,20.0,partial_raster,0.1,5,Particles,2.0,2.0,16.30193519592285,0.2142876215416304,16.002836227416992,1.5922849210037384
unet_uniform_only,fixed_dwell,20.0,partial_raster,0.1,6,Patterned_surface,2.0,2.0,21.786157608032227,0.38927114826494413,21.590566635131836,1.6000596470112214
unet_uniform_only,fixed_dwell,20.0,partial_raster,0.1,7,Porous_Sponge,2.0,2.0,20.73463249206543,0.3532272645945153,20.567516326904297,1.5993750830093632
unet_uniform_only,fixed_dwell,20.0,partial_raster,0.1,8,Powder,2.0,2.0,17.380449295043945,0.2847780722248076,17.130605697631836,1.6580681659979746
unet_uniform_only,fixed_dwell,20.0,partial_raster,0.1,9,Tips,2.0,2.0,30.020801544189453,0.806092383546188,30.302814483642578,1.7677246300008846
unet_uniform_only,fixed_dwell,20.0,partial_raster,0.1,10,Biological,2.0,2.0,22.23263931274414,0.2246598779877467,22.306196212768555,2.5452676319982857
unet_uniform_only,fixed_dwell,20.0,partial_raster,0.1,11,Fibres,2.0,2.0,22.851898193359375,0.4129327771299483,22.761398315429688,2.7751976080035092
unet_uniform_only,fixed_dwell,20.0,partial_raster,0.1,12,Films_Coated_Surface,2.0,2.0,23.405332565307617,0.31170784781002225,23.310930252075195,3.4373533689940814
unet_uniform_only,fixed_dwell,20.0,partial_raster,0.1,13,MEMS_devices_and_electrodes,2.0,2.0,24.270837783813477,0.3209908431641124,24.095760345458984,3.204991163001978
unet_uniform_only,fixed_dwell,20.0,partial_raster,0.1,14,Nanowires,2.0,2.0,12.374396324157715,0.2373929285222168,11.998080253601074,2.9333580310049
unet_uniform_only,fixed_dwell,20.0,partial_raster,0.1,15,Particles,2.0,2.0,24.601806640625,0.2846182610043961,25.011463165283203,2.3436566809978103
unet_uniform_only,fixed_dwell,20.0,partial_raster,0.1,16,Patterned_surface,2.0,2.0,18.022193908691406,0.2551969756517835,17.83845329284668,1.8989401449944125
unet_uniform_only,fixed_dwell,20.0,partial_raster,0.1,17,Porous_Sponge,2.0,2.0,13.349228858947754,0.3015140080678166,12.986867904663086,1.8652506299986271
unet_uniform_only,fixed_dwell,20.0,partial_raster,0.1,18,Powder,2.0,2.0,18.358047485351562,0.377026421235332,18.125221252441406,1.9031430019967956
unet_uniform_only,fixed_dwell,20.0,partial_raster,0.1,19,Tips,2.0,2.0,23.6103515625,0.7204360322976856,23.531206130981445,1.980511922010919
unet_uniform_only,fixed_dwell,20.0,partial_raster,0.1,20,Biological,2.0,2.0,22.248554229736328,0.46836691945116643,22.15148162841797,1.8639240019983845
unet_uniform_only,fixed_dwell,20.0,partial_raster,0.1,21,Fibres,2.0,2.0,18.386642456054688,0.24760847403699146,18.197147369384766,2.189818714003195
unet_uniform_only,fixed_dwell,20.0,partial_raster,0.1,22,Films_Coated_Surface,2.0,2.0,12.023670196533203,0.24638947390587526,11.65826416015625,2.381563984003151
unet_uniform_only,fixed_dwell,20.0,partial_raster,0.1,23,MEMS_devices_and_electrodes,2.0,2.0,24.787059783935547,0.3821027384844904,24.659198760986328,1.764433835996897
unet_uniform_only,fixed_dwell,20.0,partial_raster,0.1,24,Nanowires,2.0,2.0,12.296818733215332,0.15059360413265319,11.951971054077148,1.803260993998265
unet_uniform_only,fixed_dwell,20.0,partial_raster,0.1,25,Particles,2.0,2.0,29.994861602783203,0.5498953538968815,30.13655662536621,1.7596378599992022
unet_uniform_only,fixed_dwell,20.0,partial_raster,0.1,26,Patterned_surface,2.0,2.0,16.827587127685547,0.19623253879582092,16.59046745300293,1.833927322004456
unet_uniform_only,fixed_dwell,20.0,partial_raster,0.1,27,Porous_Sponge,2.0,2.0,19.83650016784668,0.225994650618045,19.804513931274414,1.7299147390003782
unet_uniform_only,fixed_dwell,20.0,partial_raster,0.1,28,Powder,2.0,2.0,20.507095336914062,0.4388603060898194,20.309572219848633,1.8582746390020475
unet_uniform_only,fixed_dwell,20.0,partial_raster,0.1,29,Tips,2.0,2.0,35.71501159667969,0.9469560547325112,35.79176712036133,1.7452762920001987
unet_uniform_only,fixed_dwell,20.0,partial_raster,0.3,0,Biological,0.0,2.0,23.812965393066406,0.4497747665905773,23.798171997070312,1.8099343640060397
unet_uniform_only,fixed_dwell,20.0,partial_raster,0.3,1,Fibres,0.0,2.0,23.646106719970703,0.6420932749176385,23.36263656616211,1.702389429003233
unet_uniform_only,fixed_dwell,20.0,partial_raster,0.3,2,Films_Coated_Surface,0.0,2.0,25.024810791015625,0.47049127323423545,24.865924835205078,1.6815334249986336
unet_uniform_only,fixed_dwell,20.0,partial_raster,0.3,3,MEMS_devices_and_electrodes,0.0,2.0,24.997013092041016,0.37809731604381913,24.59507179260254,1.9171993820054922
unet_uniform_only,fixed_dwell,20.0,partial_raster,0.3,4,Nanowires,0.0,2.0,20.07419776916504,0.7194876974350554,19.06697654724121,1.7795095440087607
unet_uniform_only,fixed_dwell,20.0,partial_raster,0.3,5,Particles,0.0,2.0,18.543624877929688,0.4480462641832982,17.793415069580078,1.7342408839904238
unet_uniform_only,fixed_dwell,20.0,partial_raster,0.3,6,Patterned_surface,0.0,2.0,25.505189895629883,0.5492988249374227,25.482215881347656,1.6948324330005562
unet_uniform_only,fixed_dwell,20.0,partial_raster,0.3,7,Porous_Sponge,0.0,2.0,23.887378692626953,0.5337130830611159,23.7308349609375,1.726191370995366
unet_uniform_only,fixed_dwell,20.0,partial_raster,0.3,8,Powder,0.0,2.0,19.27335548400879,0.4350453818263583,18.68324089050293,1.6828448409942212
unet_uniform_only,fixed_dwell,20.0,partial_raster,0.3,9,Tips,0.0,2.0,33.13222122192383,0.8991776116313539,33.12101364135742,1.6277449210028863
unet_uniform_only,fixed_dwell,20.0,partial_raster,0.3,10,Biological,0.0,2.0,25.597858428955078,0.40655825370257315,25.76740074157715,1.7615604360034922
unet_uniform_only,fixed_dwell,20.0,partial_raster,0.3,11,Fibres,0.0,2.0,27.865863800048828,0.6676855804673779,27.862226486206055,1.885283695999533
unet_uniform_only,fixed_dwell,20.0,partial_raster,0.3,12,Films_Coated_Surface,0.0,2.0,25.68240737915039,0.48245810772033004,25.676895141601562,1.8640823500027182
unet_uniform_only,fixed_dwell,20.0,partial_raster,0.3,13,MEMS_devices_and_electrodes,0.0,2.0,25.73979949951172,0.3948154910744647,25.339004516601562,1.7746812169934856
unet_uniform_only,fixed_dwell,20.0,partial_raster,0.3,14,Nanowires,0.0,2.0,15.162009239196777,0.5985751342938749,14.064030647277832,1.6542599989916198
unet_uniform_only,fixed_dwell,20.0,partial_raster,0.3,15,Particles,0.0,2.0,31.83485221862793,0.6791111460700577,32.66592788696289,1.6328735490096733
unet_uniform_only,fixed_dwell,20.0,partial_raster,0.3,16,Patterned_surface,0.0,2.0,21.866535186767578,0.6311832503668655,21.486787796020508,2.896250855003018
unet_uniform_only,fixed_dwell,20.0,partial_raster,0.3,17,Porous_Sponge,0.0,2.0,18.01759910583496,0.5936248004666901,17.1612548828125,2.543490612995811
unet_uniform_only,fixed_dwell,20.0,partial_raster,0.3,18,Powder,0.0,2.0,22.154380798339844,0.6180344541276159,21.916954040527344,2.1809677429992007
unet_uniform_only,fixed_dwell,20.0,partial_raster,0.3,19,Tips,0.0,2.0,26.36296844482422,0.7973479616871598,26.39122200012207,1.8566528039955301
unet_uniform_only,fixed_dwell,20.0,partial_raster,0.3,20,Biological,0.0,2.0,25.907583236694336,0.6036302344486962,25.834335327148438,1.8835753589955857
unet_uniform_only,fixed_dwell,20.0,partial_raster,0.3,21,Fibres,0.0,2.0,23.9564151763916,0.6741080164762382,23.770965576171875,2.3278429850033717
unet_uniform_only,fixed_dwell,20.0,partial_raster,0.3,22,Films_Coated_Surface,0.0,2.0,15.731087684631348,0.608752921556032,14.78764533996582,3.854397634000634
unet_uniform_only,fixed_dwell,20.0,partial_raster,0.3,23,MEMS_devices_and_electrodes,0.0,2.0,26.031492233276367,0.4124597448983524,25.762998580932617,2.3263247209979454
unet_uniform_only,fixed_dwell,20.0,partial_raster,0.3,24,Nanowires,0.0,2.0,13.508295059204102,0.38506983975529246,12.40294361114502,1.9969523570034653
unet_uniform_only,fixed_dwell,20.0,partial_raster,0.3,25,Particles,0.0,2.0,32.4929313659668,0.654752485645064,32.37993240356445,1.8489809279999463
unet_uniform_only,fixed_dwell,20.0,partial_raster,0.3,26,Patterned_surface,0.0,2.0,19.174476623535156,0.409922062829499,18.6943416595459,2.038461282994831
unet_uniform_only,fixed_dwell,20.0,partial_raster,0.3,27,Porous_Sponge,0.0,2.0,22.853416442871094,0.3619442283706496,22.92546272277832,1.780455656000413
unet_uniform_only,fixed_dwell,20.0,partial_raster,0.3,28,Powder,0.0,2.0,24.46251678466797,0.6712317057869027,24.3917293548584,1.825407696000184
unet_uniform_only,fixed_dwell,20.0,partial_raster,0.3,29,Tips,0.0,2.0,39.24811553955078,0.9575863293405836,39.628108978271484,1.7284091009933036
unet_uniform_only,fixed_dwell,20.0,partial_raster,0.3,0,Biological,0.5,2.0,23.812965393066406,0.4497747665905773,23.798171997070312,1.7293840279889992
unet_uniform_only,fixed_dwell,20.0,partial_raster,0.3,1,Fibres,0.5,2.0,23.646106719970703,0.6420932749176385,23.36263656616211,1.7523341439955402
unet_uniform_only,fixed_dwell,20.0,partial_raster,0.3,2,Films_Coated_Surface,0.5,2.0,25.024810791015625,0.47049127323423545,24.865924835205078,1.7427886399964336
unet_uniform_only,fixed_dwell,20.0,partial_raster,0.3,3,MEMS_devices_and_electrodes,0.5,2.0,24.997013092041016,0.37809731604381913,24.59507179260254,1.8290804370044498
unet_uniform_only,fixed_dwell,20.0,partial_raster,0.3,4,Nanowires,0.5,2.0,20.07419776916504,0.7194876974350554,19.06697654724121,1.7479869980015792
unet_uniform_only,fixed_dwell,20.0,partial_raster,0.3,5,Particles,0.5,2.0,18.543624877929688,0.4480462641832982,17.793415069580078,1.8507284330116818
unet_uniform_only,fixed_dwell,20.0,partial_raster,0.3,6,Patterned_surface,0.5,2.0,25.505189895629883,0.5492988249374227,25.482215881347656,1.904952424010844
unet_uniform_only,fixed_dwell,20.0,partial_raster,0.3,7,Porous_Sponge,0.5,2.0,23.887378692626953,0.5337130830611159,23.7308349609375,1.7823568710009567
unet_uniform_only,fixed_dwell,20.0,partial_raster,0.3,8,Powder,0.5,2.0,19.27335548400879,0.4350453818263583,18.68324089050293,1.7577713369973935
unet_uniform_only,fixed_dwell,20.0,partial_raster,0.3,9,Tips,0.5,2.0,33.13222122192383,0.8991776116313539,33.12101364135742,1.8677666539879283
unet_uniform_only,fixed_dwell,20.0,partial_raster,0.3,10,Biological,0.5,2.0,25.597858428955078,0.40655825370257315,25.76740074157715,1.8244099830044433
unet_uniform_only,fixed_dwell,20.0,partial_raster,0.3,11,Fibres,0.5,2.0,27.865863800048828,0.6676855804673779,27.862226486206055,1.7679446209949674
unet_uniform_only,fixed_dwell,20.0,partial_raster,0.3,12,Films_Coated_Surface,0.5,2.0,25.68240737915039,0.48245810772033004,25.676895141601562,1.714279127001646
unet_uniform_only,fixed_dwell,20.0,partial_raster,0.3,13,MEMS_devices_and_electrodes,0.5,2.0,25.73979949951172,0.3948154910744647,25.339004516601562,1.7026719560089987
unet_uniform_only,fixed_dwell,20.0,partial_raster,0.3,14,Nanowires,0.5,2.0,15.162009239196777,0.5985751342938749,14.064030647277832,1.8488067080033943
unet_uniform_only,fixed_dwell,20.0,partial_raster,0.3,15,Particles,0.5,2.0,31.83485221862793,0.6791111460700577,32.66592788696289,1.8811142190097598
unet_uniform_only,fixed_dwell,20.0,partial_raster,0.3,16,Patterned_surface,0.5,2.0,21.866535186767578,0.6311832503668655,21.486787796020508,1.8492990160011686
unet_uniform_only,fixed_dwell,20.0,partial_raster,0.3,17,Porous_Sponge,0.5,2.0,18.01759910583496,0.5936248004666901,17.1612548828125,1.8654959340055939
unet_uniform_only,fixed_dwell,20.0,partial_raster,0.3,18,Powder,0.5,2.0,22.154380798339844,0.6180344541276159,21.916954040527344,1.8001564659934957
unet_uniform_only,fixed_dwell,20.0,partial_raster,0.3,19,Tips,0.5,2.0,26.36296844482422,0.7973479616871598,26.39122200012207,1.792172699002549
unet_uniform_only,fixed_dwell,20.0,partial_raster,0.3,20,Biological,0.5,2.0,25.907583236694336,0.6036302344486962,25.834335327148438,1.7697496920009144
unet_uniform_only,fixed_dwell,20.0,partial_raster,0.3,21,Fibres,0.5,2.0,23.9564151763916,0.6741080164762382,23.770965576171875,1.8351528929924825
unet_uniform_only,fixed_dwell,20.0,partial_raster,0.3,22,Films_Coated_Surface,0.5,2.0,15.731087684631348,0.608752921556032,14.78764533996582,1.8372592609957792
unet_uniform_only,fixed_dwell,20.0,partial_raster,0.3,23,MEMS_devices_and_electrodes,0.5,2.0,26.031492233276367,0.4124597448983524,25.762998580932617,1.8696039429923985
unet_uniform_only,fixed_dwell,20.0,partial_raster,0.3,24,Nanowires,0.5,2.0,13.508295059204102,0.38506983975529246,12.40294361114502,1.9284025589877274
unet_uniform_only,fixed_dwell,20.0,partial_raster,0.3,25,Particles,0.5,2.0,32.4929313659668,0.654752485645064,32.37993240356445,2.0245265160046984
unet_uniform_only,fixed_dwell,20.0,partial_raster,0.3,26,Patterned_surface,0.5,2.0,19.174476623535156,0.409922062829499,18.6943416595459,1.969071616011206
unet_uniform_only,fixed_dwell,20.0,partial_raster,0.3,27,Porous_Sponge,0.5,2.0,22.853416442871094,0.3619442283706496,22.92546272277832,1.7799614779942203
unet_uniform_only,fixed_dwell,20.0,partial_raster,0.3,28,Powder,0.5,2.0,24.46251678466797,0.6712317057869027,24.3917293548584,1.6133853429928422
unet_uniform_only,fixed_dwell,20.0,partial_raster,0.3,29,Tips,0.5,2.0,39.24811553955078,0.9575863293405836,39.628108978271484,1.7041462199995294
unet_uniform_only,fixed_dwell,20.0,partial_raster,0.3,0,Biological,1.0,2.0,23.812965393066406,0.4497747665905773,23.798171997070312,1.6291656179964775
unet_uniform_only,fixed_dwell,20.0,partial_raster,0.3,1,Fibres,1.0,2.0,23.646106719970703,0.6420932749176385,23.36263656616211,1.5757918239978608
unet_uniform_only,fixed_dwell,20.0,partial_raster,0.3,2,Films_Coated_Surface,1.0,2.0,25.024810791015625,0.47049127323423545,24.865924835205078,1.572971459987457
unet_uniform_only,fixed_dwell,20.0,partial_raster,0.3,3,MEMS_devices_and_electrodes,1.0,2.0,24.997013092041016,0.37809731604381913,24.59507179260254,1.7349611449899385
unet_uniform_only,fixed_dwell,20.0,partial_raster,0.3,4,Nanowires,1.0,2.0,20.07419776916504,0.7194876974350554,19.06697654724121,1.5374013010005
unet_uniform_only,fixed_dwell,20.0,partial_raster,0.3,5,Particles,1.0,2.0,18.543624877929688,0.4480462641832982,17.793415069580078,1.650324586997158
unet_uniform_only,fixed_dwell,20.0,partial_raster,0.3,6,Patterned_surface,1.0,2.0,25.505189895629883,0.5492988249374227,25.482215881347656,2.048413319993415
unet_uniform_only,fixed_dwell,20.0,partial_raster,0.3,7,Porous_Sponge,1.0,2.0,23.887378692626953,0.5337130830611159,23.7308349609375,1.889702008003951
unet_uniform_only,fixed_dwell,20.0,partial_raster,0.3,8,Powder,1.0,2.0,19.27335548400879,0.4350453818263583,18.68324089050293,1.8319251319917385
unet_uniform_only,fixed_dwell,20.0,partial_raster,0.3,9,Tips,1.0,2.0,33.13222122192383,0.8991776116313539,33.12101364135742,1.9281582339899614
unet_uniform_only,fixed_dwell,20.0,partial_raster,0.3,10,Biological,1.0,2.0,25.597858428955078,0.40655825370257315,25.76740074157715,1.6187193390069297
unet_uniform_only,fixed_dwell,20.0,partial_raster,0.3,11,Fibres,1.0,2.0,27.865863800048828,0.6676855804673779,27.862226486206055,1.8994841169915162
unet_uniform_only,fixed_dwell,20.0,partial_raster,0.3,12,Films_Coated_Surface,1.0,2.0,25.68240737915039,0.48245810772033004,25.676895141601562,1.6495334509963868
unet_uniform_only,fixed_dwell,20.0,partial_raster,0.3,13,MEMS_devices_and_electrodes,1.0,2.0,25.73979949951172,0.3948154910744647,25.339004516601562,1.7494440250011394
unet_uniform_only,fixed_dwell,20.0,partial_raster,0.3,14,Nanowires,1.0,2.0,15.162009239196777,0.5985751342938749,14.064030647277832,1.7841535150073469
unet_uniform_only,fixed_dwell,20.0,partial_raster,0.3,15,Particles,1.0,2.0,31.83485221862793,0.6791111460700577,32.66592788696289,1.79255203800858
unet_uniform_only,fixed_dwell,20.0,partial_raster,0.3,16,Patterned_surface,1.0,2.0,21.866535186767578,0.6311832503668655,21.486787796020508,1.9116335110011278
unet_uniform_only,fixed_dwell,20.0,partial_raster,0.3,17,Porous_Sponge,1.0,2.0,18.01759910583496,0.5936248004666901,17.1612548828125,1.8618591479898896
unet_uniform_only,fixed_dwell,20.0,partial_raster,0.3,18,Powder,1.0,2.0,22.154380798339844,0.6180344541276159,21.916954040527344,1.6939826360030565
unet_uniform_only,fixed_dwell,20.0,partial_raster,0.3,19,Tips,1.0,2.0,26.36296844482422,0.7973479616871598,26.39122200012207,1.6874323200026993
unet_uniform_only,fixed_dwell,20.0,partial_raster,0.3,20,Biological,1.0,2.0,25.907583236694336,0.6036302344486962,25.834335327148438,1.5514854119974189
unet_uniform_only,fixed_dwell,20.0,partial_raster,0.3,21,Fibres,1.0,2.0,23.9564151763916,0.6741080164762382,23.770965576171875,1.6667425729974639
unet_uniform_only,fixed_dwell,20.0,partial_raster,0.3,22,Films_Coated_Surface,1.0,2.0,15.731087684631348,0.608752921556032,14.78764533996582,1.7046344720001798
unet_uniform_only,fixed_dwell,20.0,partial_raster,0.3,23,MEMS_devices_and_electrodes,1.0,2.0,26.031492233276367,0.4124597448983524,25.762998580932617,1.6994611659902148
unet_uniform_only,fixed_dwell,20.0,partial_raster,0.3,24,Nanowires,1.0,2.0,13.508295059204102,0.38506983975529246,12.40294361114502,1.7621220630098833
unet_uniform_only,fixed_dwell,20.0,partial_raster,0.3,25,Particles,1.0,2.0,32.4929313659668,0.654752485645064,32.37993240356445,1.6787390719982795
unet_uniform_only,fixed_dwell,20.0,partial_raster,0.3,26,Patterned_surface,1.0,2.0,19.174476623535156,0.409922062829499,18.6943416595459,1.720124635990942
unet_uniform_only,fixed_dwell,20.0,partial_raster,0.3,27,Porous_Sponge,1.0,2.0,22.853416442871094,0.3619442283706496,22.92546272277832,1.594977426007972
unet_uniform_only,fixed_dwell,20.0,partial_raster,0.3,28,Powder,1.0,2.0,24.46251678466797,0.6712317057869027,24.3917293548584,1.7823359610047191
unet_uniform_only,fixed_dwell,20.0,partial_raster,0.3,29,Tips,1.0,2.0,39.24811553955078,0.9575863293405836,39.628108978271484,1.7516336970002158
unet_uniform_only,fixed_dwell,20.0,partial_raster,0.3,0,Biological,2.0,2.0,23.812965393066406,0.4497747665905773,23.798171997070312,1.7019494940032018
unet_uniform_only,fixed_dwell,20.0,partial_raster,0.3,1,Fibres,2.0,2.0,23.646106719970703,0.6420932749176385,23.36263656616211,1.7764768379856832
unet_uniform_only,fixed_dwell,20.0,partial_raster,0.3,2,Films_Coated_Surface,2.0,2.0,25.024810791015625,0.47049127323423545,24.865924835205078,1.818455399989034
unet_uniform_only,fixed_dwell,20.0,partial_raster,0.3,3,MEMS_devices_and_electrodes,2.0,2.0,24.997013092041016,0.37809731604381913,24.59507179260254,1.7023541249945993
unet_uniform_only,fixed_dwell,20.0,partial_raster,0.3,4,Nanowires,2.0,2.0,20.07419776916504,0.7194876974350554,19.06697654724121,1.7485056000004988
unet_uniform_only,fixed_dwell,20.0,partial_raster,0.3,5,Particles,2.0,2.0,18.543624877929688,0.4480462641832982,17.793415069580078,1.6812139649991877
unet_uniform_only,fixed_dwell,20.0,partial_raster,0.3,6,Patterned_surface,2.0,2.0,25.505189895629883,0.5492988249374227,25.482215881347656,1.629799849994015
unet_uniform_only,fixed_dwell,20.0,partial_raster,0.3,7,Porous_Sponge,2.0,2.0,23.887378692626953,0.5337130830611159,23.7308349609375,1.6083628589985892
unet_uniform_only,fixed_dwell,20.0,partial_raster,0.3,8,Powder,2.0,2.0,19.27335548400879,0.4350453818263583,18.68324089050293,1.5947372270020423
unet_uniform_only,fixed_dwell,20.0,partial_raster,0.3,9,Tips,2.0,2.0,33.13222122192383,0.8991776116313539,33.12101364135742,1.6686691269860603
unet_uniform_only,fixed_dwell,20.0,partial_raster,0.3,10,Biological,2.0,2.0,25.597858428955078,0.40655825370257315,25.76740074157715,1.6264293380081654
unet_uniform_only,fixed_dwell,20.0,partial_raster,0.3,11,Fibres,2.0,2.0,27.865863800048828,0.6676855804673779,27.862226486206055,1.539742199005559
unet_uniform_only,fixed_dwell,20.0,partial_raster,0.3,12,Films_Coated_Surface,2.0,2.0,25.68240737915039,0.48245810772033004,25.676895141601562,1.5709149629983585
unet_uniform_only,fixed_dwell,20.0,partial_raster,0.3,13,MEMS_devices_and_electrodes,2.0,2.0,25.73979949951172,0.3948154910744647,25.339004516601562,1.5638627690059366
unet_uniform_only,fixed_dwell,20.0,partial_raster,0.3,14,Nanowires,2.0,2.0,15.162009239196777,0.5985751342938749,14.064030647277832,1.7617244069988374
unet_uniform_only,fixed_dwell,20.0,partial_raster,0.3,15,Particles,2.0,2.0,31.83485221862793,0.6791111460700577,32.66592788696289,1.9625661980098812
unet_uniform_only,fixed_dwell,20.0,partial_raster,0.3,16,Patterned_surface,2.0,2.0,21.866535186767578,0.6311832503668655,21.486787796020508,1.7832608820026508
unet_uniform_only,fixed_dwell,20.0,partial_raster,0.3,17,Porous_Sponge,2.0,2.0,18.01759910583496,0.5936248004666901,17.1612548828125,2.042526632998488
unet_uniform_only,fixed_dwell,20.0,partial_raster,0.3,18,Powder,2.0,2.0,22.154380798339844,0.6180344541276159,21.916954040527344,2.5048315150052076
unet_uniform_only,fixed_dwell,20.0,partial_raster,0.3,19,Tips,2.0,2.0,26.36296844482422,0.7973479616871598,26.39122200012207,2.822624705004273
unet_uniform_only,fixed_dwell,20.0,partial_raster,0.3,20,Biological,2.0,2.0,25.907583236694336,0.6036302344486962,25.834335327148438,2.242722518989467
unet_uniform_only,fixed_dwell,20.0,partial_raster,0.3,21,Fibres,2.0,2.0,23.9564151763916,0.6741080164762382,23.770965576171875,1.9339760829898296
unet_uniform_only,fixed_dwell,20.0,partial_raster,0.3,22,Films_Coated_Surface,2.0,2.0,15.731087684631348,0.608752921556032,14.78764533996582,1.7356779279944021
unet_uniform_only,fixed_dwell,20.0,partial_raster,0.3,23,MEMS_devices_and_electrodes,2.0,2.0,26.031492233276367,0.4124597448983524,25.762998580932617,1.8548642429959727
unet_uniform_only,fixed_dwell,20.0,partial_raster,0.3,24,Nanowires,2.0,2.0,13.508295059204102,0.38506983975529246,12.40294361114502,1.724104326000088
unet_uniform_only,fixed_dwell,20.0,partial_raster,0.3,25,Particles,2.0,2.0,32.4929313659668,0.654752485645064,32.37993240356445,1.7333475380000891
unet_uniform_only,fixed_dwell,20.0,partial_raster,0.3,26,Patterned_surface,2.0,2.0,19.174476623535156,0.409922062829499,18.6943416595459,1.9066008030058583
unet_uniform_only,fixed_dwell,20.0,partial_raster,0.3,27,Porous_Sponge,2.0,2.0,22.853416442871094,0.3619442283706496,22.92546272277832,1.7231785360054346
unet_uniform_only,fixed_dwell,20.0,partial_raster,0.3,28,Powder,2.0,2.0,24.46251678466797,0.6712317057869027,24.3917293548584,1.9747180749982363
unet_uniform_only,fixed_dwell,20.0,partial_raster,0.3,29,Tips,2.0,2.0,39.24811553955078,0.9575863293405836,39.628108978271484,1.6716228379955282
unet_uniform_only,fixed_dwell,20.0,line_hop,0.1,0,Biological,0.0,2.0,21.578250885009766,0.2634507010606811,21.602895736694336,1.693813466001302
unet_uniform_only,fixed_dwell,20.0,line_hop,0.1,1,Fibres,0.0,2.0,19.645221710205078,0.33636942282742455,19.509769439697266,1.7210868279944407
unet_uniform_only,fixed_dwell,20.0,line_hop,0.1,2,Films_Coated_Surface,0.0,2.0,22.302453994750977,0.3206145296934675,22.188716888427734,1.804405606992077
unet_uniform_only,fixed_dwell,20.0,line_hop,0.1,3,MEMS_devices_and_electrodes,0.0,2.0,23.15338897705078,0.30204215353062885,23.02589225769043,1.9111478260019794
unet_uniform_only,fixed_dwell,20.0,line_hop,0.1,4,Nanowires,0.0,2.0,15.842649459838867,0.3493533910072342,15.466789245605469,1.7545769119897159
unet_uniform_only,fixed_dwell,20.0,line_hop,0.1,5,Particles,0.0,2.0,16.63694953918457,0.2340357022737767,16.363948822021484,1.7597989609930664
unet_uniform_only,fixed_dwell,20.0,line_hop,0.1,6,Patterned_surface,0.0,2.0,22.28071403503418,0.4396897805791304,22.062475204467773,2.078078620004817
unet_uniform_only,fixed_dwell,20.0,line_hop,0.1,7,Porous_Sponge,0.0,2.0,20.806838989257812,0.36334804137902965,20.65380096435547,1.8797330220113508
unet_uniform_only,fixed_dwell,20.0,line_hop,0.1,8,Powder,0.0,2.0,17.08514404296875,0.27531691045752876,16.811370849609375,1.7366198410018114
unet_uniform_only,fixed_dwell,20.0,line_hop,0.1,9,Tips,0.0,2.0,30.91964340209961,0.899033525925623,30.77383041381836,2.0288633259915514
unet_uniform_only,fixed_dwell,20.0,line_hop,0.1,10,Biological,0.0,2.0,23.024024963378906,0.2541028215089957,23.34423065185547,1.628602905999287
unet_uniform_only,fixed_dwell,20.0,line_hop,0.1,11,Fibres,0.0,2.0,24.408565521240234,0.581281228420104,24.246723175048828,1.7880391810031142
unet_uniform_only,fixed_dwell,20.0,line_hop,0.1,12,Films_Coated_Surface,0.0,2.0,23.589704513549805,0.32661692492712896,23.59109115600586,1.7547757370048203
unet_uniform_only,fixed_dwell,20.0,line_hop,0.1,13,MEMS_devices_and_electrodes,0.0,2.0,24.692346572875977,0.3460507117554898,24.576202392578125,1.6738722959998995
unet_uniform_only,fixed_dwell,20.0,line_hop,0.1,14,Nanowires,0.0,2.0,12.599907875061035,0.2421402275412396,12.237433433532715,1.7690977420134004
unet_uniform_only,fixed_dwell,20.0,line_hop,0.1,15,Particles,0.0,2.0,26.587846755981445,0.4204700166953036,27.915714263916016,1.7025489719962934
unet_uniform_only,fixed_dwell,20.0,line_hop,0.1,16,Patterned_surface,0.0,2.0,18.36980628967285,0.27902759275675093,18.257659912109375,1.6358360039885156
unet_uniform_only,fixed_dwell,20.0,line_hop,0.1,17,Porous_Sponge,0.0,2.0,13.235711097717285,0.2917875055273016,12.867561340332031,1.6395576409995556
unet_uniform_only,fixed_dwell,20.0,line_hop,0.1,18,Powder,0.0,2.0,18.376964569091797,0.3741667489937114,18.117124557495117,1.81574484599696
unet_uniform_only,fixed_dwell,20.0,line_hop,0.1,19,Tips,0.0,2.0,23.972061157226562,0.7517907071339898,23.88455581665039,1.9074072380026337
unet_uniform_only,fixed_dwell,20.0,line_hop,0.1,20,Biological,0.0,2.0,22.581344604492188,0.5350627205673636,22.370887756347656,2.3304862169898115
unet_uniform_only,fixed_dwell,20.0,line_hop,0.1,21,Fibres,0.0,2.0,19.085275650024414,0.30352455029124004,19.01784324645996,2.0252916739991633
unet_uniform_only,fixed_dwell,20.0,line_hop,0.1,22,Films_Coated_Surface,0.0,2.0,12.386495590209961,0.25984821171686173,12.020913124084473,1.7849489149957662
unet_uniform_only,fixed_dwell,20.0,line_hop,0.1,23,MEMS_devices_and_electrodes,0.0,2.0,24.668991088867188,0.3828246839261935,24.499961853027344,1.74613446299918
unet_uniform_only,fixed_dwell,20.0,line_hop,0.1,24,Nanowires,0.0,2.0,12.69010066986084,0.1581012670727711,12.372491836547852,1.7834997129975818
unet_uniform_only,fixed_dwell,20.0,line_hop,0.1,25,Particles,0.0,2.0,31.62435531616211,0.6451485323114827,31.552196502685547,1.6920329529966693
unet_uniform_only,fixed_dwell,20.0,line_hop,0.1,26,Patterned_surface,0.0,2.0,17.2542724609375,0.22817850663740064,17.027807235717773,1.7942160950042307
unet_uniform_only,fixed_dwell,20.0,line_hop,0.1,27,Porous_Sponge,0.0,2.0,20.233428955078125,0.25489128459282995,20.30021858215332,1.717953312996542
unet_uniform_only,fixed_dwell,20.0,line_hop,0.1,28,Powder,0.0,2.0,20.358043670654297,0.44393186028728004,20.14545440673828,1.7329020439938176
unet_uniform_only,fixed_dwell,20.0,line_hop,0.1,29,Tips,0.0,2.0,36.070152282714844,0.9529708764188128,36.01084518432617,1.6105505869927583
unet_uniform_only,fixed_dwell,20.0,line_hop,0.1,0,Biological,0.5,2.0,21.61524772644043,0.2663157253901786,21.626602172851562,1.5675768640066963
unet_uniform_only,fixed_dwell,20.0,line_hop,0.1,1,Fibres,0.5,2.0,19.72703742980957,0.3416651255450176,19.563457489013672,1.6151291480055079
unet_uniform_only,fixed_dwell,20.0,line_hop,0.1,2,Films_Coated_Surface,0.5,2.0,22.0339298248291,0.30574604857533444,21.94859504699707,1.598582410995732
unet_uniform_only,fixed_dwell,20.0,line_hop,0.1,3,MEMS_devices_and_electrodes,0.5,2.0,23.12114906311035,0.2959595727739929,22.99285888671875,1.6393821500096237
unet_uniform_only,fixed_dwell,20.0,line_hop,0.1,4,Nanowires,0.5,2.0,15.798287391662598,0.3453523353866216,15.423226356506348,1.7600785410031676
unet_uniform_only,fixed_dwell,20.0,line_hop,0.1,5,Particles,0.5,2.0,16.6434383392334,0.23105317470649545,16.383161544799805,1.7647019819996785
unet_uniform_only,fixed_dwell,20.0,line_hop,0.1,6,Patterned_surface,0.5,2.0,22.256122589111328,0.4410999921803639,22.042808532714844,1.658253556001
unet_uniform_only,fixed_dwell,20.0,line_hop,0.1,7,Porous_Sponge,0.5,2.0,20.983612060546875,0.37366059353253667,20.780624389648438,1.6149196969927289
unet_uniform_only,fixed_dwell,20.0,line_hop,0.1,8,Powder,0.5,2.0,17.072254180908203,0.27235329549738146,16.805849075317383,1.676512427002308
unet_uniform_only,fixed_dwell,20.0,line_hop,0.1,9,Tips,0.5,2.0,30.763427734375,0.8949284178201437,30.631561279296875,1.8035258449963294
unet_uniform_only,fixed_dwell,20.0,line_hop,0.1,10,Biological,0.5,2.0,22.78254508972168,0.24346158083106895,23.129756927490234,1.6659677999996347
unet_uniform_only,fixed_dwell,20.0,line_hop,0.1,11,Fibres,0.5,2.0,24.113319396972656,0.556941607321202,23.977920532226562,1.8119767479947768
unet_uniform_only,fixed_dwell,20.0,line_hop,0.1,12,Films_Coated_Surface,0.5,2.0,23.8748836517334,0.3340320712955689,23.87976837158203,1.6850409029866569
unet_uniform_only,fixed_dwell,20.0,line_hop,0.1,13,MEMS_devices_and_electrodes,0.5,2.0,24.83319091796875,0.3316992695002692,24.660987854003906,1.9081283799896482
unet_uniform_only,fixed_dwell,20.0,line_hop,0.1,14,Nanowires,0.5,2.0,12.626693725585938,0.24201093819453162,12.271634101867676,1.642429005005397
unet_uniform_only,fixed_dwell,20.0,line_hop,0.1,15,Particles,0.5,2.0,25.929162979125977,0.3887367390848153,27.25069236755371,1.7489923430111958
unet_uniform_only,fixed_dwell,20.0,line_hop,0.1,16,Patterned_surface,0.5,2.0,18.40924072265625,0.27963348675298494,18.29180145263672,1.7747701930056792
unet_uniform_only,fixed_dwell,20.0,line_hop,0.1,17,Porous_Sponge,0.5,2.0,13.195882797241211,0.2911495160721638,12.836004257202148,1.7635655060003046
unet_uniform_only,fixed_dwell,20.0,line_hop,0.1,18,Powder,0.5,2.0,18.392255783081055,0.3742425854974758,18.141658782958984,1.7239121479942696
unet_uniform_only,fixed_dwell,20.0,line_hop,0.1,19,Tips,0.5,2.0,23.76520347595215,0.7309881450336522,23.70523452758789,1.6042724040016765
unet_uniform_only,fixed_dwell,20.0,line_hop,0.1,20,Biological,0.5,2.0,22.730905532836914,0.5392861749860032,22.518234252929688,1.6898054030025378
unet_uniform_only,fixed_dwell,20.0,line_hop,0.1,21,Fibres,0.5,2.0,19.052642822265625,0.3108456614995019,18.977636337280273,1.7983043780113803
unet_uniform_only,fixed_dwell,20.0,line_hop,0.1,22,Films_Coated_Surface,0.5,2.0,12.367683410644531,0.2552358420889988,12.005041122436523,1.7274933119915659
unet_uniform_only,fixed_dwell,20.0,line_hop,0.1,23,MEMS_devices_and_electrodes,0.5,2.0,24.689807891845703,0.3723643829834535,24.527891159057617,1.665165087004425
unet_uniform_only,fixed_dwell,20.0,line_hop,0.1,24,Nanowires,0.5,2.0,12.712940216064453,0.1560263374322089,12.40177059173584,1.6670880110032158
unet_uniform_only,fixed_dwell,20.0,line_hop,0.1,25,Particles,0.5,2.0,31.47309112548828,0.6417603200677766,31.44788360595703,1.6329958510032156
unet_uniform_only,fixed_dwell,20.0,line_hop,0.1,26,Patterned_surface,0.5,2.0,17.262496948242188,0.23018424773018487,17.063587188720703,1.6631297650019405
unet_uniform_only,fixed_dwell,20.0,line_hop,0.1,27,Porous_Sponge,0.5,2.0,20.535289764404297,0.2657147280948237,20.520282745361328,1.6075092340033734
unet_uniform_only,fixed_dwell,20.0,line_hop,0.1,28,Powder,0.5,2.0,20.278549194335938,0.44713378868757664,20.037158966064453,1.68831934100308
unet_uniform_only,fixed_dwell,20.0,line_hop,0.1,29,Tips,0.5,2.0,36.002586364746094,0.9534497547610699,35.92930603027344,1.6849881679954706
unet_uniform_only,fixed_dwell,20.0,line_hop,0.1,0,Biological,1.0,2.0,21.54753875732422,0.259703937894567,21.551025390625,1.6999352629936766
unet_uniform_only,fixed_dwell,20.0,line_hop,0.1,1,Fibres,1.0,2.0,19.76764678955078,0.34648820362252847,19.592639923095703,1.6196157700032927
unet_uniform_only,fixed_dwell,20.0,line_hop,0.1,2,Films_Coated_Surface,1.0,2.0,22.179365158081055,0.3123298923716691,22.078201293945312,1.691968105995329
unet_uniform_only,fixed_dwell,20.0,line_hop,0.1,3,MEMS_devices_and_electrodes,1.0,2.0,23.159217834472656,0.2952072260671494,23.048370361328125,1.651032892987132
unet_uniform_only,fixed_dwell,20.0,line_hop,0.1,4,Nanowires,1.0,2.0,15.785895347595215,0.34259042800593303,15.413978576660156,1.7631835950014647
unet_uniform_only,fixed_dwell,20.0,line_hop,0.1,5,Particles,1.0,2.0,16.622283935546875,0.2306833594466968,16.362703323364258,1.6794753410067642
unet_uniform_only,fixed_dwell,20.0,line_hop,0.1,6,Patterned_surface,1.0,2.0,22.21734046936035,0.4384000841642005,21.993473052978516,1.6577615150017664
unet_uniform_only,fixed_dwell,20.0,line_hop,0.1,7,Porous_Sponge,1.0,2.0,21.059988021850586,0.3712100522596158,20.881011962890625,1.655091751992586
unet_uniform_only,fixed_dwell,20.0,line_hop,0.1,8,Powder,1.0,2.0,17.020538330078125,0.2689233570141181,16.75704574584961,1.8772866910003358
unet_uniform_only,fixed_dwell,20.0,line_hop,0.1,9,Tips,1.0,2.0,30.70652198791504,0.8869277427083768,30.656940460205078,1.5645340890041552
unet_uniform_only,fixed_dwell,20.0,line_hop,0.1,10,Biological,1.0,2.0,22.783000946044922,0.24059676337559674,23.123271942138672,1.7372785470070085
unet_uniform_only,fixed_dwell,20.0,line_hop,0.1,11,Fibres,1.0,2.0,24.31125259399414,0.5685717781350368,24.162521362304688,1.559489011997357
unet_uniform_only,fixed_dwell,20.0,line_hop,0.1,12,Films_Coated_Surface,1.0,2.0,23.88433265686035,0.33808054154699363,23.868864059448242,1.5748251570039429
unet_uniform_only,fixed_dwell,20.0,line_hop,0.1,13,MEMS_devices_and_electrodes,1.0,2.0,24.79012680053711,0.3319165422347071,24.62832260131836,1.5758373139979085
unet_uniform_only,fixed_dwell,20.0,line_hop,0.1,14,Nanowires,1.0,2.0,12.586606979370117,0.23950657147148843,12.24058723449707,1.5276517729944317
unet_uniform_only,fixed_dwell,20.0,line_hop,0.1,15,Particles,1.0,2.0,26.024721145629883,0.3907077942468032,27.206680297851562,1.675656949999393
unet_uniform_only,fixed_dwell,20.0,line_hop,0.1,16,Patterned_surface,1.0,2.0,18.334640502929688,0.27289457829994496,18.23415756225586,1.4829976580076618
unet_uniform_only,fixed_dwell,20.0,line_hop,0.1,17,Porous_Sponge,1.0,2.0,13.203324317932129,0.2872482735986491,12.839523315429688,1.592614475011942
unet_uniform_only,fixed_dwell,20.0,line_hop,0.1,18,Powder,1.0,2.0,18.31844711303711,0.37191715224127514,18.064321517944336,1.6040789370017592
unet_uniform_only,fixed_dwell,20.0,line_hop,0.1,19,Tips,1.0,2.0,23.861391067504883,0.7424341816795647,23.779193878173828,1.6234433749923483
unet_uniform_only,fixed_dwell,20.0,line_hop,0.1,20,Biological,1.0,2.0,22.653846740722656,0.5352988362953043,22.43941307067871,1.6285179029946448
unet_uniform_only,fixed_dwell,20.0,line_hop,0.1,21,Fibres,1.0,2.0,19.27107810974121,0.3206606447990621,19.133934020996094,1.6886772790021496
unet_uniform_only,fixed_dwell,20.0,line_hop,0.1,22,Films_Coated_Surface,1.0,2.0,12.336043357849121,0.25007163043181896,11.97947883605957,1.6039467829978094
unet_uniform_only,fixed_dwell,20.0,line_hop,0.1,23,MEMS_devices_and_electrodes,1.0,2.0,24.699771881103516,0.37392714296628005,24.536510467529297,1.533857704998809
unet_uniform_only,fixed_dwell,20.0,line_hop,0.1,24,Nanowires,1.0,2.0,12.617765426635742,0.15377612940832203,12.311271667480469,1.8126453290024074
unet_uniform_only,fixed_dwell,20.0,line_hop,0.1,25,Particles,1.0,2.0,31.356643676757812,0.635544212803527,31.4107608795166,1.6189534349978203
unet_uniform_only,fixed_dwell,20.0,line_hop,0.1,26,Patterned_surface,1.0,2.0,17.339111328125,0.23407937726812542,17.1051082611084,1.6398568699951284
unet_uniform_only,fixed_dwell,20.0,line_hop,0.1,27,Porous_Sponge,1.0,2.0,20.328914642333984,0.25646156558727845,20.332839965820312,1.7357590250030626
unet_uniform_only,fixed_dwell,20.0,line_hop,0.1,28,Powder,1.0,2.0,20.33707618713379,0.4507709830048205,20.095426559448242,1.6828159080032492
unet_uniform_only,fixed_dwell,20.0,line_hop,0.1,29,Tips,1.0,2.0,36.242835998535156,0.9513716637928579,36.22130584716797,1.8100677829934284
unet_uniform_only,fixed_dwell,20.0,line_hop,0.1,0,Biological,2.0,2.0,21.46235466003418,0.25058879672703727,21.502262115478516,1.674847714995849
unet_uniform_only,fixed_dwell,20.0,line_hop,0.1,1,Fibres,2.0,2.0,19.856924057006836,0.35435494355397046,19.675756454467773,1.6171515850001015
unet_uniform_only,fixed_dwell,20.0,line_hop,0.1,2,Films_Coated_Surface,2.0,2.0,22.140094757080078,0.30977846630043127,22.040138244628906,1.816018982004607
unet_uniform_only,fixed_dwell,20.0,line_hop,0.1,3,MEMS_devices_and_electrodes,2.0,2.0,22.77094268798828,0.2877702756336786,22.75946617126465,1.5980859039991628
unet_uniform_only,fixed_dwell,20.0,line_hop,0.1,4,Nanowires,2.0,2.0,15.717448234558105,0.3359193024021814,15.360641479492188,1.6890301710081985
unet_uniform_only,fixed_dwell,20.0,line_hop,0.1,5,Particles,2.0,2.0,16.601850509643555,0.22725740789250778,16.355884552001953,1.6818172909988789
unet_uniform_only,fixed_dwell,20.0,line_hop,0.1,6,Patterned_surface,2.0,2.0,22.231081008911133,0.4393868013678018,22.010658264160156,1.9908156039891765
unet_uniform_only,fixed_dwell,20.0,line_hop,0.1,7,Porous_Sponge,2.0,2.0,20.848329544067383,0.36253040093544436,20.686647415161133,1.63045590899128
unet_uniform_only,fixed_dwell,20.0,line_hop,0.1,8,Powder,2.0,2.0,16.96220588684082,0.265335661267562,16.708539962768555,1.7317846189980628
unet_uniform_only,fixed_dwell,20.0,line_hop,0.1,9,Tips,2.0,2.0,30.362796783447266,0.8851242433033034,30.30694580078125,1.6691062319878256
unet_uniform_only,fixed_dwell,20.0,line_hop,0.1,10,Biological,2.0,2.0,22.85198402404785,0.24399940140684748,23.220232009887695,1.6060110580001492
unet_uniform_only,fixed_dwell,20.0,line_hop,0.1,11,Fibres,2.0,2.0,24.107370376586914,0.5478976206748798,24.023155212402344,1.525088226000662
unet_uniform_only,fixed_dwell,20.0,line_hop,0.1,12,Films_Coated_Surface,2.0,2.0,23.59231948852539,0.3167980510129801,23.6298828125,1.539165331996628
unet_uniform_only,fixed_dwell,20.0,line_hop,0.1,13,MEMS_devices_and_electrodes,2.0,2.0,24.802845001220703,0.3290118839389398,24.64881134033203,1.6468338850099826
unet_uniform_only,fixed_dwell,20.0,line_hop,0.1,14,Nanowires,2.0,2.0,12.549668312072754,0.2293321890411058,12.214357376098633,1.5838381759967888
unet_uniform_only,fixed_dwell,20.0,line_hop,0.1,15,Particles,2.0,2.0,26.351768493652344,0.4041317497330035,27.513551712036133,1.5709242610028014
unet_uniform_only,fixed_dwell,20.0,line_hop,0.1,16,Patterned_surface,2.0,2.0,18.51127815246582,0.29242410845913536,18.410030364990234,1.6799261230044067
unet_uniform_only,fixed_dwell,20.0,line_hop,0.1,17,Porous_Sponge,2.0,2.0,13.128002166748047,0.2812792603063392,12.778514862060547,1.6874720710038673
unet_uniform_only,fixed_dwell,20.0,line_hop,0.1,18,Powder,2.0,2.0,18.346813201904297,0.3763048361333029,18.098411560058594,1.6170495389960706
unet_uniform_only,fixed_dwell,20.0,line_hop,0.1,19,Tips,2.0,2.0,23.89195442199707,0.7422695041360582,23.811189651489258,1.7532746409997344
unet_uniform_only,fixed_dwell,20.0,line_hop,0.1,20,Biological,2.0,2.0,22.531295776367188,0.52747103514233,22.328678131103516,1.867259581995313
unet_uniform_only,fixed_dwell,20.0,line_hop,0.1,21,Fibres,2.0,2.0,19.242483139038086,0.32238143074044734,19.122411727905273,1.608717319992138
unet_uniform_only,fixed_dwell,20.0,line_hop,0.1,22,Films_Coated_Surface,2.0,2.0,12.312764167785645,0.24819408646348515,11.970864295959473,1.5754744919977384
unet_uniform_only,fixed_dwell,20.0,line_hop,0.1,23,MEMS_devices_and_electrodes,2.0,2.0,24.64788246154785,0.3710514041790061,24.492767333984375,1.7449840119952569
unet_uniform_only,fixed_dwell,20.0,line_hop,0.1,24,Nanowires,2.0,2.0,12.590644836425781,0.147423905234012,12.301715850830078,1.7015922959981253
unet_uniform_only,fixed_dwell,20.0,line_hop,0.1,25,Particles,2.0,2.0,31.46640396118164,0.6415966152029152,31.420852661132812,1.6666621300100815
unet_uniform_only,fixed_dwell,20.0,line_hop,0.1,26,Patterned_surface,2.0,2.0,17.2668399810791,0.22267494638792143,17.064697265625,1.7808738250023453
unet_uniform_only,fixed_dwell,20.0,line_hop,0.1,27,Porous_Sponge,2.0,2.0,20.543216705322266,0.25987596190413587,20.554723739624023,1.7108391420042608
unet_uniform_only,fixed_dwell,20.0,line_hop,0.1,28,Powder,2.0,2.0,20.361730575561523,0.45195993035668725,20.126550674438477,1.6820515400031582
unet_uniform_only,fixed_dwell,20.0,line_hop,0.1,29,Tips,2.0,2.0,35.61988067626953,0.948648911190159,35.56199645996094,1.6572163489909144
unet_uniform_only,fixed_dwell,20.0,line_hop,0.3,0,Biological,0.0,2.0,24.40685272216797,0.4453012842437829,24.11301040649414,1.5481103290076135
unet_uniform_only,fixed_dwell,20.0,line_hop,0.3,1,Fibres,0.0,2.0,23.139955520629883,0.6154813539961498,22.648452758789062,1.5876927559875185
unet_uniform_only,fixed_dwell,20.0,line_hop,0.3,2,Films_Coated_Surface,0.0,2.0,25.05430030822754,0.4652148033594218,24.751855850219727,1.6196412540011806
unet_uniform_only,fixed_dwell,20.0,line_hop,0.3,3,MEMS_devices_and_electrodes,0.0,2.0,24.826099395751953,0.3770796388123378,24.371965408325195,1.5370839840034023
unet_uniform_only,fixed_dwell,20.0,line_hop,0.3,4,Nanowires,0.0,2.0,19.288372039794922,0.670330202509259,18.178728103637695,1.4991512980050175
unet_uniform_only,fixed_dwell,20.0,line_hop,0.3,5,Particles,0.0,2.0,18.322124481201172,0.41901948709065767,17.514244079589844,1.5864485289930599
unet_uniform_only,fixed_dwell,20.0,line_hop,0.3,6,Patterned_surface,0.0,2.0,25.309120178222656,0.5516974346088303,24.852195739746094,1.6536103329999605
unet_uniform_only,fixed_dwell,20.0,line_hop,0.3,7,Porous_Sponge,0.0,2.0,23.838655471801758,0.5258624625063304,23.42625617980957,1.5612580650049495
unet_uniform_only,fixed_dwell,20.0,line_hop,0.3,8,Powder,0.0,2.0,19.11186981201172,0.42476766890203477,18.46744728088379,1.5965257420029957
unet_uniform_only,fixed_dwell,20.0,line_hop,0.3,9,Tips,0.0,2.0,32.9738883972168,0.9003930203937863,32.78765106201172,1.6119692880020011
unet_uniform_only,fixed_dwell,20.0,line_hop,0.3,10,Biological,0.0,2.0,26.63377571105957,0.4337686931512356,26.637981414794922,1.6479824249981903
unet_uniform_only,fixed_dwell,20.0,line_hop,0.3,11,Fibres,0.0,2.0,27.783327102661133,0.7033043808695976,27.314815521240234,1.6602071480010636
unet_uniform_only,fixed_dwell,20.0,line_hop,0.3,12,Films_Coated_Surface,0.0,2.0,26.219772338867188,0.4965823433538498,25.984039306640625,1.6731091370020295
unet_uniform_only,fixed_dwell,20.0,line_hop,0.3,13,MEMS_devices_and_electrodes,0.0,2.0,25.7227783203125,0.38410179316853055,25.342464447021484,1.7186319019965595
unet_uniform_only,fixed_dwell,20.0,line_hop,0.3,14,Nanowires,0.0,2.0,14.904109954833984,0.5614321042403636,13.773974418640137,1.7892138440074632
unet_uniform_only,fixed_dwell,20.0,line_hop,0.3,15,Particles,0.0,2.0,37.230220794677734,0.898661502842486,37.593475341796875,1.6463663809990976
unet_uniform_only,fixed_dwell,20.0,line_hop,0.3,16,Patterned_surface,0.0,2.0,21.56892967224121,0.607274688064723,21.048885345458984,1.6407544070098083
unet_uniform_only,fixed_dwell,20.0,line_hop,0.3,17,Porous_Sponge,0.0,2.0,17.092586517333984,0.5530909085903079,16.05659294128418,1.6495427620102419
unet_uniform_only,fixed_dwell,20.0,line_hop,0.3,18,Powder,0.0,2.0,21.31092071533203,0.5862661181006373,20.758657455444336,1.6017528270022012
unet_uniform_only,fixed_dwell,20.0,line_hop,0.3,19,Tips,0.0,2.0,26.266265869140625,0.8076903116540876,26.080123901367188,1.6509092259948375
unet_uniform_only,fixed_dwell,20.0,line_hop,0.3,20,Biological,0.0,2.0,25.637331008911133,0.6133469833312956,25.186412811279297,1.6021980329969665
unet_uniform_only,fixed_dwell,20.0,line_hop,0.3,21,Fibres,0.0,2.0,23.41861343383789,0.6451050272578803,23.09949493408203,1.662050356011605
unet_uniform_only,fixed_dwell,20.0,line_hop,0.3,22,Films_Coated_Surface,0.0,2.0,15.060586929321289,0.563048006482671,13.950251579284668,1.6949733149958774
unet_uniform_only,fixed_dwell,20.0,line_hop,0.3,23,MEMS_devices_and_electrodes,0.0,2.0,25.933876037597656,0.40017425911699295,25.712158203125,2.013090373002342
unet_uniform_only,fixed_dwell,20.0,line_hop,0.3,24,Nanowires,0.0,2.0,13.782964706420898,0.3822448692220401,12.74398422241211,1.6764311449951492
unet_uniform_only,fixed_dwell,20.0,line_hop,0.3,25,Particles,0.0,2.0,32.40510559082031,0.655158239508224,32.221710205078125,1.6039316519891145
unet_uniform_only,fixed_dwell,20.0,line_hop,0.3,26,Patterned_surface,0.0,2.0,19.159515380859375,0.4035435491254969,18.601402282714844,1.6060994300059974
unet_uniform_only,fixed_dwell,20.0,line_hop,0.3,27,Porous_Sponge,0.0,2.0,22.54363250732422,0.3635912876114959,23.240894317626953,1.6463706159993308
unet_uniform_only,fixed_dwell,20.0,line_hop,0.3,28,Powder,0.0,2.0,23.95745277404785,0.6548369682779296,23.494108200073242,1.7117567870009225
unet_uniform_only,fixed_dwell,20.0,line_hop,0.3,29,Tips,0.0,2.0,39.44877243041992,0.9597731346996369,39.448360443115234,1.6943752510123886
unet_uniform_only,fixed_dwell,20.0,line_hop,0.3,0,Biological,0.5,2.0,24.390869140625,0.4438218779018089,24.137418746948242,1.722180771001149
unet_uniform_only,fixed_dwell,20.0,line_hop,0.3,1,Fibres,0.5,2.0,23.24707794189453,0.6166889271309194,22.742578506469727,1.746782821996021
unet_uniform_only,fixed_dwell,20.0,line_hop,0.3,2,Films_Coated_Surface,0.5,2.0,24.902481079101562,0.4660126440857181,24.61307716369629,1.810688621000736
unet_uniform_only,fixed_dwell,20.0,line_hop,0.3,3,MEMS_devices_and_electrodes,0.5,2.0,24.8076229095459,0.3581090405762984,24.379528045654297,1.7436758060066495
unet_uniform_only,fixed_dwell,20.0,line_hop,0.3,4,Nanowires,0.5,2.0,19.20156478881836,0.6639190628594261,18.103994369506836,1.7314624160062522
unet_uniform_only,fixed_dwell,20.0,line_hop,0.3,5,Particles,0.5,2.0,18.292964935302734,0.4118304429446223,17.497037887573242,1.8122785549930995
unet_uniform_only,fixed_dwell,20.0,line_hop,0.3,6,Patterned_surface,0.5,2.0,25.395736694335938,0.5492631269684691,24.90201759338379,1.7386324299877742
unet_uniform_only,fixed_dwell,20.0,line_hop,0.3,7,Porous_Sponge,0.5,2.0,23.63808822631836,0.5199157058075659,23.274402618408203,1.6348473639955046
unet_uniform_only,fixed_dwell,20.0,line_hop,0.3,8,Powder,0.5,2.0,19.09457015991211,0.41670437939559546,18.47818374633789,1.6270023699908052
unet_uniform_only,fixed_dwell,20.0,line_hop,0.3,9,Tips,0.5,2.0,33.01945114135742,0.9025787275707918,32.83903884887695,1.6808109919948038
unet_uniform_only,fixed_dwell,20.0,line_hop,0.3,10,Biological,0.5,2.0,26.701866149902344,0.44013066983079396,26.745241165161133,1.6152135729935253
unet_uniform_only,fixed_dwell,20.0,line_hop,0.3,11,Fibres,0.5,2.0,27.962486267089844,0.7131455991048614,27.445602416992188,1.6487012279976625
unet_uniform_only,fixed_dwell,20.0,line_hop,0.3,12,Films_Coated_Surface,0.5,2.0,26.319787979125977,0.49459975367700915,26.061744689941406,1.6057402169972192
unet_uniform_only,fixed_dwell,20.0,line_hop,0.3,13,MEMS_devices_and_electrodes,0.5,2.0,25.6888370513916,0.3805900145369299,25.335386276245117,1.6267847809940577
unet_uniform_only,fixed_dwell,20.0,line_hop,0.3,14,Nanowires,0.5,2.0,14.843001365661621,0.5526160205446515,13.735725402832031,1.6358408329979284
unet_uniform_only,fixed_dwell,20.0,line_hop,0.3,15,Particles,0.5,2.0,36.9373779296875,0.8913024728062158,37.399070739746094,1.6482311940053478
unet_uniform_only,fixed_dwell,20.0,line_hop,0.3,16,Patterned_surface,0.5,2.0,21.48480987548828,0.6082184928585045,20.93100357055664,1.7479173359897686
unet_uniform_only,fixed_dwell,20.0,line_hop,0.3,17,Porous_Sponge,0.5,2.0,17.090120315551758,0.5492691627440287,16.068950653076172,1.657491656995262
unet_uniform_only,fixed_dwell,20.0,line_hop,0.3,18,Powder,0.5,2.0,21.399686813354492,0.5843738766489385,20.837188720703125,1.6767934370000148
unet_uniform_only,fixed_dwell,20.0,line_hop,0.3,19,Tips,0.5,2.0,26.218053817749023,0.804985240088844,26.011667251586914,1.5808281600038754
unet_uniform_only,fixed_dwell,20.0,line_hop,0.3,20,Biological,0.5,2.0,25.460208892822266,0.6099646250011954,25.053930282592773,1.7197741240088362
unet_uniform_only,fixed_dwell,20.0,line_hop,0.3,21,Fibres,0.5,2.0,23.198692321777344,0.6350231056922372,22.8382511138916,1.6115470200020354
unet_uniform_only,fixed_dwell,20.0,line_hop,0.3,22,Films_Coated_Surface,0.5,2.0,15.051766395568848,0.558695179621899,13.956615447998047,1.633218422997743
unet_uniform_only,fixed_dwell,20.0,line_hop,0.3,23,MEMS_devices_and_electrodes,0.5,2.0,25.912199020385742,0.3973966457815605,25.69915771484375,1.6609734160010703
unet_uniform_only,fixed_dwell,20.0,line_hop,0.3,24,Nanowires,0.5,2.0,13.755182266235352,0.37610238980798083,12.736588478088379,1.683913091008435
unet_uniform_only,fixed_dwell,20.0,line_hop,0.3,25,Particles,0.5,2.0,32.484046936035156,0.654865553431848,32.335174560546875,1.5951490700099384
unet_uniform_only,fixed_dwell,20.0,line_hop,0.3,26,Patterned_surface,0.5,2.0,19.30351448059082,0.4081751910604726,18.63437271118164,1.611552472008043
unet_uniform_only,fixed_dwell,20.0,line_hop,0.3,27,Porous_Sponge,0.5,2.0,23.170528411865234,0.37655430625433134,23.54629898071289,1.6036418529984076
unet_uniform_only,fixed_dwell,20.0,line_hop,0.3,28,Powder,0.5,2.0,23.94829559326172,0.653199994514368,23.507762908935547,1.6284161969961133
unet_uniform_only,fixed_dwell,20.0,line_hop,0.3,29,Tips,0.5,2.0,39.8048210144043,0.9591662598898879,39.970916748046875,1.570044644002337
unet_uniform_only,fixed_dwell,20.0,line_hop,0.3,0,Biological,1.0,2.0,23.996944427490234,0.4403304887318196,23.861398696899414,1.655073147994699
unet_uniform_only,fixed_dwell,20.0,line_hop,0.3,1,Fibres,1.0,2.0,22.908645629882812,0.6022677048186325,22.496673583984375,1.5848584860068513
unet_uniform_only,fixed_dwell,20.0,line_hop,0.3,2,Films_Coated_Surface,1.0,2.0,24.8275146484375,0.4588300862119649,24.565719604492188,1.7395386639982462
unet_uniform_only,fixed_dwell,20.0,line_hop,0.3,3,MEMS_devices_and_electrodes,1.0,2.0,24.76688003540039,0.35064323702101463,24.388431549072266,1.8080635850055842
unet_uniform_only,fixed_dwell,20.0,line_hop,0.3,4,Nanowires,1.0,2.0,18.995363235473633,0.6521836071075059,17.94291877746582,1.7518757539946819
unet_uniform_only,fixed_dwell,20.0,line_hop,0.3,5,Particles,1.0,2.0,18.165424346923828,0.40561405056128386,17.398723602294922,1.7447335850010859
unet_uniform_only,fixed_dwell,20.0,line_hop,0.3,6,Patterned_surface,1.0,2.0,25.339859008789062,0.5523303706843635,24.867074966430664,1.6684361840016209
unet_uniform_only,fixed_dwell,20.0,line_hop,0.3,7,Porous_Sponge,1.0,2.0,23.82149887084961,0.5215079263602393,23.37044906616211,1.7059125480009243
unet_uniform_only,fixed_dwell,20.0,line_hop,0.3,8,Powder,1.0,2.0,18.971500396728516,0.4168350149749453,18.366418838500977,1.6801224910013843
unet_uniform_only,fixed_dwell,20.0,line_hop,0.3,9,Tips,1.0,2.0,32.66079330444336,0.8994168837970952,32.59068298339844,1.6566213190089911
unet_uniform_only,fixed_dwell,20.0,line_hop,0.3,10,Biological,1.0,2.0,26.773487091064453,0.4390435570844802,26.783390045166016,1.650863388000289
unet_uniform_only,fixed_dwell,20.0,line_hop,0.3,11,Fibres,1.0,2.0,27.579431533813477,0.6948951233324767,27.173946380615234,1.507082922005793
unet_uniform_only,fixed_dwell,20.0,line_hop,0.3,12,Films_Coated_Surface,1.0,2.0,26.120895385742188,0.49315391619720333,25.92021942138672,1.5520633730047848
unet_uniform_only,fixed_dwell,20.0,line_hop,0.3,13,MEMS_devices_and_electrodes,1.0,2.0,25.638172149658203,0.3688561096123964,25.332805633544922,1.5299476100044558
unet_uniform_only,fixed_dwell,20.0,line_hop,0.3,14,Nanowires,1.0,2.0,14.698620796203613,0.5387183694086912,13.633899688720703,1.561488332998124
unet_uniform_only,fixed_dwell,20.0,line_hop,0.3,15,Particles,1.0,2.0,36.982200622558594,0.8914223589809381,37.4261360168457,1.613673704006942
unet_uniform_only,fixed_dwell,20.0,line_hop,0.3,16,Patterned_surface,1.0,2.0,21.47198486328125,0.600864531328285,20.96051025390625,1.5994125480065122
unet_uniform_only,fixed_dwell,20.0,line_hop,0.3,17,Porous_Sponge,1.0,2.0,16.996870040893555,0.5454718051835213,16.006858825683594,1.4861825400003
unet_uniform_only,fixed_dwell,20.0,line_hop,0.3,18,Powder,1.0,2.0,21.20014190673828,0.5761504737594076,20.670093536376953,1.6732677729887655
unet_uniform_only,fixed_dwell,20.0,line_hop,0.3,19,Tips,1.0,2.0,26.237668991088867,0.8053308287833401,26.065746307373047,1.5767167209996842
unet_uniform_only,fixed_dwell,20.0,line_hop,0.3,20,Biological,1.0,2.0,25.541669845581055,0.6087964315731816,25.095117568969727,1.5218635339988396
unet_uniform_only,fixed_dwell,20.0,line_hop,0.3,21,Fibres,1.0,2.0,23.4199161529541,0.6520862637539708,22.994178771972656,1.6085662160039647
unet_uniform_only,fixed_dwell,20.0,line_hop,0.3,22,Films_Coated_Surface,1.0,2.0,14.901880264282227,0.5460704684251523,13.839851379394531,1.6562623270001495
unet_uniform_only,fixed_dwell,20.0,line_hop,0.3,23,MEMS_devices_and_electrodes,1.0,2.0,25.912925720214844,0.3945136025609997,25.718936920166016,1.6190656950057019
unet_uniform_only,fixed_dwell,20.0,line_hop,0.3,24,Nanowires,1.0,2.0,13.700958251953125,0.3670208753093293,12.711538314819336,1.6276585559971863
unet_uniform_only,fixed_dwell,20.0,line_hop,0.3,25,Particles,1.0,2.0,32.437232971191406,0.6537729509427526,32.27845001220703,1.6161118610034464
unet_uniform_only,fixed_dwell,20.0,line_hop,0.3,26,Patterned_surface,1.0,2.0,19.023210525512695,0.3899292819829464,18.4791202545166,1.5812650020088768
unet_uniform_only,fixed_dwell,20.0,line_hop,0.3,27,Porous_Sponge,1.0,2.0,22.939594268798828,0.3665614880719003,23.249876022338867,1.593399107005098
unet_uniform_only,fixed_dwell,20.0,line_hop,0.3,28,Powder,1.0,2.0,23.855104446411133,0.649242696331747,23.38739013671875,1.5394777930050623
unet_uniform_only,fixed_dwell,20.0,line_hop,0.3,29,Tips,1.0,2.0,39.61663818359375,0.9601411466320462,39.67893981933594,1.659524524002336
unet_uniform_only,fixed_dwell,20.0,line_hop,0.3,0,Biological,2.0,2.0,24.089738845825195,0.43052130876450245,23.902057647705078,1.5818832290096907
unet_uniform_only,fixed_dwell,20.0,line_hop,0.3,1,Fibres,2.0,2.0,22.788684844970703,0.5949943365380996,22.373868942260742,1.7311180969991256
unet_uniform_only,fixed_dwell,20.0,line_hop,0.3,2,Films_Coated_Surface,2.0,2.0,25.014301300048828,0.4599709233473616,24.7236328125,1.8345882739959052
unet_uniform_only,fixed_dwell,20.0,line_hop,0.3,3,MEMS_devices_and_electrodes,2.0,2.0,24.6695499420166,0.3439949731531659,24.330398559570312,1.6480175290053012
unet_uniform_only,fixed_dwell,20.0,line_hop,0.3,4,Nanowires,2.0,2.0,18.647693634033203,0.6264166139352754,17.700021743774414,1.7001979490014492
unet_uniform_only,fixed_dwell,20.0,line_hop,0.3,5,Particles,2.0,2.0,17.906543731689453,0.3844683944608818,17.23813819885254,1.6510709680005675
unet_uniform_only,fixed_dwell,20.0,line_hop,0.3,6,Patterned_surface,2.0,2.0,25.25018882751465,0.5465435699091886,24.79636001586914,1.6663629450049484
unet_uniform_only,fixed_dwell,20.0,line_hop,0.3,7,Porous_Sponge,2.0,2.0,23.538434982299805,0.512074103019516,23.16215705871582,1.7041909280087566
unet_uniform_only,fixed_dwell,20.0,line_hop,0.3,8,Powder,2.0,2.0,18.859426498413086,0.3966956773531933,18.312528610229492,1.716926003995468
unet_uniform_only,fixed_dwell,20.0,line_hop,0.3,9,Tips,2.0,2.0,32.863372802734375,0.9009141960552374,32.78414535522461,1.7126480110018747
unet_uniform_only,fixed_dwell,20.0,line_hop,0.3,10,Biological,2.0,2.0,26.774024963378906,0.4352951607730964,26.806514739990234,1.7503884350007866
unet_uniform_only,fixed_dwell,20.0,line_hop,0.3,11,Fibres,2.0,2.0,27.56476593017578,0.699389794690887,27.080169677734375,1.8284158400056185
unet_uniform_only,fixed_dwell,20.0,line_hop,0.3,12,Films_Coated_Surface,2.0,2.0,25.869691848754883,0.47900127737689624,25.72873878479004,2.533001104995492
unet_uniform_only,fixed_dwell,20.0,line_hop,0.3,13,MEMS_devices_and_electrodes,2.0,2.0,25.593338012695312,0.35852696057386024,25.32843017578125,1.8773718120064586
unet_uniform_only,fixed_dwell,20.0,line_hop,0.3,14,Nanowires,2.0,2.0,14.419821739196777,0.509816896465558,13.465646743774414,1.816261621992453
unet_uniform_only,fixed_dwell,20.0,line_hop,0.3,15,Particles,2.0,2.0,37.11749267578125,0.8986446850421895,37.360504150390625,1.680040958992322
unet_uniform_only,fixed_dwell,20.0,line_hop,0.3,16,Patterned_surface,2.0,2.0,21.276216506958008,0.5970723391932674,20.803382873535156,1.5942885669937823
unet_uniform_only,fixed_dwell,20.0,line_hop,0.3,17,Porous_Sponge,2.0,2.0,16.621109008789062,0.5233355170642264,15.71107006072998,1.6397009270003764
unet_uniform_only,fixed_dwell,20.0,line_hop,0.3,18,Powder,2.0,2.0,21.074621200561523,0.5698802857936431,20.557415008544922,1.633611301003839
unet_uniform_only,fixed_dwell,20.0,line_hop,0.3,19,Tips,2.0,2.0,26.08551788330078,0.7983493099501274,25.924501419067383,1.4795935739966808
unet_uniform_only,fixed_dwell,20.0,line_hop,0.3,20,Biological,2.0,2.0,25.354116439819336,0.6075051667427577,24.924762725830078,1.6214879830076825
unet_uniform_only,fixed_dwell,20.0,line_hop,0.3,21,Fibres,2.0,2.0,23.236801147460938,0.6383997846022289,22.86697769165039,1.64299386300263
unet_uniform_only,fixed_dwell,20.0,line_hop,0.3,22,Films_Coated_Surface,2.0,2.0,14.56212043762207,0.5236081750140471,13.595335006713867,1.7185271929920418
unet_uniform_only,fixed_dwell,20.0,line_hop,0.3,23,MEMS_devices_and_electrodes,2.0,2.0,25.83559799194336,0.3993749862593788,25.61618423461914,1.5877270030032378
unet_uniform_only,fixed_dwell,20.0,line_hop,0.3,24,Nanowires,2.0,2.0,13.579373359680176,0.3418754893713022,12.65129566192627,1.5469377319968771
unet_uniform_only,fixed_dwell,20.0,line_hop,0.3,25,Particles,2.0,2.0,32.403350830078125,0.6519512049346302,32.261741638183594,1.5625259740045294
unet_uniform_only,fixed_dwell,20.0,line_hop,0.3,26,Patterned_surface,2.0,2.0,18.974571228027344,0.3819420462220517,18.4583683013916,1.5602879090001807
unet_uniform_only,fixed_dwell,20.0,line_hop,0.3,27,Porous_Sponge,2.0,2.0,22.996166229248047,0.36441195171751145,23.2491397857666,1.6568180350004695
unet_uniform_only,fixed_dwell,20.0,line_hop,0.3,28,Powder,2.0,2.0,23.78565788269043,0.644333915065245,23.327943801879883,1.6565295229956973
unet_uniform_only,fixed_dwell,20.0,line_hop,0.3,29,Tips,2.0,2.0,39.627506256103516,0.9573070506138627,39.83954620361328,1.6036348210036522
