method,regime,dose,pattern,frac,image,category,psnr,ssim,psnr_unobserved,scan_time_rel,runtime_s
diffusion,fixed_dwell,20,uniform,0.05,0,Biological,22.96752166748047,0.2795392696679332,22.943174362182617,0.34190808496441283,5.297314368000116
diffusion,fixed_dwell,20,uniform,0.05,1,Fibres,20.909717559814453,0.38946628903871977,20.858386993408203,0.3418733318505338,4.830314634999922
diffusion,fixed_dwell,20,uniform,0.05,2,Films_Coated_Surface,22.944488525390625,0.3482768314636353,22.91311264038086,0.3417690725088968,4.8316801280006985
diffusion,fixed_dwell,20,uniform,0.05,3,MEMS_devices_and_electrodes,24.248458862304688,0.2704290451926615,24.227622985839844,0.3424988879003559,4.8436043670008075
diffusion,fixed_dwell,20,uniform,0.05,4,Nanowires,16.535030364990234,0.2881978252296382,16.424846649169922,0.3418385787366548,4.841688520000389
diffusion,fixed_dwell,20,uniform,0.05,5,Particles,16.894723892211914,0.18343067768511176,16.77235221862793,0.3428637955960854,4.843483102000391
diffusion,fixed_dwell,20,uniform,0.05,6,Patterned_surface,23.084707260131836,0.4358915564631788,23.045917510986328,0.3418038256227758,4.84277782800018
diffusion,fixed_dwell,20,uniform,0.05,7,Porous_Sponge,21.8207950592041,0.35517050204084016,21.784217834472656,0.3416995662811388,4.8508706409993465
diffusion,fixed_dwell,20,uniform,0.05,8,Powder,17.43018913269043,0.2328796841160625,17.369949340820312,0.3426205237989324,4.849588613999913
diffusion,fixed_dwell,20,uniform,0.05,9,Tips,31.056434631347656,0.9038757753796581,31.015506744384766,0.3418212021797153,4.846779595000044
diffusion,fixed_dwell,20,uniform,0.05,10,Biological,26.359777450561523,0.3825107277998895,26.34577751159668,0.3429159252669039,4.851739513999746
diffusion,fixed_dwell,20,uniform,0.05,11,Fibres,25.277530670166016,0.640377192694524,25.233482360839844,0.34216873331850534,4.845128812999974
diffusion,fixed_dwell,20,uniform,0.05,12,Films_Coated_Surface,25.098207473754883,0.3641949210351648,25.097248077392578,0.34190808496441283,4.846567596000568
diffusion,fixed_dwell,20,uniform,0.05,13,MEMS_devices_and_electrodes,25.217670440673828,0.3153566620064945,25.199100494384766,0.3421166036476868,4.845822182999655
diffusion,fixed_dwell,20,uniform,0.05,14,Nanowires,13.09761905670166,0.16580474258064787,12.977012634277344,0.34202972086298933,4.848761870000089
diffusion,fixed_dwell,20,uniform,0.05,15,Particles,35.77568435668945,0.9232993972331468,35.77930450439453,0.34216873331850534,4.845258762999947
diffusion,fixed_dwell,20,uniform,0.05,16,Patterned_surface,19.544532775878906,0.34937127834419257,19.544639587402344,0.3416821897241993,4.8480958250002
diffusion,fixed_dwell,20,uniform,0.05,17,Porous_Sponge,14.329963684082031,0.30363039768061456,14.181314468383789,0.34220348643238435,4.843983996000134
diffusion,fixed_dwell,20,uniform,0.05,18,Powder,18.95492172241211,0.32243693986230926,18.905174255371094,0.34216873331850534,4.845247313000073
diffusion,fixed_dwell,20,uniform,0.05,19,Tips,24.27478790283203,0.7355772549954708,24.255081176757812,0.34140416481316727,4.843884085000354
diffusion,fixed_dwell,20,uniform,0.05,20,Biological,22.61821746826172,0.532410726242064,22.574594497680664,0.3417343193950178,4.838992226999835
diffusion,fixed_dwell,20,uniform,0.05,21,Fibres,20.583126068115234,0.38822452914047884,20.526592254638672,0.34208185053380785,4.845429330000115
diffusion,fixed_dwell,20,uniform,0.05,22,Films_Coated_Surface,12.812307357788086,0.1703122911765891,12.693780899047852,0.3418212021797153,4.839546639999753
diffusion,fixed_dwell,20,uniform,0.05,23,MEMS_devices_and_electrodes,25.36607551574707,0.36566933824588643,25.36243438720703,0.34178644906583633,4.839415333000034
diffusion,fixed_dwell,20,uniform,0.05,24,Nanowires,13.616191864013672,0.03209196581313444,13.60247802734375,0.3423772520017793,4.843725675000314
diffusion,fixed_dwell,20,uniform,0.05,25,Particles,31.32248878479004,0.6424417797632886,31.310993194580078,0.34216873331850534,4.838526766000541
diffusion,fixed_dwell,20,uniform,0.05,26,Patterned_surface,18.16566276550293,0.23499789264823331,18.083887100219727,0.3429506783807829,4.838939858000231
diffusion,fixed_dwell,20,uniform,0.05,27,Porous_Sponge,22.77751922607422,0.3171253852791465,22.752954483032227,0.3419775911921708,4.83915713100032
diffusion,fixed_dwell,20,uniform,0.05,28,Powder,21.07613754272461,0.43148484458149583,21.0269775390625,0.34222086298932386,4.8379193009996015
diffusion,fixed_dwell,20,uniform,0.05,29,Tips,36.64210891723633,0.9338550026418672,36.61442184448242,0.3418212021797153,4.840751169000214
diffusion,fixed_dwell,20,uniform,0.05,30,Biological,26.016904830932617,0.3475735552943031,26.01251792907715,0.3424120051156584,4.838321982999332
diffusion,fixed_dwell,20,uniform,0.05,31,Fibres,32.282894134521484,0.7491674816839458,32.29180908203125,0.34258577068505336,4.83427993100031
diffusion,fixed_dwell,20,uniform,0.05,32,Films_Coated_Surface,22.5809326171875,0.27674601899987045,22.580371856689453,0.3422556161032028,4.831700238999474
diffusion,fixed_dwell,20,uniform,0.05,33,MEMS_devices_and_electrodes,23.85211944580078,0.6083697767225122,23.77290916442871,0.3418733318505338,4.827156916999229
diffusion,fixed_dwell,20,uniform,0.05,34,Nanowires,24.717952728271484,0.5757364583656337,24.666994094848633,0.34275953625444844,4.8256175909991725
diffusion,fixed_dwell,20,uniform,0.05,35,Particles,29.7115535736084,0.8201476444384688,29.686161041259766,0.34138678825622776,4.832356386000356
diffusion,fixed_dwell,20,uniform,0.05,36,Patterned_surface,29.68158721923828,0.8601649240027613,29.622289657592773,0.34215135676156583,4.820893174999583
diffusion,fixed_dwell,20,uniform,0.05,37,Porous_Sponge,15.501232147216797,0.3209977317220171,15.434054374694824,0.3418038256227758,4.83100221299992
diffusion,fixed_dwell,20,uniform,0.05,38,Powder,20.3011417388916,0.2588587292505196,20.247554779052734,0.34152580071174377,4.825267402999998
diffusion,fixed_dwell,20,uniform,0.05,39,Tips,33.844112396240234,0.8636131532859005,33.831565856933594,0.34234249888790036,4.82347358700008
diffusion,fixed_dwell,20,uniform,0.05,40,Biological,20.77539825439453,0.3125401751822542,20.743703842163086,0.3429680549377224,4.834688350999386
diffusion,fixed_dwell,20,uniform,0.05,41,Fibres,26.398345947265625,0.7270830006049609,26.372556686401367,0.3417169428380783,4.827139646999967
diffusion,fixed_dwell,20,uniform,0.05,42,Films_Coated_Surface,25.567142486572266,0.38861387846279505,25.56432342529297,0.3423946285587189,4.825344156000028
diffusion,fixed_dwell,20,uniform,0.05,43,MEMS_devices_and_electrodes,21.871353149414062,0.2299988673374868,21.819181442260742,0.34248151134341637,4.840013708000697
diffusion,fixed_dwell,20,uniform,0.05,44,Nanowires,22.121152877807617,0.3518551060060509,22.08909034729004,0.34126515235765126,4.837587036000514
diffusion,fixed_dwell,20,uniform,0.05,45,Particles,32.91620635986328,0.9519536399150486,32.90371322631836,0.34275953625444844,4.843190163000145
diffusion,fixed_dwell,20,uniform,0.05,46,Patterned_surface,26.959924697875977,0.5584939921736561,26.94710922241211,0.3426900300266904,4.840774450000026
diffusion,fixed_dwell,20,uniform,0.05,47,Porous_Sponge,21.977432250976562,0.3717979599625049,21.929758071899414,0.3428116659252669,4.838181007999992
diffusion,fixed_dwell,20,uniform,0.05,48,Powder,22.950077056884766,0.4102725454120805,22.927326202392578,0.3419775911921708,4.84660035700017
diffusion,fixed_dwell,20,uniform,0.05,49,Tips,17.933691024780273,0.1398418192703686,17.900163650512695,0.3426726534697509,4.840024447999895
diffusion,fixed_dwell,20,uniform,0.1,0,Biological,23.53936004638672,0.3015416363732588,23.500459671020508,0.5814334964412812,4.842642180000439
diffusion,fixed_dwell,20,uniform,0.1,1,Fibres,22.58055877685547,0.5259680784554664,22.50615692138672,0.5805125389234876,4.843432845999814
diffusion,fixed_dwell,20,uniform,0.1,2,Films_Coated_Surface,23.91261863708496,0.38742427512366406,23.86758041381836,0.5808426935053381,4.839298928000062
diffusion,fixed_dwell,20,uniform,0.1,3,MEMS_devices_and_electrodes,24.5502872467041,0.27999461642017315,24.498252868652344,0.5802518905693951,4.846552390999932
diffusion,fixed_dwell,20,uniform,0.1,4,Nanowires,18.166240692138672,0.49674453430803234,17.908723831176758,0.5817984041370107,4.839764014999673
diffusion,fixed_dwell,20,uniform,0.1,5,Particles,17.37224769592285,0.24792785936899933,17.133663177490234,0.5825282195284698,4.839053020000392
diffusion,fixed_dwell,20,uniform,0.1,6,Patterned_surface,24.170425415039062,0.4759569760409184,24.106332778930664,0.5814856261120998,4.842896714000744
diffusion,fixed_dwell,20,uniform,0.1,7,Porous_Sponge,22.81171417236328,0.4127965334933015,22.739154815673828,0.5822154415035588,4.842432498000562
diffusion,fixed_dwell,20,uniform,0.1,8,Powder,18.169898986816406,0.2798249243471599,18.072101593017578,0.5802518905693951,4.843402156000593
diffusion,fixed_dwell,20,uniform,0.1,9,Tips,32.17129898071289,0.9075266443243188,32.140480041503906,0.5812944839857652,4.843908062999617
diffusion,fixed_dwell,20,uniform,0.1,10,Biological,26.744171142578125,0.3888286802250274,26.743925094604492,0.5816246385676157,4.839578170000095
diffusion,fixed_dwell,20,uniform,0.1,11,Fibres,27.004878997802734,0.6873326431819263,26.943395614624023,0.5816767682384343,4.841145911999774
diffusion,fixed_dwell,20,uniform,0.1,12,Films_Coated_Surface,25.41639518737793,0.37883063780595394,25.39073944091797,0.5823892070729537,4.84092882799996
diffusion,fixed_dwell,20,uniform,0.1,13,MEMS_devices_and_electrodes,25.49585723876953,0.32193154056215534,25.476566314697266,0.5812597308718862,4.836737278999863
diffusion,fixed_dwell,20,uniform,0.1,14,Nanowires,13.899689674377441,0.3167483385658251,13.639303207397461,0.5791571674822065,4.842191054999603
diffusion,fixed_dwell,20,uniform,0.1,15,Particles,37.181880950927734,0.9251375010382277,37.18359375,0.5803213967971531,4.83951285799958
diffusion,fixed_dwell,20,uniform,0.1,16,Patterned_surface,20.007341384887695,0.38757233415599485,19.923748016357422,0.5808600700622776,4.839920837000136
diffusion,fixed_dwell,20,uniform,0.1,17,Porous_Sponge,15.968025207519531,0.4196150029574056,15.702917098999023,0.580668927935943,4.841569959000481
diffusion,fixed_dwell,20,uniform,0.1,18,Powder,19.995546340942383,0.41581200619239433,19.901941299438477,0.5804082795818506,4.841273084999557
diffusion,fixed_dwell,20,uniform,0.1,19,Tips,25.36060333251953,0.7652367190871338,25.30044174194336,0.5805299154804271,4.840937305999432
diffusion,fixed_dwell,20,uniform,0.1,20,Biological,24.58197021484375,0.5723668666475191,24.52035903930664,0.5801476312277581,4.84017541600042
diffusion,fixed_dwell,20,uniform,0.1,21,Fibres,23.11437225341797,0.622979387639039,23.033458709716797,0.5806863044928826,4.840634357999988
diffusion,fixed_dwell,20,uniform,0.1,22,Films_Coated_Surface,13.858800888061523,0.34268005089649595,13.582761764526367,0.5807210576067616,4.840246118000323
diffusion,fixed_dwell,20,uniform,0.1,23,MEMS_devices_and_electrodes,25.64703941345215,0.3704530952855768,25.633926391601562,0.5806515513790036,4.844816271000127
diffusion,fixed_dwell,20,uniform,0.1,24,Nanowires,13.747261047363281,0.06445118956270555,13.675199508666992,0.5819026634786477,4.839784590999443
diffusion,fixed_dwell,20,uniform,0.1,25,Particles,32.101009368896484,0.6440081276028952,32.085960388183594,0.5813813667704627,4.840201281000191
diffusion,fixed_dwell,20,uniform,0.1,26,Patterned_surface,18.6173038482666,0.29140538598118043,18.422222137451172,0.5824239601868328,4.841705453000031
diffusion,fixed_dwell,20,uniform,0.1,27,Porous_Sponge,23.690093994140625,0.3328274737085575,23.66472053527832,0.5824413367437723,4.842126646999532
diffusion,fixed_dwell,20,uniform,0.1,28,Powder,22.354747772216797,0.5179573627407015,22.268245697021484,0.5808600700622776,4.841704514999947
diffusion,fixed_dwell,20,uniform,0.1,29,Tips,38.61119079589844,0.9572790115628803,38.58807373046875,0.5809469528469751,4.838601358000233
diffusion,fixed_dwell,20,uniform,0.1,30,Biological,26.363019943237305,0.35288406165032843,26.358308792114258,0.5806863044928826,4.842117271000461
diffusion,fixed_dwell,20,uniform,0.1,31,Fibres,33.298431396484375,0.7522811577901679,33.30561065673828,0.5806167982651247,4.830117249000068
diffusion,fixed_dwell,20,uniform,0.1,32,Films_Coated_Surface,23.00572967529297,0.3087842574457276,22.961837768554688,0.5799217359875446,4.835865547999674
diffusion,fixed_dwell,20,uniform,0.1,33,MEMS_devices_and_electrodes,24.873857498168945,0.6229075246915625,24.737274169921875,0.5797827235320285,4.827956697000445
diffusion,fixed_dwell,20,uniform,0.1,34,Nanowires,26.521808624267578,0.6748031909039868,26.4466495513916,0.5814856261120998,4.825124641000002
diffusion,fixed_dwell,20,uniform,0.1,35,Particles,30.573162078857422,0.8237742332537346,30.55486488342285,0.5809990825177936,4.832211093000296
diffusion,fixed_dwell,20,uniform,0.1,36,Patterned_surface,31.385404586791992,0.8762807910544497,31.243972778320312,0.5807384341637011,4.826506282000082
diffusion,fixed_dwell,20,uniform,0.1,37,Porous_Sponge,16.089988708496094,0.37179968174749883,15.974929809570312,0.5807905638345197,4.830975003999811
diffusion,fixed_dwell,20,uniform,0.1,38,Powder,20.966350555419922,0.2932069765969781,20.87763023376465,0.5800086187722421,4.8251315269999395
diffusion,fixed_dwell,20,uniform,0.1,39,Tips,35.229087829589844,0.8669460008829093,35.2310905456543,0.57938306272242,4.836924745000033
diffusion,fixed_dwell,20,uniform,0.1,40,Biological,21.625356674194336,0.36320308770342363,21.559444427490234,0.5809295762900356,4.828030327000306
diffusion,fixed_dwell,20,uniform,0.1,41,Fibres,28.722675323486328,0.7696164470846573,28.67018699645996,0.5817115213523132,4.825044893000268
diffusion,fixed_dwell,20,uniform,0.1,42,Films_Coated_Surface,25.963848114013672,0.3932618143844575,25.955284118652344,0.5814508729982207,4.826222214999689
diffusion,fixed_dwell,20,uniform,0.1,43,MEMS_devices_and_electrodes,22.2545166015625,0.24662658511228214,22.14932632446289,0.5820416759341638,4.828228465999928
diffusion,fixed_dwell,20,uniform,0.1,44,Nanowires,23.01492691040039,0.37930241296270767,22.9708251953125,0.5819026634786477,4.82390347799992
diffusion,fixed_dwell,20,uniform,0.1,45,Particles,34.5681266784668,0.9534383033480964,34.557315826416016,0.5809990825177936,4.828523943999244
diffusion,fixed_dwell,20,uniform,0.1,46,Patterned_surface,27.418546676635742,0.5629883924348239,27.407100677490234,0.5813466136565837,4.830239082999469
diffusion,fixed_dwell,20,uniform,0.1,47,Porous_Sponge,22.966285705566406,0.42929735124145907,22.888469696044922,0.5806341748220641,4.8263420759994915
diffusion,fixed_dwell,20,uniform,0.1,48,Powder,23.830402374267578,0.44362664078749103,23.79052734375,0.5808774466192171,4.828701280000132
diffusion,fixed_dwell,20,uniform,0.1,49,Tips,18.35828971862793,0.17335343917068044,18.289331436157227,0.579834853202847,4.8249790729996676
diffusion,fixed_dwell,20,uniform,0.15,0,Biological,23.94771385192871,0.332363810774149,23.89297103881836,0.7992243104982206,4.826370155999939
diffusion,fixed_dwell,20,uniform,0.15,1,Fibres,23.622230529785156,0.5968844307780075,23.526123046875,0.7973128892348755,4.829939616000047
diffusion,fixed_dwell,20,uniform,0.15,2,Films_Coated_Surface,24.347827911376953,0.4079307208777212,24.29326057434082,0.7980774577402135,4.842366781999772
diffusion,fixed_dwell,20,uniform,0.15,3,MEMS_devices_and_electrodes,24.710607528686523,0.28451384835540433,24.671430587768555,0.7974519016903916,4.847524983000767
diffusion,fixed_dwell,20,uniform,0.15,4,Nanowires,19.318035125732422,0.6111346324699277,18.931997299194336,0.7966525800711745,4.828698016000089
diffusion,fixed_dwell,20,uniform,0.15,5,Particles,17.896223068237305,0.30827934882807395,17.53696060180664,0.7994675822953737,4.83234517999972
diffusion,fixed_dwell,20,uniform,0.15,6,Patterned_surface,24.929176330566406,0.5103802222063667,24.843061447143555,0.7979384452846976,4.8421578400002545
diffusion,fixed_dwell,20,uniform,0.15,7,Porous_Sponge,23.41318130493164,0.4508215608767122,23.30194854736328,0.7974866548042705,4.836793372000102
diffusion,fixed_dwell,20,uniform,0.15,8,Powder,18.647659301757812,0.30318029706655814,18.529857635498047,0.7986161310053381,4.839940011999715
diffusion,fixed_dwell,20,uniform,0.15,9,Tips,32.826053619384766,0.9097864650116857,32.80333709716797,0.7962702958185054,4.837863900999764
diffusion,fixed_dwell,20,uniform,0.15,10,Biological,27.008644104003906,0.3985513163432909,26.991758346557617,0.7954535976423488,4.841161607999311
diffusion,fixed_dwell,20,uniform,0.15,11,Fibres,27.924419403076172,0.703865375876224,27.86998748779297,0.7977646797153026,4.846010584000396
diffusion,fixed_dwell,20,uniform,0.15,12,Films_Coated_Surface,25.793880462646484,0.4015696123955003,25.751314163208008,0.7982164701957296,4.839435861999846
diffusion,fixed_dwell,20,uniform,0.15,13,MEMS_devices_and_electrodes,25.479299545288086,0.32339466249838056,25.452863693237305,0.797677796930605,4.841733004999696
diffusion,fixed_dwell,20,uniform,0.15,14,Nanowires,14.771040916442871,0.449943214889,14.367897033691406,0.7987551434608542,4.84217564499977
diffusion,fixed_dwell,20,uniform,0.15,15,Particles,37.52267837524414,0.9246059586685605,37.5230712890625,0.7964266848309609,4.840132760000415
diffusion,fixed_dwell,20,uniform,0.15,16,Patterned_surface,22.799877166748047,0.6921623296394277,22.632368087768555,0.7966525800711745,4.842052027999671
diffusion,fixed_dwell,20,uniform,0.15,17,Porous_Sponge,16.972360610961914,0.486383111137363,16.592496871948242,0.7988941559163703,4.838738305999868
diffusion,fixed_dwell,20,uniform,0.15,18,Powder,20.720787048339844,0.46257241074190314,20.588876724243164,0.8007708240658363,4.834019519999856
diffusion,fixed_dwell,20,uniform,0.15,19,Tips,26.037015914916992,0.7880745103877871,25.95147705078125,0.7979558218416372,4.834872840000571
diffusion,fixed_dwell,20,uniform,0.15,20,Biological,25.204692840576172,0.5895540685624043,25.12954330444336,0.7982164701957296,4.821631816999798
diffusion,fixed_dwell,20,uniform,0.15,21,Fibres,24.5499210357666,0.7188107228829085,24.4541072845459,0.7994154526245552,4.8227083000001585
diffusion,fixed_dwell,20,uniform,0.15,22,Films_Coated_Surface,14.837645530700684,0.4628079766449207,14.41884994506836,0.7984423654359432,4.825025952999567
diffusion,fixed_dwell,20,uniform,0.15,23,MEMS_devices_and_electrodes,25.770444869995117,0.3747306190888519,25.747108459472656,0.7979905749555161,4.828029009999227
diffusion,fixed_dwell,20,uniform,0.15,24,Nanowires,13.968273162841797,0.16019835629349027,13.700639724731445,0.7975040313612101,4.834674284000357
diffusion,fixed_dwell,20,uniform,0.15,25,Particles,32.33893585205078,0.6454751771441882,32.329063415527344,0.797712550044484,4.824498885000139
diffusion,fixed_dwell,20,uniform,0.15,26,Patterned_surface,19.00209617614746,0.32687224574329277,18.715728759765625,0.797330265791815,4.827125559000706
diffusion,fixed_dwell,20,uniform,0.15,27,Porous_Sponge,23.966276168823242,0.3393301029237509,23.93695640563965,0.7967568394128115,4.832575823999832
diffusion,fixed_dwell,20,uniform,0.15,28,Powder,23.212663650512695,0.5763727384586762,23.09931182861328,0.7974519016903916,4.827844657999776
diffusion,fixed_dwell,20,uniform,0.15,29,Tips,39.90580749511719,0.9681332992524131,39.84893035888672,0.7984597419928826,4.830024471000797
diffusion,fixed_dwell,20,uniform,0.15,30,Biological,26.450557708740234,0.35364754318790603,26.428607940673828,0.7970348643238435,4.835145150999779
diffusion,fixed_dwell,20,uniform,0.15,31,Fibres,33.52701950073242,0.7521200854760097,33.51345443725586,0.7984249888790037,4.821854699999676
diffusion,fixed_dwell,20,uniform,0.15,32,Films_Coated_Surface,23.452054977416992,0.3600108319542088,23.38260841369629,0.7985292482206406,4.828355534000366
diffusion,fixed_dwell,20,uniform,0.15,33,MEMS_devices_and_electrodes,25.486696243286133,0.6323209296305261,25.274860382080078,0.7994502057384343,4.82494221900015
diffusion,fixed_dwell,20,uniform,0.15,34,Nanowires,27.66916275024414,0.733361419451594,27.57550811767578,0.7993980760676158,4.833405686999868
diffusion,fixed_dwell,20,uniform,0.15,35,Particles,31.322673797607422,0.8268859296188925,31.309246063232422,0.796878475311388,4.838489753999966
diffusion,fixed_dwell,20,uniform,0.15,36,Patterned_surface,32.09435272216797,0.8917504526515867,31.899925231933594,0.7987725200177936,4.827471169999626
diffusion,fixed_dwell,20,uniform,0.15,37,Porous_Sponge,16.54212760925293,0.4215996295792279,16.352489471435547,0.7972607595640571,4.829469300999335
diffusion,fixed_dwell,20,uniform,0.15,38,Powder,21.495723724365234,0.32090888284409613,21.38627815246582,0.7958880115658363,4.830199529999845
diffusion,fixed_dwell,20,uniform,0.15,39,Tips,35.77203369140625,0.8671508978815259,35.75716018676758,0.7970348643238435,4.826719447999494
diffusion,fixed_dwell,20,uniform,0.15,40,Biological,22.337759017944336,0.40646049780328664,22.23394203186035,0.7987203903469752,4.833449377000761
diffusion,fixed_dwell,20,uniform,0.15,41,Fibres,29.663482666015625,0.7778633220849287,29.622743606567383,0.7979905749555161,4.825922919999357
diffusion,fixed_dwell,20,uniform,0.15,42,Films_Coated_Surface,26.18544578552246,0.3998760724146977,26.16293716430664,0.7981469639679717,4.824587545000213
diffusion,fixed_dwell,20,uniform,0.15,43,MEMS_devices_and_electrodes,22.331750869750977,0.2555652591675898,22.17287826538086,0.7984423654359432,4.842828064000059
diffusion,fixed_dwell,20,uniform,0.15,44,Nanowires,23.500154495239258,0.4046158626524698,23.425216674804688,0.7985987544483987,4.840557810999599
diffusion,fixed_dwell,20,uniform,0.15,45,Particles,35.65771484375,0.954041828877473,35.63121032714844,0.7969306049822065,4.839469534999807
diffusion,fixed_dwell,20,uniform,0.15,46,Patterned_surface,27.66166877746582,0.5738387232950515,27.648942947387695,0.7981990936387902,4.839512337000087
diffusion,fixed_dwell,20,uniform,0.15,47,Porous_Sponge,23.589067459106445,0.4647635144743095,23.46796989440918,0.7974171485765125,4.840368329000739
diffusion,fixed_dwell,20,uniform,0.15,48,Powder,24.379606246948242,0.4662720541549303,24.32097625732422,0.8001626445729538,4.845064283999818
diffusion,fixed_dwell,20,uniform,0.15,49,Tips,18.688447952270508,0.20245269229357077,18.58850860595703,0.797295512677936,4.835766854000212
diffusion,fixed_dwell,20,uniform,0.2,0,Biological,24.082210540771484,0.3534148848762961,23.985755920410156,0.9913464746441282,4.837458331000562
diffusion,fixed_dwell,20,uniform,0.2,1,Fibres,24.206329345703125,0.6481419856641367,24.07891845703125,0.9929798709964414,4.842608009999822
diffusion,fixed_dwell,20,uniform,0.2,2,Films_Coated_Surface,24.858642578125,0.4247840820261216,24.789905548095703,0.9932752724644129,4.840862185000333
diffusion,fixed_dwell,20,uniform,0.2,3,MEMS_devices_and_electrodes,24.7452449798584,0.2908058503584432,24.632923126220703,0.9913812277580072,4.842261575000521
diffusion,fixed_dwell,20,uniform,0.2,4,Nanowires,20.366737365722656,0.6887240278984101,19.87989616394043,0.9927887288701068,4.840028449000783
diffusion,fixed_dwell,20,uniform,0.2,5,Particles,18.2923583984375,0.35482571803228957,17.81058120727539,0.9923543149466193,4.835069638999812
diffusion,fixed_dwell,20,uniform,0.2,6,Patterned_surface,25.42792510986328,0.5300128221154892,25.32839584350586,0.9905123999110322,4.825421826999445
diffusion,fixed_dwell,20,uniform,0.2,7,Porous_Sponge,23.816556930541992,0.4688479841873777,23.680572509765625,0.9940224644128114,4.823800579000817
diffusion,fixed_dwell,20,uniform,0.2,8,Powder,18.883058547973633,0.32123191366684356,18.736736297607422,0.9904776467971531,4.818820214999505
diffusion,fixed_dwell,20,uniform,0.2,9,Tips,32.957881927490234,0.9100980560959904,32.92699432373047,0.9879754225978649,4.827178527000797
diffusion,fixed_dwell,20,uniform,0.2,10,Biological,27.031259536743164,0.39730364352510944,27.006641387939453,0.9930146241103205,4.822920046000945
diffusion,fixed_dwell,20,uniform,0.2,11,Fibres,28.34795379638672,0.7126690729680951,28.26262664794922,0.9944916314501779,4.821634760000961
diffusion,fixed_dwell,20,uniform,0.2,12,Films_Coated_Surface,26.11664581298828,0.4333606102378864,26.032926559448242,0.9910163200622776,4.823456772999634
diffusion,fixed_dwell,20,uniform,0.2,13,MEMS_devices_and_electrodes,25.578107833862305,0.32928581008760177,25.514923095703125,0.9905992826957297,4.826946004001002
diffusion,fixed_dwell,20,uniform,0.2,14,Nanowires,15.389307022094727,0.5315035254159722,14.841718673706055,0.9907730482651247,4.826855984998474
diffusion,fixed_dwell,20,uniform,0.2,15,Particles,38.29493713378906,0.9256478500871103,38.294921875,0.9910858262900356,4.824022275999596
diffusion,fixed_dwell,20,uniform,0.2,16,Patterned_surface,25.248889923095703,0.826056545319746,25.015859603881836,0.9929103647686833,4.821948131000681
diffusion,fixed_dwell,20,uniform,0.2,17,Porous_Sponge,17.711904525756836,0.5284979617181785,17.23609161376953,0.9950129281583631,4.828961741000967
diffusion,fixed_dwell,20,uniform,0.2,18,Powder,21.263195037841797,0.5100646468813967,21.090124130249023,0.9925107039590748,4.82401278100042
diffusion,fixed_dwell,20,uniform,0.2,19,Tips,26.35942840576172,0.7966012042908549,26.23778533935547,0.9903212577846976,4.8254087590012205
diffusion,fixed_dwell,20,uniform,0.2,20,Biological,25.613712310791016,0.5975544503670536,25.517118453979492,0.9908946841637012,4.83525524200013
diffusion,fixed_dwell,20,uniform,0.2,21,Fibres,25.636669158935547,0.7675324822128188,25.5445499420166,0.9884098365213524,4.823219961999712
diffusion,fixed_dwell,20,uniform,0.2,22,Films_Coated_Surface,15.707606315612793,0.5402020471064009,15.179519653320312,0.9930320006672598,4.826231383000049
diffusion,fixed_dwell,20,uniform,0.2,23,MEMS_devices_and_electrodes,25.870817184448242,0.3748828299288129,25.849016189575195,0.9904602702402135,4.823438182998871
diffusion,fixed_dwell,20,uniform,0.2,24,Nanowires,14.265064239501953,0.26292995486408943,13.796597480773926,0.9919546541370108,4.823897041000237
diffusion,fixed_dwell,20,uniform,0.2,25,Particles,32.46408462524414,0.6463756287720805,32.44759750366211,0.9922326790480428,4.82563902199945
diffusion,fixed_dwell,20,uniform,0.2,26,Patterned_surface,19.251527786254883,0.3537603323942633,18.857683181762695,0.9892439112544485,4.819586026000252
diffusion,fixed_dwell,20,uniform,0.2,27,Porous_Sponge,24.264545440673828,0.34590145640238684,24.227184295654297,0.9906340358096085,4.830145301000812
diffusion,fixed_dwell,20,uniform,0.2,28,Powder,23.86573600769043,0.6118821516449247,23.721582412719727,0.9917808885676156,4.826991096999336
diffusion,fixed_dwell,20,uniform,0.2,29,Tips,40.72917556762695,0.9528900315034482,40.65536117553711,0.9930493772241993,4.825417866999487
diffusion,fixed_dwell,20,uniform,0.2,30,Biological,26.558391571044922,0.35917531614219467,26.53448486328125,0.9910336966192171,4.834643694999613
diffusion,fixed_dwell,20,uniform,0.2,31,Fibres,33.69245910644531,0.7532671072036198,33.67616271972656,0.9897130782918151,4.836170033000599
diffusion,fixed_dwell,20,uniform,0.2,32,Films_Coated_Surface,23.693214416503906,0.3875949618018783,23.5880069732666,0.9891744050266905,4.839873954999348
diffusion,fixed_dwell,20,uniform,0.2,33,MEMS_devices_and_electrodes,25.715463638305664,0.6347619490579357,25.492328643798828,0.9914681105427047,4.839524888999222
diffusion,fixed_dwell,20,uniform,0.2,34,Nanowires,28.460710525512695,0.7681621632606898,28.33369255065918,0.9923716915035588,4.838379594999424
diffusion,fixed_dwell,20,uniform,0.2,35,Particles,31.510818481445312,0.8288226987319142,31.500808715820312,0.9917982651245553,4.84238250099952
diffusion,fixed_dwell,20,uniform,0.2,36,Patterned_surface,32.687652587890625,0.897948384099571,32.437400817871094,0.9921457962633452,4.837670483999318
diffusion,fixed_dwell,20,uniform,0.2,37,Porous_Sponge,16.880451202392578,0.46706358518492386,16.58502197265625,0.9888790035587189,4.83868268399965
diffusion,fixed_dwell,20,uniform,0.2,38,Powder,21.83957290649414,0.33869276494848416,21.709518432617188,0.9899737266459075,4.841406118999657
diffusion,fixed_dwell,20,uniform,0.2,39,Tips,36.05763626098633,0.8682652811425475,36.0494270324707,0.9901474922153026,4.837473944999147
diffusion,fixed_dwell,20,uniform,0.2,40,Biological,22.790117263793945,0.43809138583386287,22.6706600189209,0.9916940057829181,4.839612556999782
diffusion,fixed_dwell,20,uniform,0.2,41,Fibres,30.208227157592773,0.7861748737867402,30.13328742980957,0.9909294372775801,4.842095751999295
diffusion,fixed_dwell,20,uniform,0.2,42,Films_Coated_Surface,26.36848258972168,0.405557975341749,26.33868408203125,0.9904428936832741,4.83315745300024
diffusion,fixed_dwell,20,uniform,0.2,43,MEMS_devices_and_electrodes,22.502458572387695,0.26970322292459403,22.29213523864746,0.9908251779359432,4.830616396000551
diffusion,fixed_dwell,20,uniform,0.2,44,Nanowires,23.934621810913086,0.4266756054802822,23.862625122070312,0.9910510731761566,4.832817903999967
diffusion,fixed_dwell,20,uniform,0.2,45,Particles,36.86833572387695,0.9563542426609472,36.85026550292969,0.9910684497330963,4.850328755999726
diffusion,fixed_dwell,20,uniform,0.2,46,Patterned_surface,28.000362396240234,0.5980782436990674,27.968769073486328,0.9915549933274022,4.8522810579997895
diffusion,fixed_dwell,20,uniform,0.2,47,Porous_Sponge,24.101783752441406,0.49134394196941594,23.96904945373535,0.9920415369217084,4.849422291999872
diffusion,fixed_dwell,20,uniform,0.2,48,Powder,24.76171112060547,0.4936774160658256,24.676027297973633,0.989400300266904,4.849337727999227
diffusion,fixed_dwell,20,uniform,0.2,49,Tips,18.850982666015625,0.21612466877138625,18.71600914001465,0.9923195618327403,4.841360006999821
diffusion,fixed_dwell,20,uniform,0.3,0,Biological,24.5073299407959,0.3844655335173241,24.380542755126953,1.3103244550711746,4.839986285000123
diffusion,fixed_dwell,20,uniform,0.3,1,Fibres,25.221843719482422,0.7085854698827453,25.050077438354492,1.3101506895017796,4.840771457998926
diffusion,fixed_dwell,20,uniform,0.3,2,Films_Coated_Surface,25.323087692260742,0.44529657419965285,25.233264923095703,1.3147902302046264,4.843410584999219
diffusion,fixed_dwell,20,uniform,0.3,3,MEMS_devices_and_electrodes,24.872896194458008,0.2979457171682685,24.746370315551758,1.3111237766903914,4.844990723000592
diffusion,fixed_dwell,20,uniform,0.3,4,Nanowires,21.70819854736328,0.7684269423981118,21.008424758911133,1.3163541203291813,4.842954247998932
diffusion,fixed_dwell,20,uniform,0.3,5,Particles,19.158126831054688,0.43138084120871617,18.471548080444336,1.312183746663701,4.844298774998606
diffusion,fixed_dwell,20,uniform,0.3,6,Patterned_surface,26.12090301513672,0.5500369725504071,26.001243591308594,1.3099247942615662,4.844609509000293
diffusion,fixed_dwell,20,uniform,0.3,7,Porous_Sponge,24.423778533935547,0.5084425518827406,24.228086471557617,1.3111064001334523,4.838068334000127
diffusion,fixed_dwell,20,uniform,0.3,8,Powder,19.232988357543945,0.34423156191625937,19.049028396606445,1.3124965246886122,4.840538386999469
diffusion,fixed_dwell,20,uniform,0.3,9,Tips,33.50498580932617,0.9124998951089333,33.38429641723633,1.3135391181049823,4.847950548999506
diffusion,fixed_dwell,20,uniform,0.3,10,Biological,27.253204345703125,0.4087440135208635,27.213577270507812,1.3108457517793595,4.847400928998468
diffusion,fixed_dwell,20,uniform,0.3,11,Fibres,29.180143356323242,0.7274713562986934,29.07526969909668,1.311836215524911,4.84532519899949
diffusion,fixed_dwell,20,uniform,0.3,12,Films_Coated_Surface,26.59592628479004,0.47935048185751555,26.463626861572266,1.3095425100088969,4.843589271999008
diffusion,fixed_dwell,20,uniform,0.3,13,MEMS_devices_and_electrodes,25.721576690673828,0.3378288779628844,25.615015029907227,1.3128093027135233,4.836441354998897
diffusion,fixed_dwell,20,uniform,0.3,14,Nanowires,16.49184799194336,0.6491849451848186,15.655359268188477,1.3091080960854096,4.837756699998863
diffusion,fixed_dwell,20,uniform,0.3,15,Particles,38.784568786621094,0.9259408676022888,38.790191650390625,1.3115060609430607,4.841689987999416
diffusion,fixed_dwell,20,uniform,0.3,16,Patterned_surface,26.984445571899414,0.8714794226778709,26.672870635986328,1.3109847642348758,4.844046256999718
diffusion,fixed_dwell,20,uniform,0.3,17,Porous_Sponge,18.887035369873047,0.5894451665116018,18.241851806640625,1.3126876668149468,4.854096399998525
diffusion,fixed_dwell,20,uniform,0.3,18,Powder,22.065296173095703,0.5649173419967274,21.84130859375,1.3141646741548045,4.850553815000239
diffusion,fixed_dwell,20,uniform,0.3,19,Tips,27.30724334716797,0.8253869577707573,27.135601043701172,1.3110542704626333,4.851073245999942
diffusion,fixed_dwell,20,uniform,0.3,20,Biological,26.409866333007812,0.6138755996055696,26.294153213500977,1.309855288033808,4.842214985999817
diffusion,fixed_dwell,20,uniform,0.3,21,Fibres,26.765052795410156,0.8098730331282649,26.647031784057617,1.308812694617438,4.839663658998688
diffusion,fixed_dwell,20,uniform,0.3,22,Films_Coated_Surface,17.110740661621094,0.64145772415493,16.385805130004883,1.3085346697064058,4.843104652998591
diffusion,fixed_dwell,20,uniform,0.3,23,MEMS_devices_and_electrodes,25.946884155273438,0.3776017329321025,25.941661834716797,1.3100985598309611,4.841859901000134
diffusion,fixed_dwell,20,uniform,0.3,24,Nanowires,14.957351684570312,0.3919389201902381,14.216642379760742,1.3098031583629894,4.846941976999005
diffusion,fixed_dwell,20,uniform,0.3,25,Particles,32.58397674560547,0.6471852096003888,32.574440002441406,1.3138345195729537,4.843168708999656
diffusion,fixed_dwell,20,uniform,0.3,26,Patterned_surface,19.93582534790039,0.40819193001391424,19.369638442993164,1.311975227980427,4.839534225999159
diffusion,fixed_dwell,20,uniform,0.3,27,Porous_Sponge,24.596893310546875,0.35597550048479293,24.537029266357422,1.3079438667704626,4.8402476710016344
diffusion,fixed_dwell,20,uniform,0.3,28,Powder,24.663036346435547,0.6591536719379514,24.471704483032227,1.3105329737544484,4.840406780000194
diffusion,fixed_dwell,20,uniform,0.3,29,Tips,41.54094696044922,0.9539678999191373,41.489044189453125,1.310515597197509,4.844964896999954
diffusion,fixed_dwell,20,uniform,0.3,30,Biological,26.73211097717285,0.3657961248082852,26.696063995361328,1.3114365547153026,4.845920513000237
diffusion,fixed_dwell,20,uniform,0.3,31,Fibres,33.936771392822266,0.7548268208131632,33.91810607910156,1.3120968638790038,4.839316177000001
diffusion,fixed_dwell,20,uniform,0.3,32,Films_Coated_Surface,24.23396873474121,0.44144643215348034,24.090286254882812,1.310202819172598,4.839476481998645
diffusion,fixed_dwell,20,uniform,0.3,33,MEMS_devices_and_electrodes,26.151920318603516,0.6445554648537605,25.772705078125,1.3118883451957295,4.844725381000899
diffusion,fixed_dwell,20,uniform,0.3,34,Nanowires,29.662071228027344,0.8106342035106467,29.5217342376709,1.3102549488434165,4.842547629999899
diffusion,fixed_dwell,20,uniform,0.3,35,Particles,32.30170440673828,0.8349892715837326,32.23915100097656,1.3101159363879002,4.844664845000807
diffusion,fixed_dwell,20,uniform,0.3,36,Patterned_surface,33.3001594543457,0.9046669025332744,32.894500732421875,1.3090385898576515,4.843900898000356
diffusion,fixed_dwell,20,uniform,0.3,37,Porous_Sponge,17.419530868530273,0.5270170325068517,16.912935256958008,1.3107588689946619,4.842081108999992
diffusion,fixed_dwell,20,uniform,0.3,38,Powder,22.278053283691406,0.38894868224850193,22.06007957458496,1.3091428491992885,4.8496123630011425
diffusion,fixed_dwell,20,uniform,0.3,39,Tips,36.49607849121094,0.8693400233294679,36.48496627807617,1.3095251334519573,4.842093210998428
diffusion,fixed_dwell,20,uniform,0.3,40,Biological,23.488256454467773,0.48295701605639146,23.31393051147461,1.3110021407918149,4.8453802669992
diffusion,fixed_dwell,20,uniform,0.3,41,Fibres,30.826068878173828,0.7909136965557091,30.78083038330078,1.3107067393238434,4.849226185000589
diffusion,fixed_dwell,20,uniform,0.3,42,Films_Coated_Surface,26.81829071044922,0.4260852518136471,26.77025032043457,1.3119578514234875,4.840487338000457
diffusion,fixed_dwell,20,uniform,0.3,43,MEMS_devices_and_electrodes,22.53240394592285,0.30362933457477065,22.19632911682129,1.3096988990213523,4.84615038299853
diffusion,fixed_dwell,20,uniform,0.3,44,Nanowires,24.410858154296875,0.46395035749545094,24.283143997192383,1.3099247942615662,4.84627682899918
diffusion,fixed_dwell,20,uniform,0.3,45,Particles,37.15147018432617,0.9567587896382257,37.126487731933594,1.30594556272242,4.844610131000081
diffusion,fixed_dwell,20,uniform,0.3,46,Patterned_surface,28.85150909423828,0.6500367555008814,28.79346466064453,1.3098379114768683,4.848435163001341
diffusion,fixed_dwell,20,uniform,0.3,47,Porous_Sponge,24.715980529785156,0.5252942555871479,24.52662467956543,1.3133305994217084,4.840347651999764
diffusion,fixed_dwell,20,uniform,0.3,48,Powder,25.40622901916504,0.5236393823184309,25.29369354248047,1.3078917370996441,4.84468409100009
diffusion,fixed_dwell,20,uniform,0.3,49,Tips,19.108421325683594,0.24271579105289381,18.916309356689453,1.3099769239323846,4.843225618998986
diffusion,fixed_dwell,20,partial_raster,0.05,0,Biological,22.66207504272461,0.26642557955571816,22.602758407592773,0.05078125,4.840540200999385
diffusion,fixed_dwell,20,partial_raster,0.05,1,Fibres,19.68707275390625,0.3061781763888439,19.57166290283203,0.05078125,4.844917349999378
diffusion,fixed_dwell,20,partial_raster,0.05,2,Films_Coated_Surface,22.143001556396484,0.3206422936325719,22.05194854736328,0.05078125,4.839608288000818
diffusion,fixed_dwell,20,partial_raster,0.05,3,MEMS_devices_and_electrodes,23.26546859741211,0.25686971893999994,23.200281143188477,0.05078125,4.846632090000639
diffusion,fixed_dwell,20,partial_raster,0.05,4,Nanowires,15.055864334106445,0.18675566571521998,14.857930183410645,0.05078125,4.847354389999964
diffusion,fixed_dwell,20,partial_raster,0.05,5,Particles,16.704957962036133,0.17380251444146252,16.546865463256836,0.05078125,4.84180963000108
diffusion,fixed_dwell,20,partial_raster,0.05,6,Patterned_surface,20.706693649291992,0.3882623635807572,20.55089569091797,0.05078125,4.843063629001335
diffusion,fixed_dwell,20,partial_raster,0.05,7,Porous_Sponge,20.49578094482422,0.3254895647738221,20.36353874206543,0.05078125,4.844647283998711
diffusion,fixed_dwell,20,partial_raster,0.05,8,Powder,15.561105728149414,0.1655414759722446,15.426048278808594,0.05078125,4.840294649000498
diffusion,fixed_dwell,20,partial_raster,0.05,9,Tips,31.42327117919922,0.9042400993229172,31.37753677368164,0.05078125,4.849106876001315
diffusion,fixed_dwell,20,partial_raster,0.05,10,Biological,25.99752426147461,0.38057220193783026,25.963876724243164,0.05078125,4.840456349000306
diffusion,fixed_dwell,20,partial_raster,0.05,11,Fibres,23.41451644897461,0.6048499596317775,23.290096282958984,0.05078125,4.841301359001591
diffusion,fixed_dwell,20,partial_raster,0.05,12,Films_Coated_Surface,24.81705093383789,0.36503929410148916,24.77972984313965,0.05078125,4.845084914000836
diffusion,fixed_dwell,20,partial_raster,0.05,13,MEMS_devices_and_electrodes,24.540273666381836,0.306508994430053,24.49152374267578,0.05078125,4.841331187999458
diffusion,fixed_dwell,20,partial_raster,0.05,14,Nanowires,12.33655071258545,0.12913849582565182,12.150089263916016,0.05078125,4.845357861000593
diffusion,fixed_dwell,20,partial_raster,0.05,15,Particles,35.1398811340332,0.922186734579764,35.11330032348633,0.05078125,4.837119948000691
diffusion,fixed_dwell,20,partial_raster,0.05,16,Patterned_surface,19.371849060058594,0.31744956411622915,19.260189056396484,0.05078125,4.829462011999567
diffusion,fixed_dwell,20,partial_raster,0.05,17,Porous_Sponge,12.158624649047852,0.16664754469847692,11.963651657104492,0.05078125,4.8368596930013155
diffusion,fixed_dwell,20,partial_raster,0.05,18,Powder,17.4158935546875,0.2712994193396509,17.269027709960938,0.05078125,4.835775789000763
diffusion,fixed_dwell,20,partial_raster,0.05,19,Tips,23.818349838256836,0.7309140806500821,23.732297897338867,0.05078125,4.827986420999878
diffusion,fixed_dwell,20,partial_raster,0.05,20,Biological,19.565210342407227,0.45972997225315104,19.408174514770508,0.05078125,4.833876184000474
diffusion,fixed_dwell,20,partial_raster,0.05,21,Fibres,19.058473587036133,0.29657842005761803,18.905677795410156,0.05078125,4.829360593999809
diffusion,fixed_dwell,20,partial_raster,0.05,22,Films_Coated_Surface,11.998254776000977,0.14049186104784872,11.808757781982422,0.05078125,4.834227838999141
diffusion,fixed_dwell,20,partial_raster,0.05,23,MEMS_devices_and_electrodes,24.427627563476562,0.35445078711534345,24.371273040771484,0.05078125,4.827551246000439
diffusion,fixed_dwell,20,partial_raster,0.05,24,Nanowires,12.947639465332031,0.06968325609571367,12.791511535644531,0.05078125,4.8282919180001045
diffusion,fixed_dwell,20,partial_raster,0.05,25,Particles,29.751312255859375,0.641615238931683,29.652198791503906,0.05078125,4.833905491001133
diffusion,fixed_dwell,20,partial_raster,0.05,26,Patterned_surface,17.473604202270508,0.21419020212004683,17.332420349121094,0.05078125,4.82907250199969
diffusion,fixed_dwell,20,partial_raster,0.05,27,Porous_Sponge,21.122682571411133,0.29630443567771114,21.016258239746094,0.05078125,4.830455118999453
diffusion,fixed_dwell,20,partial_raster,0.05,28,Powder,19.427255630493164,0.36588161409163866,19.275028228759766,0.05078125,4.830391457000587
diffusion,fixed_dwell,20,partial_raster,0.05,29,Tips,34.822940826416016,0.9495685084696588,34.70972442626953,0.05078125,4.829598104999604
diffusion,fixed_dwell,20,partial_raster,0.05,30,Biological,25.876998901367188,0.34537763323420323,25.867433547973633,0.05078125,4.8311304849994485
diffusion,fixed_dwell,20,partial_raster,0.05,31,Fibres,32.381752014160156,0.7490836025995078,32.377906799316406,0.05078125,4.833442203998857
diffusion,fixed_dwell,20,partial_raster,0.05,32,Films_Coated_Surface,22.378074645996094,0.284355244742005,22.302091598510742,0.05078125,4.825067380999826
diffusion,fixed_dwell,20,partial_raster,0.05,33,MEMS_devices_and_electrodes,20.08856773376465,0.5682471889382162,19.90920639038086,0.05078125,4.829703966999659
diffusion,fixed_dwell,20,partial_raster,0.05,34,Nanowires,23.248842239379883,0.48623590462332306,23.113597869873047,0.05078125,4.829330414999276
diffusion,fixed_dwell,20,partial_raster,0.05,35,Particles,27.82009506225586,0.8114884777777235,27.729719161987305,0.05078125,4.828997231001267
diffusion,fixed_dwell,20,partial_raster,0.05,36,Patterned_surface,23.956619262695312,0.7601230541305184,23.757192611694336,0.05078125,4.828570227000455
diffusion,fixed_dwell,20,partial_raster,0.05,37,Porous_Sponge,13.899242401123047,0.23553445512381394,13.754836082458496,0.05078125,4.82835642200007
diffusion,fixed_dwell,20,partial_raster,0.05,38,Powder,19.042442321777344,0.22440619757196148,18.919538497924805,0.05078125,4.830243717000485
diffusion,fixed_dwell,20,partial_raster,0.05,39,Tips,32.79228591918945,0.8607969941001379,32.73821258544922,0.05078125,4.83626354199987
diffusion,fixed_dwell,20,partial_raster,0.05,40,Biological,19.542598724365234,0.2730280917951021,19.418132781982422,0.05078125,4.845250587999544
diffusion,fixed_dwell,20,partial_raster,0.05,41,Fibres,25.120460510253906,0.7091356964479884,25.04732322692871,0.05078125,4.849538082000436
diffusion,fixed_dwell,20,partial_raster,0.05,42,Films_Coated_Surface,25.317405700683594,0.38544520385637493,25.283950805664062,0.05078125,4.841285231999791
diffusion,fixed_dwell,20,partial_raster,0.05,43,MEMS_devices_and_electrodes,19.28386878967285,0.19718600293422472,19.15947723388672,0.05078125,4.839704530000745
diffusion,fixed_dwell,20,partial_raster,0.05,44,Nanowires,19.132366180419922,0.3056876595330613,18.988346099853516,0.05078125,4.835919257999194
diffusion,fixed_dwell,20,partial_raster,0.05,45,Particles,23.333101272583008,0.9155353497862307,23.12396812438965,0.05078125,4.8380748859999585
diffusion,fixed_dwell,20,partial_raster,0.05,46,Patterned_surface,26.373130798339844,0.5578522867285493,26.27769660949707,0.05078125,4.842995605000397
diffusion,fixed_dwell,20,partial_raster,0.05,47,Porous_Sponge,20.128889083862305,0.329497204966575,19.985631942749023,0.05078125,4.837953566999204
diffusion,fixed_dwell,20,partial_raster,0.05,48,Powder,21.582195281982422,0.38313139908263383,21.473329544067383,0.05078125,4.839612817999296
diffusion,fixed_dwell,20,partial_raster,0.05,49,Tips,17.308761596679688,0.11622800684188543,17.235607147216797,0.05078125,4.842110372999741
diffusion,fixed_dwell,20,partial_raster,0.1,0,Biological,23.363269805908203,0.30276291771202635,23.274383544921875,0.099609375,4.840596034000555
diffusion,fixed_dwell,20,partial_raster,0.1,1,Fibres,21.726781845092773,0.45449145099783006,21.581628799438477,0.099609375,4.839500002000932
diffusion,fixed_dwell,20,partial_raster,0.1,2,Films_Coated_Surface,23.427696228027344,0.36998505095999196,23.329689025878906,0.099609375,4.840173816999595
diffusion,fixed_dwell,20,partial_raster,0.1,3,MEMS_devices_and_electrodes,24.358007431030273,0.27321184162375484,24.30953025817871,0.099609375,4.84261464500014
diffusion,fixed_dwell,20,partial_raster,0.1,4,Nanowires,16.30907440185547,0.3429409170271049,15.933943748474121,0.099609375,4.8374633679995895
diffusion,fixed_dwell,20,partial_raster,0.1,5,Particles,17.056352615356445,0.22229838369933613,16.739261627197266,0.099609375,4.823951004000264
diffusion,fixed_dwell,20,partial_raster,0.1,6,Patterned_surface,22.644611358642578,0.4381691033059369,22.395484924316406,0.099609375,4.826190929999939
diffusion,fixed_dwell,20,partial_raster,0.1,7,Porous_Sponge,21.75571060180664,0.3793303990962199,21.538801193237305,0.099609375,4.823728086999836
diffusion,fixed_dwell,20,partial_raster,0.1,8,Powder,17.55472183227539,0.24642088465624226,17.37796974182129,0.099609375,4.826375255999665
diffusion,fixed_dwell,20,partial_raster,0.1,9,Tips,32.59341812133789,0.9093946723615018,32.50415802001953,0.099609375,4.830030244000227
diffusion,fixed_dwell,20,partial_raster,0.1,10,Biological,26.70993423461914,0.3895332206974842,26.70016098022461,0.099609375,4.825139725999179
diffusion,fixed_dwell,20,partial_raster,0.1,11,Fibres,25.885417938232422,0.6676800243452422,25.710403442382812,0.099609375,4.841570676999254
diffusion,fixed_dwell,20,partial_raster,0.1,12,Films_Coated_Surface,25.32344627380371,0.38281902508140003,25.233610153198242,0.099609375,4.846804101998714
diffusion,fixed_dwell,20,partial_raster,0.1,13,MEMS_devices_and_electrodes,25.040616989135742,0.31415571132605263,24.973026275634766,0.099609375,4.841677716000049
diffusion,fixed_dwell,20,partial_raster,0.1,14,Nanowires,12.907743453979492,0.23519731920550438,12.540315628051758,0.099609375,4.836239126001601
diffusion,fixed_dwell,20,partial_raster,0.1,15,Particles,36.91725540161133,0.9245847387236107,36.90420913696289,0.099609375,4.8320726479996665
diffusion,fixed_dwell,20,partial_raster,0.1,16,Patterned_surface,19.74823760986328,0.3530194717587287,19.550613403320312,0.099609375,4.828840549000233
diffusion,fixed_dwell,20,partial_raster,0.1,17,Porous_Sponge,13.84907341003418,0.2894755211980752,13.483219146728516,0.099609375,4.835134068998741
diffusion,fixed_dwell,20,partial_raster,0.1,18,Powder,18.897417068481445,0.35765356207519416,18.66652488708496,0.099609375,4.824216744000296
diffusion,fixed_dwell,20,partial_raster,0.1,19,Tips,24.823713302612305,0.7559409183753276,24.660388946533203,0.099609375,4.827694854000583
diffusion,fixed_dwell,20,partial_raster,0.1,20,Biological,23.41645050048828,0.5516413808290374,23.247406005859375,0.099609375,4.8331323330003215
diffusion,fixed_dwell,20,partial_raster,0.1,21,Fibres,20.26496124267578,0.395626015348465,19.992441177368164,0.099609375,4.82557603100031
diffusion,fixed_dwell,20,partial_raster,0.1,22,Films_Coated_Surface,12.601909637451172,0.22982888322792416,12.23226547241211,0.099609375,4.827639307000936
diffusion,fixed_dwell,20,partial_raster,0.1,23,MEMS_devices_and_electrodes,25.579914093017578,0.37100844121317883,25.547367095947266,0.099609375,4.827941462001036
diffusion,fixed_dwell,20,partial_raster,0.1,24,Nanowires,13.010433197021484,0.1187843615994884,12.685994148254395,0.099609375,4.824864835998596
diffusion,fixed_dwell,20,partial_raster,0.1,25,Particles,31.782882690429688,0.6431028174688547,31.729263305664062,0.099609375,4.835377940999024
diffusion,fixed_dwell,20,partial_raster,0.1,26,Patterned_surface,18.01227378845215,0.25489942033582297,17.7441349029541,0.099609375,4.825975566000125
diffusion,fixed_dwell,20,partial_raster,0.1,27,Porous_Sponge,23.04722785949707,0.32662719232489285,22.943628311157227,0.099609375,4.828602247998788
diffusion,fixed_dwell,20,partial_raster,0.1,28,Powder,21.15741729736328,0.45280984002203795,20.91870880126953,0.099609375,4.8267457879992435
diffusion,fixed_dwell,20,partial_raster,0.1,29,Tips,37.72986602783203,0.9621559124366582,37.56265640258789,0.099609375,4.832270966999204
diffusion,fixed_dwell,20,partial_raster,0.1,30,Biological,26.288707733154297,0.3504931629442897,26.277639389038086,0.099609375,4.845386241000597
diffusion,fixed_dwell,20,partial_raster,0.1,31,Fibres,33.073211669921875,0.7507630584165218,33.067726135253906,0.099609375,4.835701556999993
diffusion,fixed_dwell,20,partial_raster,0.1,32,Films_Coated_Surface,22.64085578918457,0.3025246674221107,22.487010955810547,0.099609375,4.8407012689986
diffusion,fixed_dwell,20,partial_raster,0.1,33,MEMS_devices_and_electrodes,22.939851760864258,0.6027907819238769,22.668893814086914,0.099609375,4.843209549000676
diffusion,fixed_dwell,20,partial_raster,0.1,34,Nanowires,25.47159194946289,0.6296069990959441,25.26813507080078,0.099609375,4.835611404001611
diffusion,fixed_dwell,20,partial_raster,0.1,35,Particles,28.375202178955078,0.8179295902498339,28.17306900024414,0.099609375,4.838890811000965
diffusion,fixed_dwell,20,partial_raster,0.1,36,Patterned_surface,26.432865142822266,0.82674078133953,26.04656982421875,0.099609375,4.838902303001305
diffusion,fixed_dwell,20,partial_raster,0.1,37,Porous_Sponge,15.486993789672852,0.35237956711528623,15.265320777893066,0.099609375,4.839443816999847
diffusion,fixed_dwell,20,partial_raster,0.1,38,Powder,20.369855880737305,0.27505412007042335,20.187206268310547,0.099609375,4.845080836999841
diffusion,fixed_dwell,20,partial_raster,0.1,39,Tips,34.68833923339844,0.8655408584371215,34.67124557495117,0.099609375,4.843685788000585
diffusion,fixed_dwell,20,partial_raster,0.1,40,Biological,21.04475975036621,0.33904239545800935,20.868087768554688,0.099609375,4.8441067680014385
diffusion,fixed_dwell,20,partial_raster,0.1,41,Fibres,28.68529510498047,0.7640762070919809,28.660812377929688,0.099609375,4.84824915000172
diffusion,fixed_dwell,20,partial_raster,0.1,42,Films_Coated_Surface,25.816953659057617,0.39169206676019597,25.767513275146484,0.099609375,4.844666417000553
diffusion,fixed_dwell,20,partial_raster,0.1,43,MEMS_devices_and_electrodes,20.795513153076172,0.22092346762976098,20.594627380371094,0.099609375,4.842152686998816
diffusion,fixed_dwell,20,partial_raster,0.1,44,Nanowires,22.070751190185547,0.3591606775030561,21.937602996826172,0.099609375,4.82713291500113
diffusion,fixed_dwell,20,partial_raster,0.1,45,Particles,30.17693328857422,0.9449807570857672,29.841611862182617,0.099609375,4.833708570999079
diffusion,fixed_dwell,20,partial_raster,0.1,46,Patterned_surface,27.04618263244629,0.5667755933666303,26.904529571533203,0.099609375,4.8341307760001655
diffusion,fixed_dwell,20,partial_raster,0.1,47,Porous_Sponge,21.97488784790039,0.3945830970568742,21.767986297607422,0.099609375,4.826704412998879
diffusion,fixed_dwell,20,partial_raster,0.1,48,Powder,23.377485275268555,0.4264499655751071,23.25121307373047,0.099609375,4.827005365999867
diffusion,fixed_dwell,20,partial_raster,0.1,49,Tips,18.097625732421875,0.16650653784989708,17.9921875,0.099609375,4.829147909000312
diffusion,fixed_dwell,20,partial_raster,0.15,0,Biological,23.803041458129883,0.3357702559403226,23.703304290771484,0.150390625,4.823240367000835
diffusion,fixed_dwell,20,partial_raster,0.15,1,Fibres,23.050355911254883,0.5619021900703409,22.882387161254883,0.150390625,4.833266199999343
diffusion,fixed_dwell,20,partial_raster,0.15,2,Films_Coated_Surface,24.27030372619629,0.4033394278249287,24.173839569091797,0.150390625,4.8210998110007495
diffusion,fixed_dwell,20,partial_raster,0.15,3,MEMS_devices_and_electrodes,24.622037887573242,0.28460543098568364,24.545635223388672,0.150390625,4.822719813999356
diffusion,fixed_dwell,20,partial_raster,0.15,4,Nanowires,17.533281326293945,0.48006671673412493,16.974693298339844,0.150390625,4.832082974000514
diffusion,fixed_dwell,20,partial_raster,0.15,5,Particles,17.430110931396484,0.26745567389392566,16.960451126098633,0.150390625,4.824345377999634
diffusion,fixed_dwell,20,partial_raster,0.15,6,Patterned_surface,24.011154174804688,0.47687833505390637,23.73291778564453,0.150390625,4.823462857999402
diffusion,fixed_dwell,20,partial_raster,0.15,7,Porous_Sponge,22.843238830566406,0.4256081203237066,22.596824645996094,0.150390625,4.830450023999219
diffusion,fixed_dwell,20,partial_raster,0.15,8,Powder,18.238983154296875,0.28914206502515455,18.03154945373535,0.150390625,4.829616543998782
diffusion,fixed_dwell,20,partial_raster,0.15,9,Tips,32.91447830200195,0.910627790516161,32.80258560180664,0.150390625,4.833740811000098
diffusion,fixed_dwell,20,partial_raster,0.15,10,Biological,26.928842544555664,0.39448308094067736,26.899917602539062,0.150390625,4.828978688999996
diffusion,fixed_dwell,20,partial_raster,0.15,11,Fibres,27.403961181640625,0.7017070788118787,27.18965721130371,0.150390625,4.824195350998707
diffusion,fixed_dwell,20,partial_raster,0.15,12,Films_Coated_Surface,25.787654876708984,0.41104601611405467,25.681894302368164,0.150390625,4.833436384000379
diffusion,fixed_dwell,20,partial_raster,0.15,13,MEMS_devices_and_electrodes,25.360355377197266,0.319166369484585,25.297164916992188,0.150390625,4.822086710999429
diffusion,fixed_dwell,20,partial_raster,0.15,14,Nanowires,13.640469551086426,0.3450350935152632,13.088902473449707,0.150390625,4.829934800000046
diffusion,fixed_dwell,20,partial_raster,0.15,15,Particles,37.73719024658203,0.9252579967420631,37.71407699584961,0.150390625,4.828717649999817
diffusion,fixed_dwell,20,partial_raster,0.15,16,Patterned_surface,20.853384017944336,0.5082113261636884,20.529232025146484,0.150390625,4.826948026000537
diffusion,fixed_dwell,20,partial_raster,0.15,17,Porous_Sponge,15.261575698852539,0.3892720346556387,14.735902786254883,0.150390625,4.836544928000876
diffusion,fixed_dwell,20,partial_raster,0.15,18,Powder,20.02621841430664,0.4294751352713608,19.728639602661133,0.150390625,4.840199730000677
diffusion,fixed_dwell,20,partial_raster,0.15,19,Tips,25.731809616088867,0.7812516580912616,25.55768585205078,0.150390625,4.837268905999736
diffusion,fixed_dwell,20,partial_raster,0.15,20,Biological,24.717313766479492,0.5783826012483498,24.532766342163086,0.150390625,4.838374458000544
diffusion,fixed_dwell,20,partial_raster,0.15,21,Fibres,22.50472640991211,0.5874579918773941,22.16995620727539,0.150390625,4.837062467999203
diffusion,fixed_dwell,20,partial_raster,0.15,22,Films_Coated_Surface,13.316250801086426,0.33478426541244205,12.757826805114746,0.150390625,4.835753041001226
diffusion,fixed_dwell,20,partial_raster,0.15,23,MEMS_devices_and_electrodes,25.817977905273438,0.37379157159554727,25.793073654174805,0.150390625,4.843660488999376
diffusion,fixed_dwell,20,partial_raster,0.15,24,Nanowires,13.28635025024414,0.17309042963641183,12.786755561828613,0.150390625,4.84259730300073
diffusion,fixed_dwell,20,partial_raster,0.15,25,Particles,32.34177017211914,0.6457355068914306,32.31359100341797,0.150390625,4.840642428000137
diffusion,fixed_dwell,20,partial_raster,0.15,26,Patterned_surface,18.544219970703125,0.2930502326715563,18.157407760620117,0.150390625,4.84126224800093
diffusion,fixed_dwell,20,partial_raster,0.15,27,Porous_Sponge,23.916465759277344,0.338302826173188,23.8426570892334,0.150390625,4.839874627999961
diffusion,fixed_dwell,20,partial_raster,0.15,28,Powder,22.46377182006836,0.5299731295561887,22.181501388549805,0.150390625,4.846135167999819
diffusion,fixed_dwell,20,partial_raster,0.15,29,Tips,39.486881256103516,0.9642484999454215,39.39370346069336,0.150390625,4.841207868999845
diffusion,fixed_dwell,20,partial_raster,0.15,30,Biological,26.516719818115234,0.35620297855477057,26.50368881225586,0.150390625,4.851079627000217
diffusion,fixed_dwell,20,partial_raster,0.15,31,Fibres,33.489131927490234,0.7522608608790622,33.48899459838867,0.150390625,4.848055766000471
diffusion,fixed_dwell,20,partial_raster,0.15,32,Films_Coated_Surface,23.0712890625,0.3319061599654385,22.862680435180664,0.150390625,4.842043438999099
diffusion,fixed_dwell,20,partial_raster,0.15,33,MEMS_devices_and_electrodes,23.465286254882812,0.6148159969758451,23.05497932434082,0.150390625,4.856109361999188
diffusion,fixed_dwell,20,partial_raster,0.15,34,Nanowires,27.077239990234375,0.7104828394232731,26.855823516845703,0.150390625,4.838509194998551
diffusion,fixed_dwell,20,partial_raster,0.15,35,Particles,30.990888595581055,0.8255013600634339,30.904823303222656,0.150390625,4.845299485999931
diffusion,fixed_dwell,20,partial_raster,0.15,36,Patterned_surface,28.532888412475586,0.8571913417210585,27.980432510375977,0.150390625,4.8480578110011265
diffusion,fixed_dwell,20,partial_raster,0.15,37,Porous_Sponge,16.147876739501953,0.4140097686755863,15.814395904541016,0.150390625,4.842410741999629
diffusion,fixed_dwell,20,partial_raster,0.15,38,Powder,21.027496337890625,0.3131011861144245,20.78598976135254,0.150390625,4.842297638000673
diffusion,fixed_dwell,20,partial_raster,0.15,39,Tips,35.49079132080078,0.8671633798995877,35.476295471191406,0.150390625,4.840263359999881
diffusion,fixed_dwell,20,partial_raster,0.15,40,Biological,21.99258804321289,0.39450348900854076,21.793437957763672,0.150390625,4.838832297000408
diffusion,fixed_dwell,20,partial_raster,0.15,41,Fibres,29.916866302490234,0.7830408632244736,29.884078979492188,0.150390625,4.848973656999078
diffusion,fixed_dwell,20,partial_raster,0.15,42,Films_Coated_Surface,26.20146942138672,0.40233515165522266,26.141971588134766,0.150390625,4.845720404000531
diffusion,fixed_dwell,20,partial_raster,0.15,43,MEMS_devices_and_electrodes,21.568950653076172,0.23986677605680926,21.312572479248047,0.150390625,4.847004801000367
diffusion,fixed_dwell,20,partial_raster,0.15,44,Nanowires,23.261363983154297,0.4004465241054128,23.138286590576172,0.150390625,4.846067570000741
diffusion,fixed_dwell,20,partial_raster,0.15,45,Particles,34.6230583190918,0.9528872738369666,34.388221740722656,0.150390625,4.844990992000021
diffusion,fixed_dwell,20,partial_raster,0.15,46,Patterned_surface,27.26288604736328,0.5816153494779235,27.03871726989746,0.150390625,4.844314690000829
diffusion,fixed_dwell,20,partial_raster,0.15,47,Porous_Sponge,22.994903564453125,0.4409788945513106,22.744037628173828,0.150390625,4.842257772001176
diffusion,fixed_dwell,20,partial_raster,0.15,48,Powder,24.17302703857422,0.45839754208601097,24.034286499023438,0.150390625,4.842426807001175
diffusion,fixed_dwell,20,partial_raster,0.15,49,Tips,18.585636138916016,0.19601396696526083,18.469711303710938,0.150390625,4.8495810919994256
diffusion,fixed_dwell,20,partial_raster,0.2,0,Biological,24.093263626098633,0.3475308670926528,23.98636245727539,0.19921875,4.844083760999638
diffusion,fixed_dwell,20,partial_raster,0.2,1,Fibres,24.000892639160156,0.6203017168875454,23.84238052368164,0.19921875,4.850114021999616
diffusion,fixed_dwell,20,partial_raster,0.2,2,Films_Coated_Surface,24.825050354003906,0.4264871452693629,24.750125885009766,0.19921875,4.845670734999658
diffusion,fixed_dwell,20,partial_raster,0.2,3,MEMS_devices_and_electrodes,24.71604347229004,0.29287570399755103,24.597145080566406,0.19921875,4.844531235999966
diffusion,fixed_dwell,20,partial_raster,0.2,4,Nanowires,18.58150863647461,0.5772154330100688,17.86098861694336,0.19921875,4.847483583998837
diffusion,fixed_dwell,20,partial_raster,0.2,5,Particles,17.855676651000977,0.3214849448181877,17.239648818969727,0.19921875,4.841993612000806
diffusion,fixed_dwell,20,partial_raster,0.2,6,Patterned_surface,24.778921127319336,0.5053632697791671,24.483678817749023,0.19921875,4.8421416340006544
diffusion,fixed_dwell,20,partial_raster,0.2,7,Porous_Sponge,23.23850440979004,0.45047184126293116,22.933712005615234,0.19921875,4.842068677999123
diffusion,fixed_dwell,20,partial_raster,0.2,8,Powder,18.74827003479004,0.31720863001652144,18.541929244995117,0.19921875,4.849829834000047
diffusion,fixed_dwell,20,partial_raster,0.2,9,Tips,33.00480651855469,0.9112089143337168,32.88356018066406,0.19921875,4.848247508998611
diffusion,fixed_dwell,20,partial_raster,0.2,10,Biological,27.060806274414062,0.4006258694171512,27.036113739013672,0.19921875,4.847447246000229
diffusion,fixed_dwell,20,partial_raster,0.2,11,Fibres,28.034908294677734,0.7101437555556193,27.863636016845703,0.19921875,4.8471596379986295
diffusion,fixed_dwell,20,partial_raster,0.2,12,Films_Coated_Surface,25.92759895324707,0.42793299333718704,25.754602432250977,0.19921875,4.847925517999101
diffusion,fixed_dwell,20,partial_raster,0.2,13,MEMS_devices_and_electrodes,25.519615173339844,0.33030472180183085,25.41461944580078,0.19921875,4.838822670000809
diffusion,fixed_dwell,20,partial_raster,0.2,14,Nanowires,14.287976264953613,0.43589514543328933,13.56779956817627,0.19921875,4.841095433999726
diffusion,fixed_dwell,20,partial_raster,0.2,15,Particles,38.34857177734375,0.9254476630709271,38.34028625488281,0.19921875,4.842253941998933
diffusion,fixed_dwell,20,partial_raster,0.2,16,Patterned_surface,24.174440383911133,0.7812650432464865,23.838274002075195,0.19921875,4.839075486999718
diffusion,fixed_dwell,20,partial_raster,0.2,17,Porous_Sponge,16.180147171020508,0.45489663529727503,15.507238388061523,0.19921875,4.843864779999421
diffusion,fixed_dwell,20,partial_raster,0.2,18,Powder,20.956819534301758,0.48586458624423334,20.673900604248047,0.19921875,4.84010876299908
diffusion,fixed_dwell,20,partial_raster,0.2,19,Tips,26.34373664855957,0.7981678320858362,26.155250549316406,0.19921875,4.83901570800117
diffusion,fixed_dwell,20,partial_raster,0.2,20,Biological,25.57976531982422,0.5963208741520113,25.436267852783203,0.19921875,4.844890057000157
diffusion,fixed_dwell,20,partial_raster,0.2,21,Fibres,24.411163330078125,0.7129232412866101,24.064836502075195,0.19921875,4.840667496000606
diffusion,fixed_dwell,20,partial_raster,0.2,22,Films_Coated_Surface,14.103164672851562,0.4216530950747411,13.373422622680664,0.19921875,4.847043569001471
diffusion,fixed_dwell,20,partial_raster,0.2,23,MEMS_devices_and_electrodes,25.86420440673828,0.37663970284660747,25.833616256713867,0.19921875,4.839172069001506
diffusion,fixed_dwell,20,partial_raster,0.2,24,Nanowires,13.535423278808594,0.2360152822534283,12.857842445373535,0.19921875,4.839058315999864
diffusion,fixed_dwell,20,partial_raster,0.2,25,Particles,32.332252502441406,0.6465156395101497,32.288177490234375,0.19921875,4.8458958310002345
diffusion,fixed_dwell,20,partial_raster,0.2,26,Patterned_surface,18.79875946044922,0.3231875626568907,18.286418914794922,0.19921875,4.8387631900004635
diffusion,fixed_dwell,20,partial_raster,0.2,27,Porous_Sponge,24.087661743164062,0.34448677317584553,23.98255157470703,0.19921875,4.841240095000103
diffusion,fixed_dwell,20,partial_raster,0.2,28,Powder,23.374814987182617,0.5882260707313322,23.053844451904297,0.19921875,4.843233722998775
diffusion,fixed_dwell,20,partial_raster,0.2,29,Tips,40.9578742980957,0.9652028637787538,40.87083435058594,0.19921875,4.84499862300072
diffusion,fixed_dwell,20,partial_raster,0.2,30,Biological,26.63343048095703,0.36159170657772904,26.622085571289062,0.19921875,4.843847423000625
diffusion,fixed_dwell,20,partial_raster,0.2,31,Fibres,33.888946533203125,0.7542879786898782,33.879486083984375,0.19921875,4.844185215000834
diffusion,fixed_dwell,20,partial_raster,0.2,32,Films_Coated_Surface,23.510129928588867,0.37716507034274166,23.279979705810547,0.19921875,4.836541609998676
diffusion,fixed_dwell,20,partial_raster,0.2,33,MEMS_devices_and_electrodes,24.38608169555664,0.6247817007458834,23.898578643798828,0.19921875,4.842911236999498
diffusion,fixed_dwell,20,partial_raster,0.2,34,Nanowires,28.180896759033203,0.7600565591972911,27.968952178955078,0.19921875,4.839952963000542
diffusion,fixed_dwell,20,partial_raster,0.2,35,Particles,31.512786865234375,0.829203355336309,31.435945510864258,0.19921875,4.83966374999909
diffusion,fixed_dwell,20,partial_raster,0.2,36,Patterned_surface,29.897991180419922,0.8729519647430857,29.22275161743164,0.19921875,4.8386669470000925
diffusion,fixed_dwell,20,partial_raster,0.2,37,Porous_Sponge,16.666362762451172,0.46754309126797017,16.23529815673828,0.19921875,4.837138901999424
diffusion,fixed_dwell,20,partial_raster,0.2,38,Powder,21.531274795532227,0.3398716911326205,21.26236343383789,0.19921875,4.842794154999865
diffusion,fixed_dwell,20,partial_raster,0.2,39,Tips,36.11237335205078,0.86813229449448,36.11500930786133,0.19921875,4.839794994999465
diffusion,fixed_dwell,20,partial_raster,0.2,40,Biological,22.47567367553711,0.4270745039296727,22.25843620300293,0.19921875,4.8376375879997795
diffusion,fixed_dwell,20,partial_raster,0.2,41,Fibres,30.661148071289062,0.7872548435490554,30.631591796875,0.19921875,4.841858593001234
diffusion,fixed_dwell,20,partial_raster,0.2,42,Films_Coated_Surface,26.40894317626953,0.40808251980270754,26.348831176757812,0.19921875,4.841499816999203
diffusion,fixed_dwell,20,partial_raster,0.2,43,MEMS_devices_and_electrodes,21.917436599731445,0.2529755699548431,21.6184139251709,0.19921875,4.842530568999791
diffusion,fixed_dwell,20,partial_raster,0.2,44,Nanowires,23.73793601989746,0.42480284552507397,23.607065200805664,0.19921875,4.8455671400006395
diffusion,fixed_dwell,20,partial_raster,0.2,45,Particles,36.38214874267578,0.9562730639112637,36.24262237548828,0.19921875,4.8392019030015945
diffusion,fixed_dwell,20,partial_raster,0.2,46,Patterned_surface,27.73076820373535,0.6026432802277014,27.400590896606445,0.19921875,4.839891865000027
diffusion,fixed_dwell,20,partial_raster,0.2,47,Porous_Sponge,23.583585739135742,0.47130383182607866,23.288055419921875,0.19921875,4.836793387999933
diffusion,fixed_dwell,20,partial_raster,0.2,48,Powder,24.729656219482422,0.48912397232857896,24.594894409179688,0.19921875,4.839911769999162
diffusion,fixed_dwell,20,partial_raster,0.2,49,Tips,18.826608657836914,0.21094805544345532,18.697050094604492,0.19921875,4.838587267000548
diffusion,fixed_dwell,20,partial_raster,0.3,0,Biological,24.53403091430664,0.3844446108446374,24.41879653930664,0.30078125,4.835199085000568
diffusion,fixed_dwell,20,partial_raster,0.3,1,Fibres,25.147449493408203,0.6959565501786813,24.967227935791016,0.30078125,4.8386806859998615
diffusion,fixed_dwell,20,partial_raster,0.3,2,Films_Coated_Surface,25.3496150970459,0.4466376956652252,25.263580322265625,0.30078125,4.83866105099878
diffusion,fixed_dwell,20,partial_raster,0.3,3,MEMS_devices_and_electrodes,24.854167938232422,0.30595869769733913,24.67049789428711,0.30078125,4.834361696999622
diffusion,fixed_dwell,20,partial_raster,0.3,4,Nanowires,20.516061782836914,0.7185504926233318,19.47736358642578,0.30078125,4.839389746999586
diffusion,fixed_dwell,20,partial_raster,0.3,5,Particles,18.76030158996582,0.4084928394731295,17.892894744873047,0.30078125,4.8420465660001355
diffusion,fixed_dwell,20,partial_raster,0.3,6,Patterned_surface,26.0765438079834,0.5492906337503601,25.881193161010742,0.30078125,4.842334629000106
diffusion,fixed_dwell,20,partial_raster,0.3,7,Porous_Sponge,24.426843643188477,0.50885355589805,24.146955490112305,0.30078125,4.840382056998351
diffusion,fixed_dwell,20,partial_raster,0.3,8,Powder,19.186355590820312,0.34379099839154686,18.959253311157227,0.30078125,4.837291556001219
diffusion,fixed_dwell,20,partial_raster,0.3,9,Tips,33.75182342529297,0.9149822519059968,33.6127815246582,0.30078125,4.836025664999397
diffusion,fixed_dwell,20,partial_raster,0.3,10,Biological,27.386999130249023,0.4149561181398323,27.36532974243164,0.30078125,4.839702336999835
diffusion,fixed_dwell,20,partial_raster,0.3,11,Fibres,28.96721649169922,0.7280558364110923,28.790401458740234,0.30078125,4.824935925000318
diffusion,fixed_dwell,20,partial_raster,0.3,12,Films_Coated_Surface,26.61653709411621,0.47518852800192884,26.450584411621094,0.30078125,4.832556092000232
diffusion,fixed_dwell,20,partial_raster,0.3,13,MEMS_devices_and_electrodes,25.65241241455078,0.33359033249266695,25.546497344970703,0.30078125,4.831170981000469
diffusion,fixed_dwell,20,partial_raster,0.3,14,Nanowires,15.619741439819336,0.5920180320204403,14.539636611938477,0.30078125,4.825230342001305
diffusion,fixed_dwell,20,partial_raster,0.3,15,Particles,38.617462158203125,0.9260097232118251,38.60725021362305,0.30078125,4.8285968149994005
diffusion,fixed_dwell,20,partial_raster,0.3,16,Patterned_surface,26.549280166625977,0.8622223942594331,26.154842376708984,0.30078125,4.827141764000771
diffusion,fixed_dwell,20,partial_raster,0.3,17,Porous_Sponge,18.19231414794922,0.5619745009916641,17.329795837402344,0.30078125,4.829393007999897
diffusion,fixed_dwell,20,partial_raster,0.3,18,Powder,21.99651336669922,0.5602341477915672,21.717998504638672,0.30078125,4.826782100000855
diffusion,fixed_dwell,20,partial_raster,0.3,19,Tips,27.202749252319336,0.8213147691774432,26.951068878173828,0.30078125,4.828941266001493
diffusion,fixed_dwell,20,partial_raster,0.3,20,Biological,26.36300277709961,0.6141277999966,26.209318161010742,0.30078125,4.824125231001744
diffusion,fixed_dwell,20,partial_raster,0.3,21,Fibres,26.405420303344727,0.7976365670644517,26.104835510253906,0.30078125,4.832315662000838
diffusion,fixed_dwell,20,partial_raster,0.3,22,Films_Coated_Surface,15.84663200378418,0.5705856245756635,14.803948402404785,0.30078125,4.827357239999401
diffusion,fixed_dwell,20,partial_raster,0.3,23,MEMS_devices_and_electrodes,25.94904136657715,0.3776529992453722,25.91426658630371,0.30078125,4.829210643998522
diffusion,fixed_dwell,20,partial_raster,0.3,24,Nanowires,14.111408233642578,0.34372464723147955,13.042186737060547,0.30078125,4.8287338739992265
diffusion,fixed_dwell,20,partial_raster,0.3,25,Particles,32.557682037353516,0.647104452659058,32.54376220703125,0.30078125,4.8286340790000395
diffusion,fixed_dwell,20,partial_raster,0.3,26,Patterned_surface,19.60573959350586,0.39089491254826497,18.86705780029297,0.30078125,4.827804832000766
diffusion,fixed_dwell,20,partial_raster,0.3,27,Porous_Sponge,24.512788772583008,0.3531337660540642,24.4233341217041,0.30078125,4.824778797001272
diffusion,fixed_dwell,20,partial_raster,0.3,28,Powder,24.616058349609375,0.6553117024407692,24.32196044921875,0.30078125,4.842057174999354
diffusion,fixed_dwell,20,partial_raster,0.3,29,Tips,41.820926666259766,0.964082697244995,41.76603698730469,0.30078125,4.840788926998357
diffusion,fixed_dwell,20,partial_raster,0.3,30,Biological,26.8245849609375,0.36855263731710547,26.804330825805664,0.30078125,4.828517052999814
diffusion,fixed_dwell,20,partial_raster,0.3,31,Fibres,33.873172760009766,0.7549675605995404,33.85832977294922,0.30078125,4.827938566999364
diffusion,fixed_dwell,20,partial_raster,0.3,32,Films_Coated_Surface,24.15492057800293,0.4204145755216191,23.861581802368164,0.30078125,4.831090032999782
diffusion,fixed_dwell,20,partial_raster,0.3,33,MEMS_devices_and_electrodes,25.43878936767578,0.6387446608001887,24.789077758789062,0.30078125,4.832679752000331
diffusion,fixed_dwell,20,partial_raster,0.3,34,Nanowires,29.459075927734375,0.808095975469463,29.222827911376953,0.30078125,4.825158777000979
diffusion,fixed_dwell,20,partial_raster,0.3,35,Particles,32.147804260253906,0.8353662564999617,32.08892059326172,0.30078125,4.833969487999639
diffusion,fixed_dwell,20,partial_raster,0.3,36,Patterned_surface,30.91832160949707,0.8946683433155863,29.906272888183594,0.30078125,4.836023390000264
diffusion,fixed_dwell,20,partial_raster,0.3,37,Porous_Sponge,17.2518367767334,0.5358023481434011,16.539499282836914,0.30078125,4.836794958999235
diffusion,fixed_dwell,20,partial_raster,0.3,38,Powder,22.153995513916016,0.37906755359776817,21.828763961791992,0.30078125,4.835944333999578
diffusion,fixed_dwell,20,partial_raster,0.3,39,Tips,36.296363830566406,0.8689153417843641,36.29821014404297,0.30078125,4.83699076099947
diffusion,fixed_dwell,20,partial_raster,0.3,40,Biological,23.460538864135742,0.4789980566727871,23.2624454498291,0.30078125,4.837100464001196
diffusion,fixed_dwell,20,partial_raster,0.3,41,Fibres,31.09137535095215,0.7920319683216237,31.051128387451172,0.30078125,4.839212042999861
diffusion,fixed_dwell,20,partial_raster,0.3,42,Films_Coated_Surface,26.77871322631836,0.42551703272919755,26.711917877197266,0.30078125,4.838776000000507
diffusion,fixed_dwell,20,partial_raster,0.3,43,MEMS_devices_and_electrodes,22.232643127441406,0.28691193279402105,21.815032958984375,0.30078125,4.839957603000585
diffusion,fixed_dwell,20,partial_raster,0.3,44,Nanowires,24.30391502380371,0.46477871823885936,24.142059326171875,0.30078125,4.838803860999178
diffusion,fixed_dwell,20,partial_raster,0.3,45,Particles,37.24433517456055,0.9581716239925698,36.92926788330078,0.30078125,4.835140313000011
diffusion,fixed_dwell,20,partial_raster,0.3,46,Patterned_surface,28.203466415405273,0.6213548310783087,27.679309844970703,0.30078125,4.842672415999914
diffusion,fixed_dwell,20,partial_raster,0.3,47,Porous_Sponge,24.601877212524414,0.5166393854993371,24.31558609008789,0.30078125,4.835674825000751
diffusion,fixed_dwell,20,partial_raster,0.3,48,Powder,25.327775955200195,0.5152006045572475,25.193002700805664,0.30078125,4.841563515999951
diffusion,fixed_dwell,20,partial_raster,0.3,49,Tips,19.13491439819336,0.24177815255621132,18.96807098388672,0.30078125,4.838878181000837
diffusion,fixed_dwell,20,line_hop,0.05,0,Biological,22.527673721313477,0.26870452779359005,22.459524154663086,0.14412811387900357,4.83705259800081
diffusion,fixed_dwell,20,line_hop,0.05,1,Fibres,19.49786376953125,0.3155000158345915,19.373130798339844,0.14412811387900357,4.8372415419999015
diffusion,fixed_dwell,20,line_hop,0.05,2,Films_Coated_Surface,22.05091667175293,0.3173245607898806,21.958980560302734,0.14412811387900357,4.825648841000657
diffusion,fixed_dwell,20,line_hop,0.05,3,MEMS_devices_and_electrodes,22.95172882080078,0.2515676264507939,22.874034881591797,0.14412811387900357,4.828226085999631
diffusion,fixed_dwell,20,line_hop,0.05,4,Nanowires,15.083451271057129,0.19220570169658444,14.887886047363281,0.14412811387900357,4.827113110999562
diffusion,fixed_dwell,20,line_hop,0.05,5,Particles,16.738420486450195,0.1763861909754396,16.584218978881836,0.14412811387900357,4.822243803000674
diffusion,fixed_dwell,20,line_hop,0.05,6,Patterned_surface,21.00905418395996,0.39309926491644565,20.862773895263672,0.14412811387900357,4.827626653999687
diffusion,fixed_dwell,20,line_hop,0.05,7,Porous_Sponge,20.33771324157715,0.3243422712738088,20.203319549560547,0.14412811387900357,4.831476191000547
diffusion,fixed_dwell,20,line_hop,0.05,8,Powder,15.464152336120605,0.1691446682581403,15.327695846557617,0.14412811387900357,4.824312418000773
diffusion,fixed_dwell,20,line_hop,0.05,9,Tips,30.99195671081543,0.9036209536156617,30.929868698120117,0.14412811387900357,4.830061292001119
diffusion,fixed_dwell,20,line_hop,0.05,10,Biological,25.955074310302734,0.37929498253239924,25.923206329345703,0.14412811387900357,4.820302465999703
diffusion,fixed_dwell,20,line_hop,0.05,11,Fibres,23.11088752746582,0.5943959165106146,22.976470947265625,0.14412811387900357,4.820868691000214
diffusion,fixed_dwell,20,line_hop,0.05,12,Films_Coated_Surface,24.849245071411133,0.3693272830278482,24.792444229125977,0.14412811387900357,4.825935359000141
diffusion,fixed_dwell,20,line_hop,0.05,13,MEMS_devices_and_electrodes,24.589149475097656,0.3076632176729498,24.54493522644043,0.14412811387900357,4.8192342889997235
diffusion,fixed_dwell,20,line_hop,0.05,14,Nanowires,12.360240936279297,0.1271319553146668,12.174888610839844,0.14412811387900357,4.828730136001468
diffusion,fixed_dwell,20,line_hop,0.05,15,Particles,35.008277893066406,0.9228520592304958,34.977108001708984,0.14412811387900357,4.823818134998874
diffusion,fixed_dwell,20,line_hop,0.05,16,Patterned_surface,19.473310470581055,0.32139799767730404,19.367721557617188,0.14412811387900357,4.828233168000224
diffusion,fixed_dwell,20,line_hop,0.05,17,Porous_Sponge,12.290382385253906,0.17176888597942788,12.096539497375488,0.14412811387900357,4.828023710999332
diffusion,fixed_dwell,20,line_hop,0.05,18,Powder,16.950523376464844,0.2666931946932217,16.79743194580078,0.14412811387900357,4.820199013998717
diffusion,fixed_dwell,20,line_hop,0.05,19,Tips,23.547380447387695,0.7327058135042926,23.451597213745117,0.14412811387900357,4.820899402999203
diffusion,fixed_dwell,20,line_hop,0.05,20,Biological,19.95720100402832,0.4840315869336744,19.805805206298828,0.14412811387900357,4.829074084998865
diffusion,fixed_dwell,20,line_hop,0.05,21,Fibres,19.29667854309082,0.30374914557502636,19.154376983642578,0.14412811387900357,4.826164836000316
diffusion,fixed_dwell,20,line_hop,0.05,22,Films_Coated_Surface,12.013410568237305,0.14376632386766197,11.824904441833496,0.14412811387900357,4.828062668000712
diffusion,fixed_dwell,20,line_hop,0.05,23,MEMS_devices_and_electrodes,24.632265090942383,0.3526644185901634,24.589374542236328,0.14412811387900357,4.826974632000201
diffusion,fixed_dwell,20,line_hop,0.05,24,Nanowires,13.027355194091797,0.07370904481127508,12.874608993530273,0.14412811387900357,4.825162516001001
diffusion,fixed_dwell,20,line_hop,0.05,25,Particles,29.4840087890625,0.6406651256320604,29.385778427124023,0.14412811387900357,4.8319263759985915
diffusion,fixed_dwell,20,line_hop,0.05,26,Patterned_surface,17.515289306640625,0.21639683640482862,17.375009536743164,0.14412811387900357,4.829575993999242
diffusion,fixed_dwell,20,line_hop,0.05,27,Porous_Sponge,20.947420120239258,0.29726613950262026,20.836971282958984,0.14412811387900357,4.837150263001604
diffusion,fixed_dwell,20,line_hop,0.05,28,Powder,19.180654525756836,0.36155679409571684,19.025131225585938,0.14412811387900357,4.841086729000381
diffusion,fixed_dwell,20,line_hop,0.05,29,Tips,32.71572494506836,0.9412546642969618,32.55264663696289,0.14412811387900357,4.840362650000316
diffusion,fixed_dwell,20,line_hop,0.05,30,Biological,25.8861083984375,0.34398196365248834,25.87369155883789,0.14412811387900357,4.841442033000931
diffusion,fixed_dwell,20,line_hop,0.05,31,Fibres,32.28126525878906,0.7487941414156108,32.261680603027344,0.14412811387900357,4.8405116029989586
diffusion,fixed_dwell,20,line_hop,0.05,32,Films_Coated_Surface,22.618227005004883,0.2855829372851323,22.555044174194336,0.14412811387900357,4.835651510000389
diffusion,fixed_dwell,20,line_hop,0.05,33,MEMS_devices_and_electrodes,21.43962860107422,0.5787037716114853,21.283252716064453,0.14412811387900357,4.838961940000445
diffusion,fixed_dwell,20,line_hop,0.05,34,Nanowires,23.299610137939453,0.501178309025516,23.160703659057617,0.14412811387900357,4.833867294999436
diffusion,fixed_dwell,20,line_hop,0.05,35,Particles,27.967426300048828,0.8129919118170519,27.875490188598633,0.14412811387900357,4.834710859000552
diffusion,fixed_dwell,20,line_hop,0.05,36,Patterned_surface,26.36040496826172,0.81990867346005,26.197975158691406,0.14412811387900357,4.846048489000168
diffusion,fixed_dwell,20,line_hop,0.05,37,Porous_Sponge,13.904415130615234,0.2396288401018036,13.760308265686035,0.14412811387900357,4.8424855539997225
diffusion,fixed_dwell,20,line_hop,0.05,38,Powder,18.964818954467773,0.22399425989600347,18.84678077697754,0.14412811387900357,4.840084237001065
diffusion,fixed_dwell,20,line_hop,0.05,39,Tips,32.808082580566406,0.861214926132659,32.7560920715332,0.14412811387900357,4.838836910001191
diffusion,fixed_dwell,20,line_hop,0.05,40,Biological,19.48708724975586,0.2782259064605379,19.36134147644043,0.14412811387900357,4.836904726000284
diffusion,fixed_dwell,20,line_hop,0.05,41,Fibres,23.70439338684082,0.6926239692626497,23.587810516357422,0.14412811387900357,4.844244534999234
diffusion,fixed_dwell,20,line_hop,0.05,42,Films_Coated_Surface,25.120115280151367,0.3851363611182183,25.07381820678711,0.14412811387900357,4.820036141998571
diffusion,fixed_dwell,20,line_hop,0.05,43,MEMS_devices_and_electrodes,20.01783561706543,0.20341660233420059,19.904605865478516,0.14412811387900357,4.834816623000734
diffusion,fixed_dwell,20,line_hop,0.05,44,Nanowires,20.263019561767578,0.32937034057532993,20.154523849487305,0.14412811387900357,4.824493127000096
diffusion,fixed_dwell,20,line_hop,0.05,45,Particles,27.96210289001465,0.9378997411919024,27.791812896728516,0.14412811387900357,4.819904719999613
diffusion,fixed_dwell,20,line_hop,0.05,46,Patterned_surface,26.52696418762207,0.5554759666131277,26.475160598754883,0.14412811387900357,4.824352601999635
diffusion,fixed_dwell,20,line_hop,0.05,47,Porous_Sponge,20.486963272094727,0.3369214091075556,20.34960174560547,0.14412811387900357,4.825517381999816
diffusion,fixed_dwell,20,line_hop,0.05,48,Powder,21.468841552734375,0.3845954857415378,21.352497100830078,0.14412811387900357,4.825985065999703
diffusion,fixed_dwell,20,line_hop,0.05,49,Tips,17.144819259643555,0.11513707717827346,17.066003799438477,0.14412811387900357,4.827642337000725
diffusion,fixed_dwell,20,line_hop,0.1,0,Biological,23.27165412902832,0.2966686546161828,23.163984298706055,0.19750889679715303,4.833295071999601
diffusion,fixed_dwell,20,line_hop,0.1,1,Fibres,21.24838638305664,0.4369151294554203,21.05109214782715,0.19750889679715303,4.8261460899993835
diffusion,fixed_dwell,20,line_hop,0.1,2,Films_Coated_Surface,22.96186637878418,0.35844606784885846,22.804658889770508,0.19750889679715303,4.827815010999984
diffusion,fixed_dwell,20,line_hop,0.1,3,MEMS_devices_and_electrodes,23.95662498474121,0.268966982214128,23.862398147583008,0.19750889679715303,4.825614069999574
diffusion,fixed_dwell,20,line_hop,0.1,4,Nanowires,15.97642993927002,0.3211799590631184,15.592650413513184,0.19750889679715303,4.828930100000434
diffusion,fixed_dwell,20,line_hop,0.1,5,Particles,17.006824493408203,0.21512265765950006,16.68665313720703,0.19750889679715303,4.827018063999276
diffusion,fixed_dwell,20,line_hop,0.1,6,Patterned_surface,22.540800094604492,0.4427404256484148,22.28759002685547,0.19750889679715303,4.828971695998916
diffusion,fixed_dwell,20,line_hop,0.1,7,Porous_Sponge,21.384605407714844,0.3611711036586087,21.15801239013672,0.19750889679715303,4.828184787998907
diffusion,fixed_dwell,20,line_hop,0.1,8,Powder,16.92782974243164,0.23191209342587238,16.713354110717773,0.19750889679715303,4.8284376169995085
diffusion,fixed_dwell,20,line_hop,0.1,9,Tips,31.688182830810547,0.9059105235495788,31.538585662841797,0.19750889679715303,4.8271816710002895
diffusion,fixed_dwell,20,line_hop,0.1,10,Biological,26.734512329101562,0.39002799504285746,26.71076202392578,0.19750889679715303,4.824924391999957
diffusion,fixed_dwell,20,line_hop,0.1,11,Fibres,25.397417068481445,0.6545140700110909,25.1790828704834,0.19750889679715303,4.819730651001009
diffusion,fixed_dwell,20,line_hop,0.1,12,Films_Coated_Surface,25.21059226989746,0.3765538295130106,25.1176815032959,0.19750889679715303,4.823942981000073
diffusion,fixed_dwell,20,line_hop,0.1,13,MEMS_devices_and_electrodes,24.939620971679688,0.3122031335973173,24.86035919189453,0.19750889679715303,4.828870414999983
diffusion,fixed_dwell,20,line_hop,0.1,14,Nanowires,12.8253755569458,0.22194126804404654,12.457406997680664,0.19750889679715303,4.825862330000746
diffusion,fixed_dwell,20,line_hop,0.1,15,Particles,36.72136688232422,0.9243877773368282,36.66529083251953,0.19750889679715303,4.825167489998421
diffusion,fixed_dwell,20,line_hop,0.1,16,Patterned_surface,19.865726470947266,0.3627340650127982,19.65774154663086,0.19750889679715303,4.8282894200001465
diffusion,fixed_dwell,20,line_hop,0.1,17,Porous_Sponge,13.344379425048828,0.2664042837690131,12.967992782592773,0.19750889679715303,4.837260152000454
diffusion,fixed_dwell,20,line_hop,0.1,18,Powder,18.44695281982422,0.3392973955837476,18.181060791015625,0.19750889679715303,4.83716009499949
diffusion,fixed_dwell,20,line_hop,0.1,19,Tips,24.737775802612305,0.7576216867923266,24.575042724609375,0.19750889679715303,4.849842722000176
diffusion,fixed_dwell,20,line_hop,0.1,20,Biological,22.720287322998047,0.5430035268703975,22.491710662841797,0.19750889679715303,4.84578762899946
diffusion,fixed_dwell,20,line_hop,0.1,21,Fibres,20.652835845947266,0.4338827400242287,20.3857421875,0.19750889679715303,4.8426483900002495
diffusion,fixed_dwell,20,line_hop,0.1,22,Films_Coated_Surface,12.618242263793945,0.23308887193173694,12.24796199798584,0.19750889679715303,4.843492989999504
diffusion,fixed_dwell,20,line_hop,0.1,23,MEMS_devices_and_electrodes,25.456008911132812,0.3685861198553599,25.412982940673828,0.19750889679715303,4.839808290000292
diffusion,fixed_dwell,20,line_hop,0.1,24,Nanowires,13.163244247436523,0.1236206688790908,12.846102714538574,0.19750889679715303,4.835722382000313
diffusion,fixed_dwell,20,line_hop,0.1,25,Particles,31.83389663696289,0.643411372085419,31.784820556640625,0.19750889679715303,4.839402826999503
diffusion,fixed_dwell,20,line_hop,0.1,26,Patterned_surface,17.916093826293945,0.24959009809335886,17.6472225189209,0.19750889679715303,4.835583648999091
diffusion,fixed_dwell,20,line_hop,0.1,27,Porous_Sponge,22.283689498901367,0.31900347309524824,22.110769271850586,0.19750889679715303,4.841835498000364
diffusion,fixed_dwell,20,line_hop,0.1,28,Powder,20.513233184814453,0.43569590459904517,20.233728408813477,0.19750889679715303,4.840751050000108
diffusion,fixed_dwell,20,line_hop,0.1,29,Tips,37.65814971923828,0.9688711125708791,37.529415130615234,0.19750889679715303,4.842180071000257
diffusion,fixed_dwell,20,line_hop,0.1,30,Biological,26.075735092163086,0.34755202428102455,26.05197525024414,0.19750889679715303,4.843800130000091
diffusion,fixed_dwell,20,line_hop,0.1,31,Fibres,32.79370880126953,0.7499643747285459,32.79581069946289,0.19750889679715303,4.842843725999046
diffusion,fixed_dwell,20,line_hop,0.1,32,Films_Coated_Surface,22.79369354248047,0.3083489112156889,22.644088745117188,0.19750889679715303,4.8408122919991
diffusion,fixed_dwell,20,line_hop,0.1,33,MEMS_devices_and_electrodes,22.811288833618164,0.6006385960530699,22.540109634399414,0.19750889679715303,4.827886626000691
diffusion,fixed_dwell,20,line_hop,0.1,34,Nanowires,24.743282318115234,0.5942435656312264,24.494932174682617,0.19750889679715303,4.830251990000761
diffusion,fixed_dwell,20,line_hop,0.1,35,Particles,29.777172088623047,0.8218001502250663,29.65013313293457,0.19750889679715303,4.8259371720014315
diffusion,fixed_dwell,20,line_hop,0.1,36,Patterned_surface,28.871156692504883,0.8544744545406114,28.565195083618164,0.19750889679715303,4.82335885700013
diffusion,fixed_dwell,20,line_hop,0.1,37,Porous_Sponge,14.892984390258789,0.31863518976662253,14.630748748779297,0.19750889679715303,4.832015236999723
diffusion,fixed_dwell,20,line_hop,0.1,38,Powder,20.012311935424805,0.27141132298468396,19.80375099182129,0.19750889679715303,4.8281108400005905
diffusion,fixed_dwell,20,line_hop,0.1,39,Tips,34.49538803100586,0.8648487789246093,34.44359588623047,0.19750889679715303,4.822407142999509
diffusion,fixed_dwell,20,line_hop,0.1,40,Biological,20.785226821899414,0.3306681850626499,20.583099365234375,0.19750889679715303,4.836213058000794
diffusion,fixed_dwell,20,line_hop,0.1,41,Fibres,27.829078674316406,0.755845533274779,27.713356018066406,0.19750889679715303,4.825649486001566
diffusion,fixed_dwell,20,line_hop,0.1,42,Films_Coated_Surface,25.77692985534668,0.39167817767155133,25.71908950805664,0.19750889679715303,4.8244699249989935
diffusion,fixed_dwell,20,line_hop,0.1,43,MEMS_devices_and_electrodes,21.311016082763672,0.22514845647057063,21.156509399414062,0.19750889679715303,4.826202492999073
diffusion,fixed_dwell,20,line_hop,0.1,44,Nanowires,22.302173614501953,0.3686148054490424,22.164419174194336,0.19750889679715303,4.826389271000153
diffusion,fixed_dwell,20,line_hop,0.1,45,Particles,31.939128875732422,0.9498499684744061,31.661195755004883,0.19750889679715303,4.8268196059998445
diffusion,fixed_dwell,20,line_hop,0.1,46,Patterned_surface,27.185993194580078,0.5649480881719795,27.10031509399414,0.19750889679715303,4.833183665999968
diffusion,fixed_dwell,20,line_hop,0.1,47,Porous_Sponge,21.421316146850586,0.3849934674497219,21.17967414855957,0.19750889679715303,4.826716149000276
diffusion,fixed_dwell,20,line_hop,0.1,48,Powder,23.00091552734375,0.4235704973562299,22.822917938232422,0.19750889679715303,4.8232936349995725
diffusion,fixed_dwell,20,line_hop,0.1,49,Tips,17.98421859741211,0.1598589176936252,17.869434356689453,0.19750889679715303,4.8210593439998775
diffusion,fixed_dwell,20,line_hop,0.15,0,Biological,23.644512176513672,0.32870944967772214,23.485607147216797,0.2615658362989324,4.822782719000315
diffusion,fixed_dwell,20,line_hop,0.15,1,Fibres,22.537296295166016,0.5316242207737282,22.29591178894043,0.2615658362989324,4.824046985999303
diffusion,fixed_dwell,20,line_hop,0.15,2,Films_Coated_Surface,23.861923217773438,0.38614164485505675,23.687782287597656,0.2615658362989324,4.8205069310006365
diffusion,fixed_dwell,20,line_hop,0.15,3,MEMS_devices_and_electrodes,24.358638763427734,0.2761053109691108,24.249238967895508,0.2615658362989324,4.824880136000502
diffusion,fixed_dwell,20,line_hop,0.15,4,Nanowires,17.2028751373291,0.449122306583024,16.628820419311523,0.2615658362989324,4.835532642999169
diffusion,fixed_dwell,20,line_hop,0.15,5,Particles,17.402036666870117,0.266994264949711,16.935285568237305,0.2615658362989324,4.82665709000139
diffusion,fixed_dwell,20,line_hop,0.15,6,Patterned_surface,23.324371337890625,0.4643282732246137,22.973133087158203,0.2615658362989324,4.826578210999287
diffusion,fixed_dwell,20,line_hop,0.15,7,Porous_Sponge,22.35503387451172,0.4063869248954275,22.043930053710938,0.2615658362989324,4.8325121460002265
diffusion,fixed_dwell,20,line_hop,0.15,8,Powder,17.85253143310547,0.26761661903515793,17.61295509338379,0.2615658362989324,4.837943443999393
diffusion,fixed_dwell,20,line_hop,0.15,9,Tips,32.69668197631836,0.9103721885327607,32.55613327026367,0.2615658362989324,4.837564330000532
diffusion,fixed_dwell,20,line_hop,0.15,10,Biological,26.695941925048828,0.39003595131890134,26.640108108520508,0.2615658362989324,4.835145717999694
diffusion,fixed_dwell,20,line_hop,0.15,11,Fibres,26.763629913330078,0.6868822622489777,26.495420455932617,0.2615658362989324,4.839906838999013
diffusion,fixed_dwell,20,line_hop,0.15,12,Films_Coated_Surface,25.561525344848633,0.3945843356350308,25.41921615600586,0.2615658362989324,4.842897886999708
diffusion,fixed_dwell,20,line_hop,0.15,13,MEMS_devices_and_electrodes,25.23099136352539,0.3185050580802921,25.151100158691406,0.2615658362989324,4.840724528999999
diffusion,fixed_dwell,20,line_hop,0.15,14,Nanowires,13.55195426940918,0.3279322416218241,13.00632095336914,0.2615658362989324,4.840182031999575
diffusion,fixed_dwell,20,line_hop,0.15,15,Particles,37.50229263305664,0.9252185009615584,37.468162536621094,0.2615658362989324,4.837342549000823
diffusion,fixed_dwell,20,line_hop,0.15,16,Patterned_surface,21.739065170288086,0.5980978410218709,21.398942947387695,0.2615658362989324,4.836077701000249
diffusion,fixed_dwell,20,line_hop,0.15,17,Porous_Sponge,14.634105682373047,0.36087316746879095,14.079508781433105,0.2615658362989324,4.841856534998442
diffusion,fixed_dwell,20,line_hop,0.15,18,Powder,19.506418228149414,0.41760905755697697,19.138813018798828,0.2615658362989324,4.839881562000301
diffusion,fixed_dwell,20,line_hop,0.15,19,Tips,25.454566955566406,0.7783023249127583,25.207956314086914,0.2615658362989324,4.843102790000557
diffusion,fixed_dwell,20,line_hop,0.15,20,Biological,23.61973762512207,0.5656723533802002,23.308658599853516,0.2615658362989324,4.840129738999167
diffusion,fixed_dwell,20,line_hop,0.15,21,Fibres,22.453405380249023,0.60417738696097,22.07326889038086,0.2615658362989324,4.840566053000657
diffusion,fixed_dwell,20,line_hop,0.15,22,Films_Coated_Surface,13.154121398925781,0.31394513984927436,12.58892822265625,0.2615658362989324,4.84008665500005
diffusion,fixed_dwell,20,line_hop,0.15,23,MEMS_devices_and_electrodes,25.658252716064453,0.3731925789718621,25.61073112487793,0.2615658362989324,4.823012591999941
diffusion,fixed_dwell,20,line_hop,0.15,24,Nanowires,13.416400909423828,0.18528382113956787,12.931009292602539,0.2615658362989324,4.82665858099972
diffusion,fixed_dwell,20,line_hop,0.15,25,Particles,32.097591400146484,0.6449671864623246,32.05061721801758,0.2615658362989324,4.8252257439999084
diffusion,fixed_dwell,20,line_hop,0.15,26,Patterned_surface,18.384191513061523,0.2868715881431627,17.981351852416992,0.2615658362989324,4.823504968999259
diffusion,fixed_dwell,20,line_hop,0.15,27,Porous_Sponge,22.9507999420166,0.33017871412213834,22.753005981445312,0.2615658362989324,4.829025692000869
diffusion,fixed_dwell,20,line_hop,0.15,28,Powder,21.702178955078125,0.5062616373676969,21.32746124267578,0.2615658362989324,4.819603674999598
diffusion,fixed_dwell,20,line_hop,0.15,29,Tips,39.53190231323242,0.9683707773666984,39.3328971862793,0.2615658362989324,4.830184935000943
diffusion,fixed_dwell,20,line_hop,0.15,30,Biological,26.32540512084961,0.35438142381612786,26.27286720275879,0.2615658362989324,4.82811487699837
diffusion,fixed_dwell,20,line_hop,0.15,31,Fibres,33.49522399902344,0.7525430137567154,33.455116271972656,0.2615658362989324,4.82427673500024
diffusion,fixed_dwell,20,line_hop,0.15,32,Films_Coated_Surface,23.021451950073242,0.33154887761653096,22.793720245361328,0.2615658362989324,4.82588503900115
diffusion,fixed_dwell,20,line_hop,0.15,33,MEMS_devices_and_electrodes,24.009918212890625,0.6187436872859718,23.626840591430664,0.2615658362989324,4.827737337998769
diffusion,fixed_dwell,20,line_hop,0.15,34,Nanowires,26.07210922241211,0.6762834095217662,25.72361183166504,0.2615658362989324,4.821762761001082
diffusion,fixed_dwell,20,line_hop,0.15,35,Particles,30.173730850219727,0.8228465356499703,29.989917755126953,0.2615658362989324,4.830269692000002
diffusion,fixed_dwell,20,line_hop,0.15,36,Patterned_surface,29.39215660095215,0.8725536444200097,28.927431106567383,0.2615658362989324,4.828566079000666
diffusion,fixed_dwell,20,line_hop,0.15,37,Porous_Sponge,15.7343111038208,0.385580783021888,15.370217323303223,0.2615658362989324,4.825684416999138
diffusion,fixed_dwell,20,line_hop,0.15,38,Powder,20.695209503173828,0.30051382985375924,20.420740127563477,0.2615658362989324,4.830576980999467
diffusion,fixed_dwell,20,line_hop,0.15,39,Tips,35.022911071777344,0.8662568958503162,34.916996002197266,0.2615658362989324,4.823347542000192
diffusion,fixed_dwell,20,line_hop,0.15,40,Biological,21.29950523376465,0.37011631015666074,21.002302169799805,0.2615658362989324,4.8268226370000775
diffusion,fixed_dwell,20,line_hop,0.15,41,Fibres,28.675859451293945,0.7720522775968978,28.500743865966797,0.2615658362989324,4.823505447000571
diffusion,fixed_dwell,20,line_hop,0.15,42,Films_Coated_Surface,25.994823455810547,0.3978742057191088,25.897768020629883,0.2615658362989324,4.817972404000102
diffusion,fixed_dwell,20,line_hop,0.15,43,MEMS_devices_and_electrodes,21.82948112487793,0.243253410612695,21.619260787963867,0.2615658362989324,4.830721984000775
diffusion,fixed_dwell,20,line_hop,0.15,44,Nanowires,22.71242332458496,0.389152962212695,22.515300750732422,0.2615658362989324,4.823624595999718
diffusion,fixed_dwell,20,line_hop,0.15,45,Particles,33.77940368652344,0.9526324488387499,33.458709716796875,0.2615658362989324,4.825236358001348
diffusion,fixed_dwell,20,line_hop,0.15,46,Patterned_surface,27.509140014648438,0.5797029311888767,27.394609451293945,0.2615658362989324,4.830542680001599
diffusion,fixed_dwell,20,line_hop,0.15,47,Porous_Sponge,22.522193908691406,0.4222393302862735,22.21153450012207,0.2615658362989324,4.827614556999833
diffusion,fixed_dwell,20,line_hop,0.15,48,Powder,23.676803588867188,0.44956066953475565,23.455211639404297,0.2615658362989324,4.839050163000138
diffusion,fixed_dwell,20,line_hop,0.15,49,Tips,18.395631790161133,0.18263756912021167,18.250696182250977,0.2615658362989324,4.840413112000533
diffusion,fixed_dwell,20,line_hop,0.2,0,Biological,23.89847183227539,0.3429329779404846,23.70291519165039,0.31494661921708184,4.835764162000487
diffusion,fixed_dwell,20,line_hop,0.2,1,Fibres,23.471473693847656,0.6083109059705146,23.174163818359375,0.31494661921708184,4.845872945999872
diffusion,fixed_dwell,20,line_hop,0.2,2,Films_Coated_Surface,24.25978660583496,0.40353895622664926,24.034135818481445,0.31494661921708184,4.843892709001011
diffusion,fixed_dwell,20,line_hop,0.2,3,MEMS_devices_and_electrodes,24.62185287475586,0.2874440429123781,24.49703598022461,0.31494661921708184,4.839776434000669
diffusion,fixed_dwell,20,line_hop,0.2,4,Nanowires,18.037757873535156,0.5356858753891831,17.275493621826172,0.31494661921708184,4.839919056999861
diffusion,fixed_dwell,20,line_hop,0.2,5,Particles,17.689668655395508,0.3045120383057401,17.055213928222656,0.31494661921708184,4.8370773080005165
diffusion,fixed_dwell,20,line_hop,0.2,6,Patterned_surface,24.398452758789062,0.49568884711143757,24.027616500854492,0.31494661921708184,4.839469619000738
diffusion,fixed_dwell,20,line_hop,0.2,7,Porous_Sponge,22.80406951904297,0.43364861482497263,22.40564727783203,0.31494661921708184,4.838072859000022
diffusion,fixed_dwell,20,line_hop,0.2,8,Powder,18.16938018798828,0.29182944472879413,17.875442504882812,0.31494661921708184,4.842575995999141
diffusion,fixed_dwell,20,line_hop,0.2,9,Tips,32.68846893310547,0.9105600487991863,32.475608825683594,0.31494661921708184,4.844162978000895
diffusion,fixed_dwell,20,line_hop,0.2,10,Biological,26.998987197875977,0.3984296545849921,26.946533203125,0.31494661921708184,4.84490369499872
diffusion,fixed_dwell,20,line_hop,0.2,11,Fibres,27.339542388916016,0.699234879912005,27.001455307006836,0.31494661921708184,4.841267120000339
diffusion,fixed_dwell,20,line_hop,0.2,12,Films_Coated_Surface,25.78677749633789,0.41910927074931753,25.580350875854492,0.31494661921708184,4.852319416000682
diffusion,fixed_dwell,20,line_hop,0.2,13,MEMS_devices_and_electrodes,25.487783432006836,0.3223792988293247,25.414812088012695,0.31494661921708184,4.842452504999528
diffusion,fixed_dwell,20,line_hop,0.2,14,Nanowires,14.046368598937988,0.4031271993641411,13.30604076385498,0.31494661921708184,4.847458746999109
diffusion,fixed_dwell,20,line_hop,0.2,15,Particles,37.58805847167969,0.9249103583692182,37.45693588256836,0.31494661921708184,4.845134122999298
diffusion,fixed_dwell,20,line_hop,0.2,16,Patterned_surface,23.763107299804688,0.758450027404227,23.324031829833984,0.31494661921708184,4.844865482000387
diffusion,fixed_dwell,20,line_hop,0.2,17,Porous_Sponge,15.518664360046387,0.4230923303230289,14.79442024230957,0.31494661921708184,4.8367347290004545
diffusion,fixed_dwell,20,line_hop,0.2,18,Powder,20.063919067382812,0.4539506496825776,19.58788299560547,0.31494661921708184,4.836958301000777
diffusion,fixed_dwell,20,line_hop,0.2,19,Tips,25.900981903076172,0.7909739293930783,25.574722290039062,0.31494661921708184,4.843062052999812
diffusion,fixed_dwell,20,line_hop,0.2,20,Biological,24.190217971801758,0.580667233353128,23.779937744140625,0.31494661921708184,4.840865764001137
diffusion,fixed_dwell,20,line_hop,0.2,21,Fibres,23.757781982421875,0.6849584081466565,23.30999183654785,0.31494661921708184,4.838054277000992
diffusion,fixed_dwell,20,line_hop,0.2,22,Films_Coated_Surface,13.806185722351074,0.39038385397726805,13.052042961120605,0.31494661921708184,4.835643418000473
diffusion,fixed_dwell,20,line_hop,0.2,23,MEMS_devices_and_electrodes,25.785417556762695,0.37490145962794663,25.770954132080078,0.31494661921708184,4.835914698000124
diffusion,fixed_dwell,20,line_hop,0.2,24,Nanowires,13.611153602600098,0.23153667479068699,12.945516586303711,0.31494661921708184,4.8341787370009115
diffusion,fixed_dwell,20,line_hop,0.2,25,Particles,32.361473083496094,0.645973511419293,32.337242126464844,0.31494661921708184,4.837136901998747
diffusion,fixed_dwell,20,line_hop,0.2,26,Patterned_surface,18.617021560668945,0.31278248312181967,18.069589614868164,0.31494661921708184,4.839269134999995
diffusion,fixed_dwell,20,line_hop,0.2,27,Porous_Sponge,23.565425872802734,0.3361344857203198,23.365114212036133,0.31494661921708184,4.844369666001512
diffusion,fixed_dwell,20,line_hop,0.2,28,Powder,22.170150756835938,0.544490845279964,21.661422729492188,0.31494661921708184,4.837935317000301
diffusion,fixed_dwell,20,line_hop,0.2,29,Tips,39.85120391845703,0.9676356204976897,39.64060974121094,0.31494661921708184,4.8381699429992295
diffusion,fixed_dwell,20,line_hop,0.2,30,Biological,26.56804847717285,0.36010235543416,26.53968048095703,0.31494661921708184,4.840183276000971
diffusion,fixed_dwell,20,line_hop,0.2,31,Fibres,33.37429428100586,0.7522456081343936,33.31824493408203,0.31494661921708184,4.839507041000616
diffusion,fixed_dwell,20,line_hop,0.2,32,Films_Coated_Surface,23.346860885620117,0.3589732887653863,23.060672760009766,0.31494661921708184,4.848715469001036
diffusion,fixed_dwell,20,line_hop,0.2,33,MEMS_devices_and_electrodes,24.469167709350586,0.622917629817662,23.9627685546875,0.31494661921708184,4.845989989000373
diffusion,fixed_dwell,20,line_hop,0.2,34,Nanowires,27.069177627563477,0.7209818395845629,26.641523361206055,0.31494661921708184,4.844897580000179
diffusion,fixed_dwell,20,line_hop,0.2,35,Particles,31.2753963470459,0.8278869695260266,31.061141967773438,0.31494661921708184,4.84500289099924
diffusion,fixed_dwell,20,line_hop,0.2,36,Patterned_surface,30.468612670898438,0.8796097562430991,29.885814666748047,0.31494661921708184,4.838124234000134
diffusion,fixed_dwell,20,line_hop,0.2,37,Porous_Sponge,16.11375617980957,0.42418690788912555,15.638419151306152,0.31494661921708184,4.836765325999295
diffusion,fixed_dwell,20,line_hop,0.2,38,Powder,21.131345748901367,0.32154716863337846,20.787771224975586,0.31494661921708184,4.837854988998515
diffusion,fixed_dwell,20,line_hop,0.2,39,Tips,35.820350646972656,0.8680595349387809,35.75250244140625,0.31494661921708184,4.844146376999561
diffusion,fixed_dwell,20,line_hop,0.2,40,Biological,22.123821258544922,0.40874796277981174,21.78666114807129,0.31494661921708184,4.845369307999135
diffusion,fixed_dwell,20,line_hop,0.2,41,Fibres,29.4887638092041,0.7799372021085209,29.248350143432617,0.31494661921708184,4.843232482999156
diffusion,fixed_dwell,20,line_hop,0.2,42,Films_Coated_Surface,26.212594985961914,0.40501012451855173,26.099075317382812,0.31494661921708184,4.839916396998888
diffusion,fixed_dwell,20,line_hop,0.2,43,MEMS_devices_and_electrodes,21.997207641601562,0.2585144570333455,21.712875366210938,0.31494661921708184,4.841278318001059
diffusion,fixed_dwell,20,line_hop,0.2,44,Nanowires,23.389005661010742,0.4189878621920286,23.15974998474121,0.31494661921708184,4.845313763000377
diffusion,fixed_dwell,20,line_hop,0.2,45,Particles,35.03351974487305,0.9548748913691201,34.736934661865234,0.31494661921708184,4.845178655999916
diffusion,fixed_dwell,20,line_hop,0.2,46,Patterned_surface,27.820531845092773,0.6045680815638941,27.577709197998047,0.31494661921708184,4.838473359999625
diffusion,fixed_dwell,20,line_hop,0.2,47,Porous_Sponge,22.99200439453125,0.45146793503722377,22.59303092956543,0.31494661921708184,4.839078436998534
diffusion,fixed_dwell,20,line_hop,0.2,48,Powder,24.24625587463379,0.47339959345162663,23.986297607421875,0.31494661921708184,4.842807000000903
diffusion,fixed_dwell,20,line_hop,0.2,49,Tips,18.608095169067383,0.20080874128180004,18.42619514465332,0.31494661921708184,4.835940048000339
diffusion,fixed_dwell,20,line_hop,0.3,0,Biological,24.333927154541016,0.373033813515258,24.096506118774414,0.44306049822064064,4.844568151000203
diffusion,fixed_dwell,20,line_hop,0.3,1,Fibres,24.64077377319336,0.6782902927460615,24.252994537353516,0.44306049822064064,4.845766898000875
diffusion,fixed_dwell,20,line_hop,0.3,2,Films_Coated_Surface,25.00470733642578,0.44029281749560295,24.762495040893555,0.44306049822064064,4.840330294000523
diffusion,fixed_dwell,20,line_hop,0.3,3,MEMS_devices_and_electrodes,24.75784683227539,0.30389593036582396,24.537038803100586,0.44306049822064064,4.844368705000306
diffusion,fixed_dwell,20,line_hop,0.3,4,Nanowires,19.57737159729004,0.662380910748271,18.43123435974121,0.44306049822064064,4.8388241680004285
diffusion,fixed_dwell,20,line_hop,0.3,5,Particles,18.47305679321289,0.37942006104909415,17.515153884887695,0.44306049822064064,4.836918719000096
diffusion,fixed_dwell,20,line_hop,0.3,6,Patterned_surface,25.27024269104004,0.5305702368038866,24.782371520996094,0.44306049822064064,4.843261848000111
diffusion,fixed_dwell,20,line_hop,0.3,7,Porous_Sponge,23.901700973510742,0.4874046600845789,23.455936431884766,0.44306049822064064,4.836563373999525
diffusion,fixed_dwell,20,line_hop,0.3,8,Powder,18.925321578979492,0.33466626360723645,18.597867965698242,0.44306049822064064,4.839739732000453
diffusion,fixed_dwell,20,line_hop,0.3,9,Tips,33.69012451171875,0.9143095843957908,33.43186950683594,0.44306049822064064,4.842911186000492
diffusion,fixed_dwell,20,line_hop,0.3,10,Biological,27.282848358154297,0.41085059410016533,27.20313262939453,0.44306049822064064,4.838229335000506
diffusion,fixed_dwell,20,line_hop,0.3,11,Fibres,28.46459197998047,0.7202616647838185,28.050312042236328,0.44306049822064064,4.841227066001011
diffusion,fixed_dwell,20,line_hop,0.3,12,Films_Coated_Surface,26.414180755615234,0.46438635224035896,26.132747650146484,0.44306049822064064,4.84080512699984
diffusion,fixed_dwell,20,line_hop,0.3,13,MEMS_devices_and_electrodes,25.619651794433594,0.33488449602133774,25.49485969543457,0.44306049822064064,4.837486418000481
diffusion,fixed_dwell,20,line_hop,0.3,14,Nanowires,15.218280792236328,0.556280164503247,14.083465576171875,0.44306049822064064,4.840486926999802
diffusion,fixed_dwell,20,line_hop,0.3,15,Particles,38.37241744995117,0.9255915145583845,38.3253173828125,0.44306049822064064,4.840914529000656
diffusion,fixed_dwell,20,line_hop,0.3,16,Patterned_surface,25.86178970336914,0.8446817483753456,25.28630828857422,0.44306049822064064,4.838569257999552
diffusion,fixed_dwell,20,line_hop,0.3,17,Porous_Sponge,17.070096969604492,0.5203625257577337,16.01984214782715,0.44306049822064064,4.838566235999679
diffusion,fixed_dwell,20,line_hop,0.3,18,Powder,21.176176071166992,0.5315724694366347,20.554359436035156,0.44306049822064064,4.838617931000044
diffusion,fixed_dwell,20,line_hop,0.3,19,Tips,26.786794662475586,0.814491883674498,26.37822723388672,0.44306049822064064,4.8475080499993055
diffusion,fixed_dwell,20,line_hop,0.3,20,Biological,25.484130859375,0.605981891640022,24.993167877197266,0.44306049822064064,4.843882393999593
diffusion,fixed_dwell,20,line_hop,0.3,21,Fibres,25.623722076416016,0.7698359596049482,25.0999755859375,0.44306049822064064,4.838717927999824
diffusion,fixed_dwell,20,line_hop,0.3,22,Films_Coated_Surface,15.025936126708984,0.5230714107594302,13.863635063171387,0.44306049822064064,4.842061695999291
diffusion,fixed_dwell,20,line_hop,0.3,23,MEMS_devices_and_electrodes,25.92276382446289,0.37703142531528666,25.890531539916992,0.44306049822064064,4.839573414999904
diffusion,fixed_dwell,20,line_hop,0.3,24,Nanowires,14.222614288330078,0.3536546142964405,13.165644645690918,0.44306049822064064,4.841668905000915
diffusion,fixed_dwell,20,line_hop,0.3,25,Particles,32.51530075073242,0.6470515861332992,32.45608901977539,0.44306049822064064,4.848699234000378
diffusion,fixed_dwell,20,line_hop,0.3,26,Patterned_surface,19.215417861938477,0.36694231784108783,18.412395477294922,0.44306049822064064,4.8417021869991
diffusion,fixed_dwell,20,line_hop,0.3,27,Porous_Sponge,24.29652214050293,0.35158359017702867,24.12481689453125,0.44306049822064064,4.845631582998976
diffusion,fixed_dwell,20,line_hop,0.3,28,Powder,23.7950439453125,0.6287557104080388,23.165973663330078,0.44306049822064064,4.83937079899988
diffusion,fixed_dwell,20,line_hop,0.3,29,Tips,41.461997985839844,0.97528746166246,41.297584533691406,0.44306049822064064,4.837669825001285
diffusion,fixed_dwell,20,line_hop,0.3,30,Biological,26.772247314453125,0.36786498836757175,26.715181350708008,0.44306049822064064,4.840006286000062
diffusion,fixed_dwell,20,line_hop,0.3,31,Fibres,34.09165954589844,0.7551830472347018,34.03865432739258,0.44306049822064064,4.8373563189998094
diffusion,fixed_dwell,20,line_hop,0.3,32,Films_Coated_Surface,23.895538330078125,0.41317081213562357,23.49420166015625,0.44306049822064064,4.846194322000883
diffusion,fixed_dwell,20,line_hop,0.3,33,MEMS_devices_and_electrodes,25.56424903869629,0.6384837771000175,24.96433448791504,0.44306049822064064,4.8426605249987915
diffusion,fixed_dwell,20,line_hop,0.3,34,Nanowires,28.707317352294922,0.7883103963239289,28.175418853759766,0.44306049822064064,4.842435912998553
diffusion,fixed_dwell,20,line_hop,0.3,35,Particles,32.10298156738281,0.8327007980111419,31.882083892822266,0.44306049822064064,4.84517709100146
diffusion,fixed_dwell,20,line_hop,0.3,36,Patterned_surface,31.943588256835938,0.896155683087777,31.06927490234375,0.44306049822064064,4.838416541000697
diffusion,fixed_dwell,20,line_hop,0.3,37,Porous_Sponge,16.91728401184082,0.5066922539827416,16.159000396728516,0.44306049822064064,4.8409931660007715
diffusion,fixed_dwell,20,line_hop,0.3,38,Powder,21.87674331665039,0.3714933564563828,21.42667007446289,0.44306049822064064,4.8424525070004165
diffusion,fixed_dwell,20,line_hop,0.3,39,Tips,36.296119689941406,0.8690601908436171,36.22646713256836,0.44306049822064064,4.8411679939999885
diffusion,fixed_dwell,20,line_hop,0.3,40,Biological,22.887821197509766,0.4585649841992427,22.43486213684082,0.44306049822064064,4.8414090879996365
diffusion,fixed_dwell,20,line_hop,0.3,41,Fibres,30.567197799682617,0.7898470039833068,30.34850311279297,0.44306049822064064,4.841108360000362
diffusion,fixed_dwell,20,line_hop,0.3,42,Films_Coated_Surface,26.533645629882812,0.4214473962868869,26.355384826660156,0.44306049822064064,4.836542555000051
diffusion,fixed_dwell,20,line_hop,0.3,43,MEMS_devices_and_electrodes,22.45090103149414,0.2931797882857482,22.08950424194336,0.44306049822064064,4.840510088000883
diffusion,fixed_dwell,20,line_hop,0.3,44,Nanowires,24.082765579223633,0.4472631711297665,23.848037719726562,0.44306049822064064,4.841165310999713
diffusion,fixed_dwell,20,line_hop,0.3,45,Particles,36.45274353027344,0.9560803542946109,36.20623016357422,0.44306049822064064,4.843233355000848
diffusion,fixed_dwell,20,line_hop,0.3,46,Patterned_surface,28.63699722290039,0.6381843988845002,28.35454750061035,0.44306049822064064,4.845124829998895
diffusion,fixed_dwell,20,line_hop,0.3,47,Porous_Sponge,24.08561897277832,0.49871488746682374,23.614789962768555,0.44306049822064064,4.836109480000232
diffusion,fixed_dwell,20,line_hop,0.3,48,Powder,24.971494674682617,0.5089931063929045,24.641414642333984,0.44306049822064064,4.837947718999203
diffusion,fixed_dwell,20,line_hop,0.3,49,Tips,18.957807540893555,0.2296369037976864,18.720569610595703,0.44306049822064064,4.839916994000305
diffusion,fixed_dose,2,uniform,0.05,0,Biological,23.4084415435791,0.3053675294928841,23.36651611328125,0.34190808496441283,4.831228862998614
diffusion,fixed_dose,2,uniform,0.05,1,Fibres,22.0328311920166,0.48409662362839834,21.963884353637695,0.3418733318505338,4.8282938720003585
diffusion,fixed_dose,2,uniform,0.05,2,Films_Coated_Surface,23.689010620117188,0.3806304924481982,23.642383575439453,0.3417690725088968,4.837269260000539
diffusion,fixed_dose,2,uniform,0.05,3,MEMS_devices_and_electrodes,24.350196838378906,0.2744683308539558,24.306028366088867,0.3424988879003559,4.829552761999366
diffusion,fixed_dose,2,uniform,0.05,4,Nanowires,16.76528549194336,0.32112388905114214,16.635007858276367,0.3418385787366548,4.832573267000043
diffusion,fixed_dose,2,uniform,0.05,5,Particles,16.994478225708008,0.20695420461223485,16.832530975341797,0.3428637955960854,4.839729212000748
diffusion,fixed_dose,2,uniform,0.05,6,Patterned_surface,23.892398834228516,0.46563951883410687,23.833208084106445,0.3418038256227758,4.829700083999342
diffusion,fixed_dose,2,uniform,0.05,7,Porous_Sponge,22.500732421875,0.3951589321958523,22.435726165771484,0.3416995662811388,4.831135032998645
diffusion,fixed_dose,2,uniform,0.05,8,Powder,17.760540008544922,0.24884198106202757,17.68885612487793,0.3426205237989324,4.850379493998844
diffusion,fixed_dose,2,uniform,0.05,9,Tips,31.903837203979492,0.9065892028633326,31.857261657714844,0.3418212021797153,4.841955445001076
diffusion,fixed_dose,2,uniform,0.05,10,Biological,26.576751708984375,0.38607695005907394,26.5627498626709,0.3429159252669039,4.841896890000498
diffusion,fixed_dose,2,uniform,0.05,11,Fibres,26.6801815032959,0.6825933483340642,26.620620727539062,0.34216873331850534,4.846937018000972
diffusion,fixed_dose,2,uniform,0.05,12,Films_Coated_Surface,25.359041213989258,0.37734619517269335,25.338220596313477,0.34190808496441283,4.840466966999884
diffusion,fixed_dose,2,uniform,0.05,13,MEMS_devices_and_electrodes,25.316356658935547,0.317809725781159,25.293743133544922,0.3421166036476868,4.837805512999694
diffusion,fixed_dose,2,uniform,0.05,14,Nanowires,13.204556465148926,0.192244356032066,13.062555313110352,0.34202972086298933,4.838926108999658
diffusion,fixed_dose,2,uniform,0.05,15,Particles,37.304527282714844,0.9249222173898768,37.30572509765625,0.34216873331850534,4.838260532000277
diffusion,fixed_dose,2,uniform,0.05,16,Patterned_surface,19.730144500732422,0.350392009109404,19.67220687866211,0.3416821897241993,4.841134801999942
diffusion,fixed_dose,2,uniform,0.05,17,Porous_Sponge,14.62702751159668,0.32780565352808094,14.456830024719238,0.34220348643238435,4.838164073000371
diffusion,fixed_dose,2,uniform,0.05,18,Powder,19.491697311401367,0.36436600389202684,19.420536041259766,0.34216873331850534,4.844211732000986
diffusion,fixed_dose,2,uniform,0.05,19,Tips,24.854877471923828,0.7503081189271865,24.807584762573242,0.34140416481316727,4.842060476001279
diffusion,fixed_dose,2,uniform,0.05,20,Biological,23.68022918701172,0.5557793085900673,23.622854232788086,0.3417343193950178,4.839690765000341
diffusion,fixed_dose,2,uniform,0.05,21,Fibres,22.013446807861328,0.5330189629367597,21.936023712158203,0.34208185053380785,4.844734129001154
diffusion,fixed_dose,2,uniform,0.05,22,Films_Coated_Surface,12.946517944335938,0.19760709760381318,12.794189453125,0.3418212021797153,4.842233121999016
diffusion,fixed_dose,2,uniform,0.05,23,MEMS_devices_and_electrodes,25.51345443725586,0.37029140305881675,25.505083084106445,0.34178644906583633,4.839648048000527
diffusion,fixed_dose,2,uniform,0.05,24,Nanowires,13.636224746704102,0.03554588152410266,13.61288833618164,0.3423772520017793,4.841251693998856
diffusion,fixed_dose,2,uniform,0.05,25,Particles,31.863285064697266,0.64394171074698,31.850875854492188,0.34216873331850534,4.840974368999014
diffusion,fixed_dose,2,uniform,0.05,26,Patterned_surface,18.322425842285156,0.26252882085956913,18.194564819335938,0.3429506783807829,4.8403026220003085
diffusion,fixed_dose,2,uniform,0.05,27,Porous_Sponge,23.43608856201172,0.3273755078841854,23.40631103515625,0.3419775911921708,4.842067965999377
diffusion,fixed_dose,2,uniform,0.05,28,Powder,21.910377502441406,0.4861323981783549,21.837238311767578,0.34222086298932386,4.840524548999383
diffusion,fixed_dose,2,uniform,0.05,29,Tips,37.61764907836914,0.9315335123365784,37.587677001953125,0.3418212021797153,4.844911445999969
diffusion,fixed_dose,2,uniform,0.05,30,Biological,26.368131637573242,0.3532254851392637,26.357067108154297,0.3424120051156584,4.845106365999527
diffusion,fixed_dose,2,uniform,0.05,31,Fibres,33.33372497558594,0.7523764404438921,33.336700439453125,0.34258577068505336,4.842978752998533
diffusion,fixed_dose,2,uniform,0.05,32,Films_Coated_Surface,22.882030487060547,0.29430047063646386,22.865596771240234,0.3422556161032028,4.851929223999832
diffusion,fixed_dose,2,uniform,0.05,33,MEMS_devices_and_electrodes,24.105815887451172,0.6126625198047175,23.999637603759766,0.3418733318505338,4.850659740000992
diffusion,fixed_dose,2,uniform,0.05,34,Nanowires,25.876550674438477,0.6480279367304731,25.80429458618164,0.34275953625444844,4.845733969999856
diffusion,fixed_dose,2,uniform,0.05,35,Particles,30.25345802307129,0.8223224032503547,30.22503089904785,0.34138678825622776,4.849802898999769
diffusion,fixed_dose,2,uniform,0.05,36,Patterned_surface,30.5845947265625,0.8722794883911791,30.49597930908203,0.34215135676156583,4.851986415000283
diffusion,fixed_dose,2,uniform,0.05,37,Porous_Sponge,15.661643981933594,0.33770741083045985,15.583112716674805,0.3418038256227758,4.8525459180000325
diffusion,fixed_dose,2,uniform,0.05,38,Powder,20.695783615112305,0.28045572349682474,20.62317657470703,0.34152580071174377,4.846167822001007
diffusion,fixed_dose,2,uniform,0.05,39,Tips,35.11271286010742,0.8663945524938771,35.10457229614258,0.34234249888790036,4.849881603999165
diffusion,fixed_dose,2,uniform,0.05,40,Biological,21.47193717956543,0.35155065152256193,21.419723510742188,0.3429680549377224,4.85247718500068
diffusion,fixed_dose,2,uniform,0.05,41,Fibres,28.106557846069336,0.7592533994515451,28.073837280273438,0.3417169428380783,4.844353910000791
diffusion,fixed_dose,2,uniform,0.05,42,Films_Coated_Surface,25.89251708984375,0.3923609115979282,25.886531829833984,0.3423946285587189,4.850391773999945
diffusion,fixed_dose,2,uniform,0.05,43,MEMS_devices_and_electrodes,21.961204528808594,0.23876157602023101,21.874006271362305,0.34248151134341637,4.847754022001027
diffusion,fixed_dose,2,uniform,0.05,44,Nanowires,22.635011672973633,0.3658252363253869,22.584598541259766,0.34126515235765126,4.836817675999555
diffusion,fixed_dose,2,uniform,0.05,45,Particles,34.16931915283203,0.9533703624817799,34.150779724121094,0.34275953625444844,4.8430793799998355
diffusion,fixed_dose,2,uniform,0.05,46,Patterned_surface,27.260486602783203,0.56121184780605,27.24437713623047,0.3426900300266904,4.836580760998913
diffusion,fixed_dose,2,uniform,0.05,47,Porous_Sponge,22.476455688476562,0.4061305520051635,22.403533935546875,0.3428116659252669,4.834002327001144
diffusion,fixed_dose,2,uniform,0.05,48,Powder,23.613689422607422,0.434154815571392,23.577699661254883,0.3419775911921708,4.83354867900016
diffusion,fixed_dose,2,uniform,0.05,49,Tips,18.10517692565918,0.15478486792570437,18.053756713867188,0.3426726534697509,4.832355704998918
diffusion,fixed_dose,2,uniform,0.1,0,Biological,23.53936004638672,0.3015416363732588,23.500459671020508,0.5814334964412812,4.83338051499959
diffusion,fixed_dose,2,uniform,0.1,1,Fibres,22.58055877685547,0.5259680784554664,22.50615692138672,0.5805125389234876,4.828511998999602
diffusion,fixed_dose,2,uniform,0.1,2,Films_Coated_Surface,23.91261863708496,0.38742427512366406,23.86758041381836,0.5808426935053381,4.828767068000161
diffusion,fixed_dose,2,uniform,0.1,3,MEMS_devices_and_electrodes,24.5502872467041,0.27999461642017315,24.498252868652344,0.5802518905693951,4.836307483999917
diffusion,fixed_dose,2,uniform,0.1,4,Nanowires,18.166240692138672,0.49674453430803234,17.908723831176758,0.5817984041370107,4.828816524001013
diffusion,fixed_dose,2,uniform,0.1,5,Particles,17.37224769592285,0.24792785936899933,17.133663177490234,0.5825282195284698,4.833090303000063
diffusion,fixed_dose,2,uniform,0.1,6,Patterned_surface,24.170425415039062,0.4759569760409184,24.106332778930664,0.5814856261120998,4.8319061109996255
diffusion,fixed_dose,2,uniform,0.1,7,Porous_Sponge,22.81171417236328,0.4127965334933015,22.739154815673828,0.5822154415035588,4.829376252000657
diffusion,fixed_dose,2,uniform,0.1,8,Powder,18.169898986816406,0.2798249243471599,18.072101593017578,0.5802518905693951,4.837272265000138
diffusion,fixed_dose,2,uniform,0.1,9,Tips,32.17129898071289,0.9075266443243188,32.140480041503906,0.5812944839857652,4.831350573998861
diffusion,fixed_dose,2,uniform,0.1,10,Biological,26.744171142578125,0.3888286802250274,26.743925094604492,0.5816246385676157,4.826932662999752
diffusion,fixed_dose,2,uniform,0.1,11,Fibres,27.004878997802734,0.6873326431819263,26.943395614624023,0.5816767682384343,4.834421466999629
diffusion,fixed_dose,2,uniform,0.1,12,Films_Coated_Surface,25.41639518737793,0.37883063780595394,25.39073944091797,0.5823892070729537,4.835102951999943
diffusion,fixed_dose,2,uniform,0.1,13,MEMS_devices_and_electrodes,25.49585723876953,0.32193154056215534,25.476566314697266,0.5812597308718862,4.83103668900003
diffusion,fixed_dose,2,uniform,0.1,14,Nanowires,13.899689674377441,0.3167483385658251,13.639303207397461,0.5791571674822065,4.834608290999313
diffusion,fixed_dose,2,uniform,0.1,15,Particles,37.181880950927734,0.9251375010382277,37.18359375,0.5803213967971531,4.829843662000712
diffusion,fixed_dose,2,uniform,0.1,16,Patterned_surface,20.007341384887695,0.38757233415599485,19.923748016357422,0.5808600700622776,4.839815913999701
diffusion,fixed_dose,2,uniform,0.1,17,Porous_Sponge,15.968025207519531,0.4196150029574056,15.702917098999023,0.580668927935943,4.827199986000778
diffusion,fixed_dose,2,uniform,0.1,18,Powder,19.995546340942383,0.41581200619239433,19.901941299438477,0.5804082795818506,4.828771464000965
diffusion,fixed_dose,2,uniform,0.1,19,Tips,25.36060333251953,0.7652367190871338,25.30044174194336,0.5805299154804271,4.839151927000785
diffusion,fixed_dose,2,uniform,0.1,20,Biological,24.58197021484375,0.5723668666475191,24.52035903930664,0.5801476312277581,4.833779040000081
diffusion,fixed_dose,2,uniform,0.1,21,Fibres,23.11437225341797,0.622979387639039,23.033458709716797,0.5806863044928826,4.83286604299974
diffusion,fixed_dose,2,uniform,0.1,22,Films_Coated_Surface,13.858800888061523,0.34268005089649595,13.582761764526367,0.5807210576067616,4.8281476629999815
diffusion,fixed_dose,2,uniform,0.1,23,MEMS_devices_and_electrodes,25.64703941345215,0.3704530952855768,25.633926391601562,0.5806515513790036,4.834125263001624
diffusion,fixed_dose,2,uniform,0.1,24,Nanowires,13.747261047363281,0.06445118956270555,13.675199508666992,0.5819026634786477,4.834450045000267
diffusion,fixed_dose,2,uniform,0.1,25,Particles,32.101009368896484,0.6440081276028952,32.085960388183594,0.5813813667704627,4.828260927000883
diffusion,fixed_dose,2,uniform,0.1,26,Patterned_surface,18.6173038482666,0.29140538598118043,18.422222137451172,0.5824239601868328,4.831892251999307
diffusion,fixed_dose,2,uniform,0.1,27,Porous_Sponge,23.690093994140625,0.3328274737085575,23.66472053527832,0.5824413367437723,4.8339749699989625
diffusion,fixed_dose,2,uniform,0.1,28,Powder,22.354747772216797,0.5179573627407015,22.268245697021484,0.5808600700622776,4.8273081020015525
diffusion,fixed_dose,2,uniform,0.1,29,Tips,38.61119079589844,0.9572790115628803,38.58807373046875,0.5809469528469751,4.829387977999431
diffusion,fixed_dose,2,uniform,0.1,30,Biological,26.363019943237305,0.35288406165032843,26.358308792114258,0.5806863044928826,4.831405614999312
diffusion,fixed_dose,2,uniform,0.1,31,Fibres,33.298431396484375,0.7522811577901679,33.30561065673828,0.5806167982651247,4.826162830000612
diffusion,fixed_dose,2,uniform,0.1,32,Films_Coated_Surface,23.00572967529297,0.3087842574457276,22.961837768554688,0.5799217359875446,4.837918981000257
diffusion,fixed_dose,2,uniform,0.1,33,MEMS_devices_and_electrodes,24.873857498168945,0.6229075246915625,24.737274169921875,0.5797827235320285,4.828106029999617
diffusion,fixed_dose,2,uniform,0.1,34,Nanowires,26.521808624267578,0.6748031909039868,26.4466495513916,0.5814856261120998,4.826913859998967
diffusion,fixed_dose,2,uniform,0.1,35,Particles,30.573162078857422,0.8237742332537346,30.55486488342285,0.5809990825177936,4.831086025000332
diffusion,fixed_dose,2,uniform,0.1,36,Patterned_surface,31.385404586791992,0.8762807910544497,31.243972778320312,0.5807384341637011,4.8328418279998
diffusion,fixed_dose,2,uniform,0.1,37,Porous_Sponge,16.089988708496094,0.37179968174749883,15.974929809570312,0.5807905638345197,4.833220992999486
diffusion,fixed_dose,2,uniform,0.1,38,Powder,20.966350555419922,0.2932069765969781,20.87763023376465,0.5800086187722421,4.8264772729999095
diffusion,fixed_dose,2,uniform,0.1,39,Tips,35.229087829589844,0.8669460008829093,35.2310905456543,0.57938306272242,4.825928631998977
diffusion,fixed_dose,2,uniform,0.1,40,Biological,21.625356674194336,0.36320308770342363,21.559444427490234,0.5809295762900356,4.834749885998463
diffusion,fixed_dose,2,uniform,0.1,41,Fibres,28.722675323486328,0.7696164470846573,28.67018699645996,0.5817115213523132,4.824423919000765
diffusion,fixed_dose,2,uniform,0.1,42,Films_Coated_Surface,25.963848114013672,0.3932618143844575,25.955284118652344,0.5814508729982207,4.829489341000226
diffusion,fixed_dose,2,uniform,0.1,43,MEMS_devices_and_electrodes,22.2545166015625,0.24662658511228214,22.14932632446289,0.5820416759341638,4.8349997170007555
diffusion,fixed_dose,2,uniform,0.1,44,Nanowires,23.01492691040039,0.37930241296270767,22.9708251953125,0.5819026634786477,4.824152146000415
diffusion,fixed_dose,2,uniform,0.1,45,Particles,34.5681266784668,0.9534383033480964,34.557315826416016,0.5809990825177936,4.829262250001193
diffusion,fixed_dose,2,uniform,0.1,46,Patterned_surface,27.418546676635742,0.5629883924348239,27.407100677490234,0.5813466136565837,4.832878666000397
diffusion,fixed_dose,2,uniform,0.1,47,Porous_Sponge,22.966285705566406,0.42929735124145907,22.888469696044922,0.5806341748220641,4.831446250998852
diffusion,fixed_dose,2,uniform,0.1,48,Powder,23.830402374267578,0.44362664078749103,23.79052734375,0.5808774466192171,4.832277248000537
diffusion,fixed_dose,2,uniform,0.1,49,Tips,18.35828971862793,0.17335343917068044,18.289331436157227,0.579834853202847,4.82527987299909
diffusion,fixed_dose,2,uniform,0.15,0,Biological,23.654998779296875,0.31794309566502177,23.613937377929688,0.7992243104982206,4.831947452001259
diffusion,fixed_dose,2,uniform,0.15,1,Fibres,22.736248016357422,0.5305350219629498,22.661163330078125,0.7973128892348755,4.833432953999363
diffusion,fixed_dose,2,uniform,0.15,2,Films_Coated_Surface,23.97120475769043,0.3884025134909859,23.930118560791016,0.7980774577402135,4.831122769001013
diffusion,fixed_dose,2,uniform,0.15,3,MEMS_devices_and_electrodes,24.647342681884766,0.2794889566844478,24.634492874145508,0.7974519016903916,4.835870917999273
diffusion,fixed_dose,2,uniform,0.15,4,Nanowires,18.85440444946289,0.5687918383022146,18.52522087097168,0.7966525800711745,4.847432319998916
diffusion,fixed_dose,2,uniform,0.15,5,Particles,17.678714752197266,0.2785065393398296,17.395185470581055,0.7994675822953737,4.84927073200015
diffusion,fixed_dose,2,uniform,0.15,6,Patterned_surface,24.355010986328125,0.4832538772010511,24.29206657409668,0.7979384452846976,4.840859973999613
diffusion,fixed_dose,2,uniform,0.15,7,Porous_Sponge,22.905588150024414,0.42150018759294966,22.82265853881836,0.7974866548042705,4.843054402999769
diffusion,fixed_dose,2,uniform,0.15,8,Powder,18.38158416748047,0.2896666096449012,18.26955795288086,0.7986161310053381,4.845819894999295
diffusion,fixed_dose,2,uniform,0.15,9,Tips,32.279273986816406,0.9073766575276013,32.283206939697266,0.7962702958185054,4.842226242999459
diffusion,fixed_dose,2,uniform,0.15,10,Biological,26.779190063476562,0.3903285692207328,26.771381378173828,0.7954535976423488,4.842410014000052
diffusion,fixed_dose,2,uniform,0.15,11,Fibres,27.205591201782227,0.6904244705828819,27.15276527404785,0.7977646797153026,4.84325404899937
diffusion,fixed_dose,2,uniform,0.15,12,Films_Coated_Surface,25.414640426635742,0.37489478249302155,25.403039932250977,0.7982164701957296,4.841319882998505
diffusion,fixed_dose,2,uniform,0.15,13,MEMS_devices_and_electrodes,25.41417121887207,0.3205721395409898,25.397830963134766,0.797677796930605,4.837578298000153
diffusion,fixed_dose,2,uniform,0.15,14,Nanowires,14.506322860717773,0.4129271290343938,14.152265548706055,0.7987551434608542,4.845408250999753
diffusion,fixed_dose,2,uniform,0.15,15,Particles,37.278900146484375,0.924492925571138,37.27077865600586,0.7964266848309609,4.843721512001139
diffusion,fixed_dose,2,uniform,0.15,16,Patterned_surface,20.45470428466797,0.44638548244084075,20.33634376525879,0.7966525800711745,4.8448202759991545
diffusion,fixed_dose,2,uniform,0.15,17,Porous_Sponge,16.516597747802734,0.45321209480447633,16.198266983032227,0.7988941559163703,4.847901750001256
diffusion,fixed_dose,2,uniform,0.15,18,Powder,20.2213134765625,0.42031310786936976,20.125640869140625,0.8007708240658363,4.8437936039990745
diffusion,fixed_dose,2,uniform,0.15,19,Tips,25.5037899017334,0.7701539682756088,25.447067260742188,0.7979558218416372,4.844950906999657
diffusion,fixed_dose,2,uniform,0.15,20,Biological,24.441938400268555,0.5694990548790394,24.38601303100586,0.7982164701957296,4.838915053000164
diffusion,fixed_dose,2,uniform,0.15,21,Fibres,23.288171768188477,0.6425269875213916,23.210269927978516,0.7994154526245552,4.841385136998724
diffusion,fixed_dose,2,uniform,0.15,22,Films_Coated_Surface,14.454524993896484,0.4190268963147521,14.103452682495117,0.7984423654359432,4.8442024439991656
diffusion,fixed_dose,2,uniform,0.15,23,MEMS_devices_and_electrodes,25.71028709411621,0.3724343561767402,25.697004318237305,0.7979905749555161,4.8422548360013025
diffusion,fixed_dose,2,uniform,0.15,24,Nanowires,13.86004638671875,0.11605335211238242,13.68697738647461,0.7975040313612101,4.845641136000268
diffusion,fixed_dose,2,uniform,0.15,25,Particles,31.981216430664062,0.6436542927969515,31.97115707397461,0.797712550044484,4.845292948999486
diffusion,fixed_dose,2,uniform,0.15,26,Patterned_surface,18.749570846557617,0.29548632928582125,18.521760940551758,0.797330265791815,4.84606480399998
diffusion,fixed_dose,2,uniform,0.15,27,Porous_Sponge,23.719289779663086,0.3349107159631401,23.69255256652832,0.7967568394128115,4.844754347999697
diffusion,fixed_dose,2,uniform,0.15,28,Powder,22.557598114013672,0.5331489002487694,22.467330932617188,0.7974519016903916,4.8433487429992965
diffusion,fixed_dose,2,uniform,0.15,29,Tips,39.324424743652344,0.9678127920288654,39.287906646728516,0.7984597419928826,4.842511750000995
diffusion,fixed_dose,2,uniform,0.15,30,Biological,26.348257064819336,0.35086430184808737,26.33013153076172,0.7970348643238435,4.846436290999918
diffusion,fixed_dose,2,uniform,0.15,31,Fibres,32.88020324707031,0.7493549150103441,32.87815475463867,0.7984249888790037,4.846508239999821
diffusion,fixed_dose,2,uniform,0.15,32,Films_Coated_Surface,23.113574981689453,0.31379375007107235,23.08258819580078,0.7985292482206406,4.845260395999503
diffusion,fixed_dose,2,uniform,0.15,33,MEMS_devices_and_electrodes,25.15127944946289,0.6277603271688056,24.98847198486328,0.7994502057384343,4.847145677000299
diffusion,fixed_dose,2,uniform,0.15,34,Nanowires,26.619102478027344,0.686281056329774,26.53314208984375,0.7993980760676158,4.847627672001181
diffusion,fixed_dose,2,uniform,0.15,35,Particles,30.6386661529541,0.8238422346673373,30.628780364990234,0.796878475311388,4.847346733999075
diffusion,fixed_dose,2,uniform,0.15,36,Patterned_surface,31.332948684692383,0.8831196804912279,31.174339294433594,0.7987725200177936,4.845568483000534
diffusion,fixed_dose,2,uniform,0.15,37,Porous_Sponge,16.362348556518555,0.4020062568858684,16.211875915527344,0.7972607595640571,4.841858505000346
diffusion,fixed_dose,2,uniform,0.15,38,Powder,21.18919563293457,0.29828119247805307,21.1097412109375,0.7958880115658363,4.848064690999308
diffusion,fixed_dose,2,uniform,0.15,39,Tips,35.1594123840332,0.8658267382390527,35.14949417114258,0.7970348643238435,4.8434368210000684
diffusion,fixed_dose,2,uniform,0.15,40,Biological,21.77198600769043,0.37239462205047746,21.699541091918945,0.7987203903469752,4.8513745609998296
diffusion,fixed_dose,2,uniform,0.15,41,Fibres,28.99972915649414,0.7703644154986966,28.96381378173828,0.7979905749555161,4.851471652000328
diffusion,fixed_dose,2,uniform,0.15,42,Films_Coated_Surface,25.975391387939453,0.3927487882960775,25.960796356201172,0.7981469639679717,4.844332130000112
diffusion,fixed_dose,2,uniform,0.15,43,MEMS_devices_and_electrodes,22.413963317871094,0.24704786716862845,22.316057205200195,0.7984423654359432,4.844056116000502
diffusion,fixed_dose,2,uniform,0.15,44,Nanowires,23.000022888183594,0.3786992878613784,22.938127517700195,0.7985987544483987,4.84821736899903
diffusion,fixed_dose,2,uniform,0.15,45,Particles,35.12926483154297,0.9533288370398849,35.11455154418945,0.7969306049822065,4.851643224999862
diffusion,fixed_dose,2,uniform,0.15,46,Patterned_surface,27.39328384399414,0.5635661132895305,27.38912582397461,0.7981990936387902,4.84417467700041
diffusion,fixed_dose,2,uniform,0.15,47,Porous_Sponge,23.084306716918945,0.43512987933343417,23.00550651550293,0.7974171485765125,4.844760874999338
diffusion,fixed_dose,2,uniform,0.15,48,Powder,23.817861557006836,0.44244886176264653,23.771055221557617,0.8001626445729538,4.846098301999518
diffusion,fixed_dose,2,uniform,0.15,49,Tips,18.539140701293945,0.18570385456117697,18.459062576293945,0.797295512677936,4.840248051999879
diffusion,fixed_dose,2,uniform,0.2,0,Biological,23.65229034423828,0.3106679769604986,23.608699798583984,0.9913464746441282,4.8412682870002754
diffusion,fixed_dose,2,uniform,0.2,1,Fibres,22.831832885742188,0.5467944299161559,22.74526596069336,0.9929798709964414,4.843390938998709
diffusion,fixed_dose,2,uniform,0.2,2,Films_Coated_Surface,24.093029022216797,0.39274985858234585,24.045087814331055,0.9932752724644129,4.841068041001563
diffusion,fixed_dose,2,uniform,0.2,3,MEMS_devices_and_electrodes,24.683292388916016,0.28053912878379267,24.642257690429688,0.9913812277580072,4.831792924000183
diffusion,fixed_dose,2,uniform,0.2,4,Nanowires,19.362585067749023,0.6175222804956649,18.975643157958984,0.9927887288701068,4.831231919999482
diffusion,fixed_dose,2,uniform,0.2,5,Particles,17.74454116821289,0.2900959394059148,17.419445037841797,0.9923543149466193,4.833764001999953
diffusion,fixed_dose,2,uniform,0.2,6,Patterned_surface,24.417709350585938,0.489155832921159,24.34387969970703,0.9905123999110322,4.836317592998967
diffusion,fixed_dose,2,uniform,0.2,7,Porous_Sponge,22.920745849609375,0.4250499177457214,22.820451736450195,0.9940224644128114,4.826592668001467
diffusion,fixed_dose,2,uniform,0.2,8,Powder,18.478673934936523,0.2926124050065872,18.363868713378906,0.9904776467971531,4.833205238999653
diffusion,fixed_dose,2,uniform,0.2,9,Tips,32.340911865234375,0.9074550571785547,32.31275177001953,0.9879754225978649,4.829563320001398
diffusion,fixed_dose,2,uniform,0.2,10,Biological,26.71839714050293,0.38859761719372826,26.70351791381836,0.9930146241103205,4.82796782999867
diffusion,fixed_dose,2,uniform,0.2,11,Fibres,27.23663330078125,0.6913274472070859,27.16205596923828,0.9944916314501779,4.8309038160005
diffusion,fixed_dose,2,uniform,0.2,12,Films_Coated_Surface,25.514122009277344,0.38176163768928467,25.484867095947266,0.9910163200622776,4.822816256999431
diffusion,fixed_dose,2,uniform,0.2,13,MEMS_devices_and_electrodes,25.45624542236328,0.321890698355246,25.42345428466797,0.9905992826957297,4.830891805000647
diffusion,fixed_dose,2,uniform,0.2,14,Nanowires,14.805686950683594,0.46415512037718526,14.375495910644531,0.9907730482651247,4.847287492999385
diffusion,fixed_dose,2,uniform,0.2,15,Particles,37.714317321777344,0.924877104680051,37.717891693115234,0.9910858262900356,4.844988986998942
diffusion,fixed_dose,2,uniform,0.2,16,Patterned_surface,20.2030086517334,0.4043395533975268,20.08932113647461,0.9929103647686833,4.838273545999982
diffusion,fixed_dose,2,uniform,0.2,17,Porous_Sponge,16.902952194213867,0.47676584668650507,16.539308547973633,0.9950129281583631,4.834619966999526
diffusion,fixed_dose,2,uniform,0.2,18,Powder,20.25653839111328,0.43787422786479613,20.135082244873047,0.9925107039590748,4.829939700999603
diffusion,fixed_dose,2,uniform,0.2,19,Tips,25.373477935791016,0.7651257078506163,25.293445587158203,0.9903212577846976,4.835399694000444
diffusion,fixed_dose,2,uniform,0.2,20,Biological,24.56397247314453,0.5721628428892358,24.501800537109375,0.9908946841637012,4.828978812998685
diffusion,fixed_dose,2,uniform,0.2,21,Fibres,23.584489822387695,0.6574024428170082,23.51148796081543,0.9884098365213524,4.833090378999259
diffusion,fixed_dose,2,uniform,0.2,22,Films_Coated_Surface,14.79936695098877,0.45106980014449355,14.398492813110352,0.9930320006672598,4.8367948360009905
diffusion,fixed_dose,2,uniform,0.2,23,MEMS_devices_and_electrodes,25.749866485595703,0.37343030332292404,25.72574234008789,0.9904602702402135,4.827374120999593
diffusion,fixed_dose,2,uniform,0.2,24,Nanowires,13.969886779785156,0.15505599462239714,13.734488487243652,0.9919546541370108,4.830130735999774
diffusion,fixed_dose,2,uniform,0.2,25,Particles,32.13679504394531,0.6444081035291259,32.1279182434082,0.9922326790480428,4.83347045499977
diffusion,fixed_dose,2,uniform,0.2,26,Patterned_surface,18.82072639465332,0.30733325220091956,18.565380096435547,0.9892439112544485,4.825135725001019
diffusion,fixed_dose,2,uniform,0.2,27,Porous_Sponge,23.741512298583984,0.3326539780066439,23.718156814575195,0.9906340358096085,4.826660664999508
diffusion,fixed_dose,2,uniform,0.2,28,Powder,22.47577476501465,0.524491895572694,22.371021270751953,0.9917808885676156,4.826152820000061
diffusion,fixed_dose,2,uniform,0.2,29,Tips,38.94084548950195,0.9477749269757643,38.85318374633789,0.9930493772241993,4.828211406000264
diffusion,fixed_dose,2,uniform,0.2,30,Biological,26.328617095947266,0.35169683833639875,26.317712783813477,0.9910336966192171,4.830906424000204
diffusion,fixed_dose,2,uniform,0.2,31,Fibres,32.695777893066406,0.7497116536530927,32.68640899658203,0.9897130782918151,4.825139085000046
diffusion,fixed_dose,2,uniform,0.2,32,Films_Coated_Surface,23.114715576171875,0.3158323909413736,23.07159423828125,0.9891744050266905,4.838532611998744
diffusion,fixed_dose,2,uniform,0.2,33,MEMS_devices_and_electrodes,25.30689239501953,0.6287975204417022,25.166959762573242,0.9914681105427047,4.830545153001367
diffusion,fixed_dose,2,uniform,0.2,34,Nanowires,26.744680404663086,0.6852879688123902,26.66604995727539,0.9923716915035588,4.8262821749995055
diffusion,fixed_dose,2,uniform,0.2,35,Particles,30.752954483032227,0.8239467333097021,30.726682662963867,0.9917982651245553,4.847004453000409
diffusion,fixed_dose,2,uniform,0.2,36,Patterned_surface,31.73591423034668,0.8858908945276094,31.549100875854492,0.9921457962633452,4.832440480000514
diffusion,fixed_dose,2,uniform,0.2,37,Porous_Sponge,16.49405860900879,0.4125095453959508,16.320634841918945,0.9888790035587189,4.841491015000429
diffusion,fixed_dose,2,uniform,0.2,38,Powder,21.250049591064453,0.3028879243232794,21.170141220092773,0.9899737266459075,4.8435730609999155
diffusion,fixed_dose,2,uniform,0.2,39,Tips,34.9769287109375,0.8655274982032164,34.97903823852539,0.9901474922153026,4.830561040000248
diffusion,fixed_dose,2,uniform,0.2,40,Biological,21.864826202392578,0.38225873223075174,21.783451080322266,0.9916940057829181,4.835816523000176
diffusion,fixed_dose,2,uniform,0.2,41,Fibres,28.630733489990234,0.7665591887199547,28.568571090698242,0.9909294372775801,4.838588190999872
diffusion,fixed_dose,2,uniform,0.2,42,Films_Coated_Surface,25.990928649902344,0.3950713311581937,25.977218627929688,0.9904428936832741,4.830379697001263
diffusion,fixed_dose,2,uniform,0.2,43,MEMS_devices_and_electrodes,22.325571060180664,0.24895202472616834,22.189983367919922,0.9908251779359432,4.832566721001058
diffusion,fixed_dose,2,uniform,0.2,44,Nanowires,23.198402404785156,0.37983613016292544,23.165088653564453,0.9910510731761566,4.824008015999425
diffusion,fixed_dose,2,uniform,0.2,45,Particles,35.359840393066406,0.9539705944880807,35.36030197143555,0.9910684497330963,4.832242790000237
diffusion,fixed_dose,2,uniform,0.2,46,Patterned_surface,27.386381149291992,0.5634975383181313,27.375274658203125,0.9915549933274022,4.832342812000206
diffusion,fixed_dose,2,uniform,0.2,47,Porous_Sponge,23.139020919799805,0.442361036561508,23.05690574645996,0.9920415369217084,4.8292531600000075
diffusion,fixed_dose,2,uniform,0.2,48,Powder,23.988983154296875,0.44686107255850704,23.93677520751953,0.989400300266904,4.8351911139998265
diffusion,fixed_dose,2,uniform,0.2,49,Tips,18.538196563720703,0.1866883920518077,18.445201873779297,0.9923195618327403,4.830550562001008
diffusion,fixed_dose,2,uniform,0.3,0,Biological,23.6518497467041,0.30920282582939546,23.60818862915039,1.3103244550711746,4.824970261999624
diffusion,fixed_dose,2,uniform,0.3,1,Fibres,22.958988189697266,0.5530650851941801,22.865314483642578,1.3101506895017796,4.8554390690005675
diffusion,fixed_dose,2,uniform,0.3,2,Films_Coated_Surface,23.981224060058594,0.3854815999926289,23.9404296875,1.3147902302046264,4.835265562998757
diffusion,fixed_dose,2,uniform,0.3,3,MEMS_devices_and_electrodes,24.711559295654297,0.2817405975816794,24.680248260498047,1.3111237766903914,4.829952873000366
diffusion,fixed_dose,2,uniform,0.3,4,Nanowires,19.83953094482422,0.6558001074883254,19.389150619506836,1.3163541203291813,4.832662150998658
diffusion,fixed_dose,2,uniform,0.3,5,Particles,17.790996551513672,0.2945320241234826,17.43376350402832,1.312183746663701,4.830488296000112
diffusion,fixed_dose,2,uniform,0.3,6,Patterned_surface,24.578266143798828,0.4928657364046652,24.51150131225586,1.3099247942615662,4.832897487000082
diffusion,fixed_dose,2,uniform,0.3,7,Porous_Sponge,23.075336456298828,0.43134545007640307,22.97884750366211,1.3111064001334523,4.8289006230006635
diffusion,fixed_dose,2,uniform,0.3,8,Powder,18.557401657104492,0.29841530277169914,18.426803588867188,1.3124965246886122,4.8328064239995
diffusion,fixed_dose,2,uniform,0.3,9,Tips,32.80496597290039,0.9093301673305889,32.755638122558594,1.3135391181049823,4.835922776001098
diffusion,fixed_dose,2,uniform,0.3,10,Biological,26.811195373535156,0.39241318931781816,26.788320541381836,1.3108457517793595,4.826119272000142
diffusion,fixed_dose,2,uniform,0.3,11,Fibres,27.21285629272461,0.6905646918687134,27.15581703186035,1.311836215524911,4.8307073100004345
diffusion,fixed_dose,2,uniform,0.3,12,Films_Coated_Surface,25.490291595458984,0.37922909762508933,25.482479095458984,1.3095425100088969,4.839195260999986
diffusion,fixed_dose,2,uniform,0.3,13,MEMS_devices_and_electrodes,25.54439353942871,0.32317670060315246,25.51948356628418,1.3128093027135233,4.832972668000366
diffusion,fixed_dose,2,uniform,0.3,14,Nanowires,15.220069885253906,0.527477671076674,14.671249389648438,1.3091080960854096,4.833394051998766
diffusion,fixed_dose,2,uniform,0.3,15,Particles,37.26849365234375,0.9244498382309178,37.29274368286133,1.3115060609430607,4.834322435999638
diffusion,fixed_dose,2,uniform,0.3,16,Patterned_surface,20.273033142089844,0.405747480639516,20.145267486572266,1.3109847642348758,4.837044023000999
diffusion,fixed_dose,2,uniform,0.3,17,Porous_Sponge,17.3603458404541,0.49653015796207484,16.978242874145508,1.3126876668149468,4.829438012000537
diffusion,fixed_dose,2,uniform,0.3,18,Powder,20.45783805847168,0.44266124383900707,20.329559326171875,1.3141646741548045,4.825036790000013
diffusion,fixed_dose,2,uniform,0.3,19,Tips,25.553237915039062,0.7719971465528307,25.467697143554688,1.3110542704626333,4.83822251499987
diffusion,fixed_dose,2,uniform,0.3,20,Biological,24.643699645996094,0.5763499749789852,24.571474075317383,1.309855288033808,4.8411131750017375
diffusion,fixed_dose,2,uniform,0.3,21,Fibres,23.530675888061523,0.6520392194353334,23.448104858398438,1.308812694617438,4.832439956999224
diffusion,fixed_dose,2,uniform,0.3,22,Films_Coated_Surface,15.123900413513184,0.4881318646301397,14.670487403869629,1.3085346697064058,4.83269647599991
diffusion,fixed_dose,2,uniform,0.3,23,MEMS_devices_and_electrodes,25.737459182739258,0.3727986125148243,25.73974609375,1.3100985598309611,4.835025947000759
diffusion,fixed_dose,2,uniform,0.3,24,Nanowires,14.103048324584961,0.19240473143282993,13.816889762878418,1.3098031583629894,4.829732779999176
diffusion,fixed_dose,2,uniform,0.3,25,Particles,32.12251663208008,0.6442877058376905,32.109764099121094,1.3138345195729537,4.833000392000031
diffusion,fixed_dose,2,uniform,0.3,26,Patterned_surface,18.970027923583984,0.30631172544550866,18.707685470581055,1.311975227980427,4.837602247000177
diffusion,fixed_dose,2,uniform,0.3,27,Porous_Sponge,23.775997161865234,0.33529298848105166,23.74404525756836,1.3079438667704626,4.829833317000521
diffusion,fixed_dose,2,uniform,0.3,28,Powder,22.622055053710938,0.5382111809634536,22.53242301940918,1.3105329737544484,4.829115683000055
diffusion,fixed_dose,2,uniform,0.3,29,Tips,38.431297302246094,0.9324064227132014,38.3956184387207,1.310515597197509,4.828726347999691
diffusion,fixed_dose,2,uniform,0.3,30,Biological,26.3216552734375,0.3511414610178898,26.307907104492188,1.3114365547153026,4.839246995999929
diffusion,fixed_dose,2,uniform,0.3,31,Fibres,32.90296936035156,0.7500589514045962,32.91392517089844,1.3120968638790038,4.831915365999521
diffusion,fixed_dose,2,uniform,0.3,32,Films_Coated_Surface,23.118934631347656,0.32889460854039754,23.072526931762695,1.310202819172598,4.836473703000593
diffusion,fixed_dose,2,uniform,0.3,33,MEMS_devices_and_electrodes,25.436952590942383,0.6282396901858395,25.259172439575195,1.3118883451957295,4.830698706999101
diffusion,fixed_dose,2,uniform,0.3,34,Nanowires,26.919273376464844,0.6958968753812973,26.843555450439453,1.3102549488434165,4.8408788760007155
diffusion,fixed_dose,2,uniform,0.3,35,Particles,30.787126541137695,0.8240170927663021,30.767812728881836,1.3101159363879002,4.836784600000101
diffusion,fixed_dose,2,uniform,0.3,36,Patterned_surface,31.709814071655273,0.8825655573493354,31.4149169921875,1.3090385898576515,4.837428393999289
diffusion,fixed_dose,2,uniform,0.3,37,Porous_Sponge,16.625608444213867,0.4291639727185309,16.394712448120117,1.3107588689946619,4.842920113000218
diffusion,fixed_dose,2,uniform,0.3,38,Powder,21.332653045654297,0.31203628500487596,21.22803497314453,1.3091428491992885,4.840315248000479
diffusion,fixed_dose,2,uniform,0.3,39,Tips,34.91279220581055,0.8656201685596007,34.90314865112305,1.3095251334519573,4.834349695000128
diffusion,fixed_dose,2,uniform,0.3,40,Biological,21.91595458984375,0.3842424850979748,21.83696746826172,1.3110021407918149,4.833931384999232
diffusion,fixed_dose,2,uniform,0.3,41,Fibres,29.006362915039062,0.7727096888057247,28.961523056030273,1.3107067393238434,4.832151720000184
diffusion,fixed_dose,2,uniform,0.3,42,Films_Coated_Surface,26.033672332763672,0.3954152638797497,26.020465850830078,1.3119578514234875,4.838319148000664
diffusion,fixed_dose,2,uniform,0.3,43,MEMS_devices_and_electrodes,22.509794235229492,0.25214093491530476,22.393238067626953,1.3096988990213523,4.836177900000621
diffusion,fixed_dose,2,uniform,0.3,44,Nanowires,23.26712417602539,0.3851290616376718,23.19744110107422,1.3099247942615662,4.8285397039999225
diffusion,fixed_dose,2,uniform,0.3,45,Particles,35.479190826416016,0.9536773752596525,35.51123809814453,1.30594556272242,4.830400938000821
diffusion,fixed_dose,2,uniform,0.3,46,Patterned_surface,27.452993392944336,0.5661132969317257,27.445905685424805,1.3098379114768683,4.838141726000686
diffusion,fixed_dose,2,uniform,0.3,47,Porous_Sponge,23.282264709472656,0.4490558395537759,23.191186904907227,1.3133305994217084,4.834514615000444
diffusion,fixed_dose,2,uniform,0.3,48,Powder,24.02825164794922,0.45008842564517304,23.979089736938477,1.3078917370996441,4.8331819270006235
diffusion,fixed_dose,2,uniform,0.3,49,Tips,18.60539436340332,0.19615577260354283,18.499454498291016,1.3099769239323846,4.828171618999477
diffusion,fixed_dose,2,partial_raster,0.05,0,Biological,22.75204849243164,0.2795505286133932,22.664613723754883,0.05078125,4.837979108000582
diffusion,fixed_dose,2,partial_raster,0.05,1,Fibres,19.901412963867188,0.3263495830056403,19.749713897705078,0.05078125,4.832266769999478
diffusion,fixed_dose,2,partial_raster,0.05,2,Films_Coated_Surface,22.427824020385742,0.3372349480211348,22.31501579284668,0.05078125,4.824719182999615
diffusion,fixed_dose,2,partial_raster,0.05,3,MEMS_devices_and_electrodes,23.26723861694336,0.25659482464572664,23.19979476928711,0.05078125,4.839116180999554
diffusion,fixed_dose,2,partial_raster,0.05,4,Nanowires,15.073629379272461,0.1956241542020382,14.864577293395996,0.05078125,4.829323858999487
diffusion,fixed_dose,2,partial_raster,0.05,5,Particles,16.703208923339844,0.17971582719889745,16.519424438476562,0.05078125,4.837064531999204
diffusion,fixed_dose,2,partial_raster,0.05,6,Patterned_surface,20.884891510009766,0.3952068981886449,20.71148681640625,0.05078125,4.828489030000128
diffusion,fixed_dose,2,partial_raster,0.05,7,Porous_Sponge,20.509441375732422,0.33830138123472836,20.353355407714844,0.05078125,4.823117441001159
diffusion,fixed_dose,2,partial_raster,0.05,8,Powder,15.626371383666992,0.17328198093545563,15.481428146362305,0.05078125,4.826014620999558
diffusion,fixed_dose,2,partial_raster,0.05,9,Tips,31.939319610595703,0.9058999957665546,31.85988426208496,0.05078125,4.840905275001205
diffusion,fixed_dose,2,partial_raster,0.05,10,Biological,26.298294067382812,0.3829074103694203,26.258562088012695,0.05078125,4.829643056998975
diffusion,fixed_dose,2,partial_raster,0.05,11,Fibres,23.89946174621582,0.6242214274787592,23.75107192993164,0.05078125,4.831749991999459
diffusion,fixed_dose,2,partial_raster,0.05,12,Films_Coated_Surface,24.99419403076172,0.377821610703727,24.906904220581055,0.05078125,4.839013527998759
diffusion,fixed_dose,2,partial_raster,0.05,13,MEMS_devices_and_electrodes,24.548690795898438,0.3077788691378135,24.4947509765625,0.05078125,4.844599283000207
diffusion,fixed_dose,2,partial_raster,0.05,14,Nanowires,12.333675384521484,0.13826356928575187,12.131219863891602,0.05078125,4.8377484180000465
diffusion,fixed_dose,2,partial_raster,0.05,15,Particles,36.61188507080078,0.9234481847486408,36.57528305053711,0.05078125,4.827936942001543
diffusion,fixed_dose,2,partial_raster,0.05,16,Patterned_surface,19.379037857055664,0.317462876863121,19.223644256591797,0.05078125,4.831025096000303
diffusion,fixed_dose,2,partial_raster,0.05,17,Porous_Sponge,12.158859252929688,0.1730869158098056,11.953821182250977,0.05078125,4.83348271199975
diffusion,fixed_dose,2,partial_raster,0.05,18,Powder,17.45609474182129,0.28739640902705316,17.286598205566406,0.05078125,4.833826317000785
diffusion,fixed_dose,2,partial_raster,0.05,19,Tips,24.011125564575195,0.740420891826761,23.869916915893555,0.05078125,4.83275218199924
diffusion,fixed_dose,2,partial_raster,0.05,20,Biological,19.342628479003906,0.4428563078976172,19.1623477935791,0.05078125,4.831608548998702
diffusion,fixed_dose,2,partial_raster,0.05,21,Fibres,19.157825469970703,0.3189538112377129,18.97831153869629,0.05078125,4.831815764000567
diffusion,fixed_dose,2,partial_raster,0.05,22,Films_Coated_Surface,11.98853874206543,0.14956406978981837,11.785167694091797,0.05078125,4.833914861001176
diffusion,fixed_dose,2,partial_raster,0.05,23,MEMS_devices_and_electrodes,24.679258346557617,0.3591802439904527,24.616867065429688,0.05078125,4.826755902000514
diffusion,fixed_dose,2,partial_raster,0.05,24,Nanowires,12.873672485351562,0.07880957138506393,12.694034576416016,0.05078125,4.825392871998702
diffusion,fixed_dose,2,partial_raster,0.05,25,Particles,29.768762588500977,0.642051326550166,29.666406631469727,0.05078125,4.827146287998403
diffusion,fixed_dose,2,partial_raster,0.05,26,Patterned_surface,17.474763870239258,0.22027950046384084,17.308685302734375,0.05078125,4.825667435001378
diffusion,fixed_dose,2,partial_raster,0.05,27,Porous_Sponge,21.182878494262695,0.3010353379770337,21.059415817260742,0.05078125,4.835022895000293
diffusion,fixed_dose,2,partial_raster,0.05,28,Powder,19.6470947265625,0.37988196242000244,19.47222900390625,0.05078125,4.830311583000366
diffusion,fixed_dose,2,partial_raster,0.05,29,Tips,35.04963684082031,0.9421581536556624,34.91389846801758,0.05078125,4.828951872001198
diffusion,fixed_dose,2,partial_raster,0.05,30,Biological,26.177677154541016,0.3502322641403642,26.162206649780273,0.05078125,4.838032059000398
diffusion,fixed_dose,2,partial_raster,0.05,31,Fibres,32.70470428466797,0.7496904967126846,32.696109771728516,0.05078125,4.830736500000057
diffusion,fixed_dose,2,partial_raster,0.05,32,Films_Coated_Surface,22.387714385986328,0.2925679526755791,22.269428253173828,0.05078125,4.835579042999598
diffusion,fixed_dose,2,partial_raster,0.05,33,MEMS_devices_and_electrodes,20.15717315673828,0.5697033067700445,19.967605590820312,0.05078125,4.8246212160011055
diffusion,fixed_dose,2,partial_raster,0.05,34,Nanowires,23.5203914642334,0.5113446994313788,23.353878021240234,0.05078125,4.824690508999993
diffusion,fixed_dose,2,partial_raster,0.05,35,Particles,28.003719329833984,0.812044590383768,27.8865966796875,0.05078125,4.8302227209987905
diffusion,fixed_dose,2,partial_raster,0.05,36,Patterned_surface,24.138261795043945,0.7644529842668443,23.928983688354492,0.05078125,4.82772937000118
diffusion,fixed_dose,2,partial_raster,0.05,37,Porous_Sponge,13.89876937866211,0.2455588028793539,13.731386184692383,0.05078125,4.830951124000421
diffusion,fixed_dose,2,partial_raster,0.05,38,Powder,19.138458251953125,0.23574605992775546,18.992326736450195,0.05078125,4.832572982000784
diffusion,fixed_dose,2,partial_raster,0.05,39,Tips,33.99135971069336,0.8630210886397283,33.93683624267578,0.05078125,4.825378225999884
diffusion,fixed_dose,2,partial_raster,0.05,40,Biological,19.542295455932617,0.28478743279837115,19.3905029296875,0.05078125,4.839635237998664
diffusion,fixed_dose,2,partial_raster,0.05,41,Fibres,26.50524139404297,0.7383548086558185,26.41366958618164,0.05078125,4.8394799629986665
diffusion,fixed_dose,2,partial_raster,0.05,42,Films_Coated_Surface,25.45566749572754,0.3876689409143743,25.399770736694336,0.05078125,4.84987910700147
diffusion,fixed_dose,2,partial_raster,0.05,43,MEMS_devices_and_electrodes,19.31060791015625,0.2000009749995731,19.17632484436035,0.05078125,4.837905008000234
diffusion,fixed_dose,2,partial_raster,0.05,44,Nanowires,19.038795471191406,0.310473134001377,18.87954330444336,0.05078125,4.829796097999861
diffusion,fixed_dose,2,partial_raster,0.05,45,Particles,23.089323043823242,0.9127233513459766,22.87562370300293,0.05078125,4.8343830480007455
diffusion,fixed_dose,2,partial_raster,0.05,46,Patterned_surface,26.7403507232666,0.5622692026871436,26.63189125061035,0.05078125,4.832607235999603
diffusion,fixed_dose,2,partial_raster,0.05,47,Porous_Sponge,20.24964141845703,0.3428372234107266,20.086688995361328,0.05078125,4.827778613000191
diffusion,fixed_dose,2,partial_raster,0.05,48,Powder,21.61055564880371,0.3948415098414025,21.47211265563965,0.05078125,4.826457157998448
diffusion,fixed_dose,2,partial_raster,0.05,49,Tips,17.34355354309082,0.12400483267495131,17.253934860229492,0.05078125,4.8363456150000275
diffusion,fixed_dose,2,partial_raster,0.1,0,Biological,23.363269805908203,0.30276291771202635,23.274383544921875,0.099609375,4.830414595999173
diffusion,fixed_dose,2,partial_raster,0.1,1,Fibres,21.726781845092773,0.45449145099783006,21.581628799438477,0.099609375,4.838883024000097
diffusion,fixed_dose,2,partial_raster,0.1,2,Films_Coated_Surface,23.427696228027344,0.36998505095999196,23.329689025878906,0.099609375,4.826659362999635
diffusion,fixed_dose,2,partial_raster,0.1,3,MEMS_devices_and_electrodes,24.358007431030273,0.27321184162375484,24.30953025817871,0.099609375,4.8242014099996595
diffusion,fixed_dose,2,partial_raster,0.1,4,Nanowires,16.30907440185547,0.3429409170271049,15.933943748474121,0.099609375,4.829987500999778
diffusion,fixed_dose,2,partial_raster,0.1,5,Particles,17.056352615356445,0.22229838369933613,16.739261627197266,0.099609375,4.844932588001029
diffusion,fixed_dose,2,partial_raster,0.1,6,Patterned_surface,22.644611358642578,0.4381691033059369,22.395484924316406,0.099609375,4.844835202000468
diffusion,fixed_dose,2,partial_raster,0.1,7,Porous_Sponge,21.75571060180664,0.3793303990962199,21.538801193237305,0.099609375,4.841564416999972
diffusion,fixed_dose,2,partial_raster,0.1,8,Powder,17.55472183227539,0.24642088465624226,17.37796974182129,0.099609375,4.8319571370011545
diffusion,fixed_dose,2,partial_raster,0.1,9,Tips,32.59341812133789,0.9093946723615018,32.50415802001953,0.099609375,4.836665503000404
diffusion,fixed_dose,2,partial_raster,0.1,10,Biological,26.70993423461914,0.3895332206974842,26.70016098022461,0.099609375,4.832367860999511
diffusion,fixed_dose,2,partial_raster,0.1,11,Fibres,25.885417938232422,0.6676800243452422,25.710403442382812,0.099609375,4.8310231100003875
diffusion,fixed_dose,2,partial_raster,0.1,12,Films_Coated_Surface,25.32344627380371,0.38281902508140003,25.233610153198242,0.099609375,4.829924552999728
diffusion,fixed_dose,2,partial_raster,0.1,13,MEMS_devices_and_electrodes,25.040616989135742,0.31415571132605263,24.973026275634766,0.099609375,4.82381269599864
diffusion,fixed_dose,2,partial_raster,0.1,14,Nanowires,12.907743453979492,0.23519731920550438,12.540315628051758,0.099609375,4.834363473999474
diffusion,fixed_dose,2,partial_raster,0.1,15,Particles,36.91725540161133,0.9245847387236107,36.90420913696289,0.099609375,4.830591615998856
diffusion,fixed_dose,2,partial_raster,0.1,16,Patterned_surface,19.74823760986328,0.3530194717587287,19.550613403320312,0.099609375,4.8264642489994
diffusion,fixed_dose,2,partial_raster,0.1,17,Porous_Sponge,13.84907341003418,0.2894755211980752,13.483219146728516,0.099609375,4.834699793000254
diffusion,fixed_dose,2,partial_raster,0.1,18,Powder,18.897417068481445,0.35765356207519416,18.66652488708496,0.099609375,4.841199177000817
diffusion,fixed_dose,2,partial_raster,0.1,19,Tips,24.823713302612305,0.7559409183753276,24.660388946533203,0.099609375,4.827250352000192
diffusion,fixed_dose,2,partial_raster,0.1,20,Biological,23.41645050048828,0.5516413808290374,23.247406005859375,0.099609375,4.829028995000044
diffusion,fixed_dose,2,partial_raster,0.1,21,Fibres,20.26496124267578,0.395626015348465,19.992441177368164,0.099609375,4.82974000700051
diffusion,fixed_dose,2,partial_raster,0.1,22,Films_Coated_Surface,12.601909637451172,0.22982888322792416,12.23226547241211,0.099609375,4.834616307000033
diffusion,fixed_dose,2,partial_raster,0.1,23,MEMS_devices_and_electrodes,25.579914093017578,0.37100844121317883,25.547367095947266,0.099609375,4.8250518160002684
diffusion,fixed_dose,2,partial_raster,0.1,24,Nanowires,13.010433197021484,0.1187843615994884,12.685994148254395,0.099609375,4.822750407000058
diffusion,fixed_dose,2,partial_raster,0.1,25,Particles,31.782882690429688,0.6431028174688547,31.729263305664062,0.099609375,4.832710386999679
diffusion,fixed_dose,2,partial_raster,0.1,26,Patterned_surface,18.01227378845215,0.25489942033582297,17.7441349029541,0.099609375,4.825935798999126
diffusion,fixed_dose,2,partial_raster,0.1,27,Porous_Sponge,23.04722785949707,0.32662719232489285,22.943628311157227,0.099609375,4.83785411899953
diffusion,fixed_dose,2,partial_raster,0.1,28,Powder,21.15741729736328,0.45280984002203795,20.91870880126953,0.099609375,4.827419788000043
diffusion,fixed_dose,2,partial_raster,0.1,29,Tips,37.72986602783203,0.9621559124366582,37.56265640258789,0.099609375,4.824235071000658
diffusion,fixed_dose,2,partial_raster,0.1,30,Biological,26.288707733154297,0.3504931629442897,26.277639389038086,0.099609375,4.8266033550007705
diffusion,fixed_dose,2,partial_raster,0.1,31,Fibres,33.073211669921875,0.7507630584165218,33.067726135253906,0.099609375,4.828602210000099
diffusion,fixed_dose,2,partial_raster,0.1,32,Films_Coated_Surface,22.64085578918457,0.3025246674221107,22.487010955810547,0.099609375,4.823294816000271
diffusion,fixed_dose,2,partial_raster,0.1,33,MEMS_devices_and_electrodes,22.939851760864258,0.6027907819238769,22.668893814086914,0.099609375,4.828921034999439
diffusion,fixed_dose,2,partial_raster,0.1,34,Nanowires,25.47159194946289,0.6296069990959441,25.26813507080078,0.099609375,4.830029920000015
diffusion,fixed_dose,2,partial_raster,0.1,35,Particles,28.375202178955078,0.8179295902498339,28.17306900024414,0.099609375,4.826078590000179
diffusion,fixed_dose,2,partial_raster,0.1,36,Patterned_surface,26.432865142822266,0.82674078133953,26.04656982421875,0.099609375,4.822745605999444
diffusion,fixed_dose,2,partial_raster,0.1,37,Porous_Sponge,15.486993789672852,0.35237956711528623,15.265320777893066,0.099609375,4.835391384998729
diffusion,fixed_dose,2,partial_raster,0.1,38,Powder,20.369855880737305,0.27505412007042335,20.187206268310547,0.099609375,4.827515602999483
diffusion,fixed_dose,2,partial_raster,0.1,39,Tips,34.68833923339844,0.8655408584371215,34.67124557495117,0.099609375,4.824137207000604
diffusion,fixed_dose,2,partial_raster,0.1,40,Biological,21.04475975036621,0.33904239545800935,20.868087768554688,0.099609375,4.829890384999089
diffusion,fixed_dose,2,partial_raster,0.1,41,Fibres,28.68529510498047,0.7640762070919809,28.660812377929688,0.099609375,4.837857299000461
diffusion,fixed_dose,2,partial_raster,0.1,42,Films_Coated_Surface,25.816953659057617,0.39169206676019597,25.767513275146484,0.099609375,4.829005601000972
diffusion,fixed_dose,2,partial_raster,0.1,43,MEMS_devices_and_electrodes,20.795513153076172,0.22092346762976098,20.594627380371094,0.099609375,4.825135181001315
diffusion,fixed_dose,2,partial_raster,0.1,44,Nanowires,22.070751190185547,0.3591606775030561,21.937602996826172,0.099609375,4.82398594299957
diffusion,fixed_dose,2,partial_raster,0.1,45,Particles,30.17693328857422,0.9449807570857672,29.841611862182617,0.099609375,4.828486645999874
diffusion,fixed_dose,2,partial_raster,0.1,46,Patterned_surface,27.04618263244629,0.5667755933666303,26.904529571533203,0.099609375,4.827622246999454
diffusion,fixed_dose,2,partial_raster,0.1,47,Porous_Sponge,21.97488784790039,0.3945830970568742,21.767986297607422,0.099609375,4.827055110999936
diffusion,fixed_dose,2,partial_raster,0.1,48,Powder,23.377485275268555,0.4264499655751071,23.25121307373047,0.099609375,4.831519802999537
diffusion,fixed_dose,2,partial_raster,0.1,49,Tips,18.097625732421875,0.16650653784989708,17.9921875,0.099609375,4.827261373999136
diffusion,fixed_dose,2,partial_raster,0.15,0,Biological,23.567399978637695,0.31194461698226095,23.50369644165039,0.150390625,4.822340034999797
diffusion,fixed_dose,2,partial_raster,0.15,1,Fibres,22.399124145507812,0.5085196604057451,22.265724182128906,0.150390625,4.827381435999996
diffusion,fixed_dose,2,partial_raster,0.15,2,Films_Coated_Surface,23.902761459350586,0.384762245187399,23.83209991455078,0.150390625,4.828060447998723
diffusion,fixed_dose,2,partial_raster,0.15,3,MEMS_devices_and_electrodes,24.597909927368164,0.2783588625098587,24.56546974182129,0.150390625,4.8346294189996115
diffusion,fixed_dose,2,partial_raster,0.15,4,Nanowires,17.342817306518555,0.4516440766153631,16.821699142456055,0.150390625,4.826965877000475
diffusion,fixed_dose,2,partial_raster,0.15,5,Particles,17.257850646972656,0.25070872035219904,16.841670989990234,0.150390625,4.823893007000152
diffusion,fixed_dose,2,partial_raster,0.15,6,Patterned_surface,23.588274002075195,0.460914899194924,23.35125160217285,0.150390625,4.8259443110000575
diffusion,fixed_dose,2,partial_raster,0.15,7,Porous_Sponge,22.576196670532227,0.40370495848567756,22.385692596435547,0.150390625,4.832069246998799
diffusion,fixed_dose,2,partial_raster,0.15,8,Powder,18.006803512573242,0.27583691382815706,17.814729690551758,0.150390625,4.823988047000967
diffusion,fixed_dose,2,partial_raster,0.15,9,Tips,32.46837615966797,0.9084434878186514,32.408531188964844,0.150390625,4.830287007000152
diffusion,fixed_dose,2,partial_raster,0.15,10,Biological,26.8075008392334,0.39051498477363544,26.781919479370117,0.150390625,4.821832544001154
diffusion,fixed_dose,2,partial_raster,0.15,11,Fibres,26.827735900878906,0.6849255949403,26.683380126953125,0.150390625,4.830020027999126
diffusion,fixed_dose,2,partial_raster,0.15,12,Films_Coated_Surface,25.542640686035156,0.39278991577908595,25.477819442749023,0.150390625,4.826365128999896
diffusion,fixed_dose,2,partial_raster,0.15,13,MEMS_devices_and_electrodes,25.257282257080078,0.31723038003410275,25.191085815429688,0.150390625,4.822953212000357
diffusion,fixed_dose,2,partial_raster,0.15,14,Nanowires,13.509990692138672,0.3257505345937711,13.002946853637695,0.150390625,4.832223493000129
diffusion,fixed_dose,2,partial_raster,0.15,15,Particles,37.21519470214844,0.925150550035336,37.21376037597656,0.150390625,4.821461529001681
diffusion,fixed_dose,2,partial_raster,0.15,16,Patterned_surface,19.889963150024414,0.3764194543186081,19.643199920654297,0.150390625,4.818891243001417
diffusion,fixed_dose,2,partial_raster,0.15,17,Porous_Sponge,15.129090309143066,0.37443247915851896,14.642952919006348,0.150390625,4.825852973999645
diffusion,fixed_dose,2,partial_raster,0.15,18,Powder,19.627384185791016,0.395831960308248,19.389110565185547,0.150390625,4.816751968999597
diffusion,fixed_dose,2,partial_raster,0.15,19,Tips,25.264890670776367,0.7675919397287825,25.14838218688965,0.150390625,4.827533219000543
diffusion,fixed_dose,2,partial_raster,0.15,20,Biological,24.10031509399414,0.565127451400161,23.94893455505371,0.150390625,4.827270693000173
diffusion,fixed_dose,2,partial_raster,0.15,21,Fibres,21.7966365814209,0.5203585764189315,21.514110565185547,0.150390625,4.833342650999839
diffusion,fixed_dose,2,partial_raster,0.15,22,Films_Coated_Surface,13.159785270690918,0.30624111043471436,12.644161224365234,0.150390625,4.832092912000007
diffusion,fixed_dose,2,partial_raster,0.15,23,MEMS_devices_and_electrodes,25.768068313598633,0.3726156266630394,25.745840072631836,0.150390625,4.8278537949991005
diffusion,fixed_dose,2,partial_raster,0.15,24,Nanowires,13.22518253326416,0.15127195338123176,12.775803565979004,0.150390625,4.825204378001217
diffusion,fixed_dose,2,partial_raster,0.15,25,Particles,32.05573272705078,0.6440201204346482,32.02594757080078,0.150390625,4.839577119999376
diffusion,fixed_dose,2,partial_raster,0.15,26,Patterned_surface,18.359657287597656,0.26863668051293427,18.031574249267578,0.150390625,4.82558590500048
diffusion,fixed_dose,2,partial_raster,0.15,27,Porous_Sponge,23.614219665527344,0.3326539584620114,23.543697357177734,0.150390625,4.8251958079999895
diffusion,fixed_dose,2,partial_raster,0.15,28,Powder,21.953027725219727,0.4963260911846501,21.715805053710938,0.150390625,4.830682444999184
diffusion,fixed_dose,2,partial_raster,0.15,29,Tips,38.84278106689453,0.9627874981575414,38.788734436035156,0.150390625,4.828331843998967
diffusion,fixed_dose,2,partial_raster,0.15,30,Biological,26.371200561523438,0.3531681236550855,26.359310150146484,0.150390625,4.8383352250002645
diffusion,fixed_dose,2,partial_raster,0.15,31,Fibres,32.949825286865234,0.7503905184642088,32.95595169067383,0.150390625,4.830669486000261
diffusion,fixed_dose,2,partial_raster,0.15,32,Films_Coated_Surface,22.9105281829834,0.30533518992457587,22.788597106933594,0.150390625,4.830589737999617
diffusion,fixed_dose,2,partial_raster,0.15,33,MEMS_devices_and_electrodes,23.355266571044922,0.6105226366181119,22.991506576538086,0.150390625,4.831984946000375
diffusion,fixed_dose,2,partial_raster,0.15,34,Nanowires,26.237974166870117,0.6635591578474098,26.06239128112793,0.150390625,4.850620343000628
diffusion,fixed_dose,2,partial_raster,0.15,35,Particles,30.576059341430664,0.823618151343802,30.53968048095703,0.150390625,4.834382388000449
diffusion,fixed_dose,2,partial_raster,0.15,36,Patterned_surface,28.23145294189453,0.8499527563081664,27.706403732299805,0.150390625,4.836167879999266
diffusion,fixed_dose,2,partial_raster,0.15,37,Porous_Sponge,16.011234283447266,0.3947275005790394,15.74095630645752,0.150390625,4.821998209999947
diffusion,fixed_dose,2,partial_raster,0.15,38,Powder,20.792987823486328,0.29278579206040634,20.59307098388672,0.150390625,4.83232478500031
diffusion,fixed_dose,2,partial_raster,0.15,39,Tips,35.24032211303711,0.8663487931304814,35.232887268066406,0.150390625,4.829687105999255
diffusion,fixed_dose,2,partial_raster,0.15,40,Biological,21.516937255859375,0.3629520791054491,21.359968185424805,0.150390625,4.822510221001721
diffusion,fixed_dose,2,partial_raster,0.15,41,Fibres,28.809595108032227,0.7686018187516583,28.7863826751709,0.150390625,4.827954893000424
diffusion,fixed_dose,2,partial_raster,0.15,42,Films_Coated_Surface,26.06900978088379,0.3969060130774211,26.024028778076172,0.150390625,4.832803926001361
diffusion,fixed_dose,2,partial_raster,0.15,43,MEMS_devices_and_electrodes,21.621826171875,0.2297421350094383,21.415483474731445,0.150390625,4.82830716799981
diffusion,fixed_dose,2,partial_raster,0.15,44,Nanowires,22.9191951751709,0.3819169549029594,22.822275161743164,0.150390625,4.830068789999132
diffusion,fixed_dose,2,partial_raster,0.15,45,Particles,33.767757415771484,0.951950157922242,33.57509994506836,0.150390625,4.82765461100098
diffusion,fixed_dose,2,partial_raster,0.15,46,Patterned_surface,27.235271453857422,0.5722886431403509,27.09998321533203,0.150390625,4.8315304669995385
diffusion,fixed_dose,2,partial_raster,0.15,47,Porous_Sponge,22.59054183959961,0.41798844751764885,22.38363265991211,0.150390625,4.826057518001107
diffusion,fixed_dose,2,partial_raster,0.15,48,Powder,23.683998107910156,0.4408212426226582,23.5745906829834,0.150390625,4.83023766199949
diffusion,fixed_dose,2,partial_raster,0.15,49,Tips,18.391210556030273,0.1764432100062757,18.298885345458984,0.150390625,4.83010107500013
diffusion,fixed_dose,2,partial_raster,0.2,0,Biological,23.65046501159668,0.3101484781010267,23.594589233398438,0.19921875,4.822365699999864
diffusion,fixed_dose,2,partial_raster,0.2,1,Fibres,22.671276092529297,0.5168737245085174,22.574657440185547,0.19921875,4.826039581999794
diffusion,fixed_dose,2,partial_raster,0.2,2,Films_Coated_Surface,23.959009170532227,0.3871158125570276,23.914640426635742,0.19921875,4.82923455800119
diffusion,fixed_dose,2,partial_raster,0.2,3,MEMS_devices_and_electrodes,24.640844345092773,0.27940939401843334,24.61441421508789,0.19921875,4.825169981999352
diffusion,fixed_dose,2,partial_raster,0.2,4,Nanowires,18.116127014160156,0.5269722800210765,17.510622024536133,0.19921875,4.835233369998605
diffusion,fixed_dose,2,partial_raster,0.2,5,Particles,17.48967170715332,0.27334004832591074,17.0316162109375,0.19921875,4.825053979999211
diffusion,fixed_dose,2,partial_raster,0.2,6,Patterned_surface,23.981964111328125,0.47101331934737695,23.764259338378906,0.19921875,4.8233289280015015
diffusion,fixed_dose,2,partial_raster,0.2,7,Porous_Sponge,22.567371368408203,0.4085443483001637,22.349903106689453,0.19921875,4.83402704099899
diffusion,fixed_dose,2,partial_raster,0.2,8,Powder,18.38463020324707,0.2915908586331367,18.217437744140625,0.19921875,4.821969453001657
diffusion,fixed_dose,2,partial_raster,0.2,9,Tips,32.3125,0.9076274989342594,32.273624420166016,0.19921875,4.83641245599938
diffusion,fixed_dose,2,partial_raster,0.2,10,Biological,26.79222297668457,0.3907121384146305,26.776832580566406,0.19921875,4.828019447999395
diffusion,fixed_dose,2,partial_raster,0.2,11,Fibres,27.042341232299805,0.6879517795473993,26.945077896118164,0.19921875,4.823950754998805
diffusion,fixed_dose,2,partial_raster,0.2,12,Films_Coated_Surface,25.496509552001953,0.3873651316960358,25.416719436645508,0.19921875,4.828631057000166
diffusion,fixed_dose,2,partial_raster,0.2,13,MEMS_devices_and_electrodes,25.436277389526367,0.32037383236860967,25.398157119750977,0.19921875,4.82419523200042
diffusion,fixed_dose,2,partial_raster,0.2,14,Nanowires,13.91679573059082,0.38972311762245615,13.295034408569336,0.19921875,4.823790955999357
diffusion,fixed_dose,2,partial_raster,0.2,15,Particles,37.206844329833984,0.9245605264438409,37.20182418823242,0.19921875,4.834462859998894
diffusion,fixed_dose,2,partial_raster,0.2,16,Patterned_surface,20.0523738861084,0.3837855979001791,19.8629093170166,0.19921875,4.823522052998669
diffusion,fixed_dose,2,partial_raster,0.2,17,Porous_Sponge,15.810593605041504,0.4162964044353502,15.245695114135742,0.19921875,4.826439656999355
diffusion,fixed_dose,2,partial_raster,0.2,18,Powder,20.143020629882812,0.4186555511235696,19.968914031982422,0.19921875,4.828281500998855
diffusion,fixed_dose,2,partial_raster,0.2,19,Tips,25.483720779418945,0.7670482614689538,25.40118980407715,0.19921875,4.822465897001166
diffusion,fixed_dose,2,partial_raster,0.2,20,Biological,24.521987915039062,0.5721865642759647,24.409587860107422,0.19921875,4.832999347001532
diffusion,fixed_dose,2,partial_raster,0.2,21,Fibres,22.5473575592041,0.5738646611233419,22.280780792236328,0.19921875,4.829146099000354
diffusion,fixed_dose,2,partial_raster,0.2,22,Films_Coated_Surface,13.660707473754883,0.36670036441121623,13.038500785827637,0.19921875,4.82614776400078
diffusion,fixed_dose,2,partial_raster,0.2,23,MEMS_devices_and_electrodes,25.652999877929688,0.37191201209635627,25.625076293945312,0.19921875,4.828128512999683
diffusion,fixed_dose,2,partial_raster,0.2,24,Nanowires,13.389691352844238,0.1899133959245796,12.842531204223633,0.19921875,4.828590765999252
diffusion,fixed_dose,2,partial_raster,0.2,25,Particles,31.963016510009766,0.6438277782893999,31.922513961791992,0.19921875,4.8278356959999655
diffusion,fixed_dose,2,partial_raster,0.2,26,Patterned_surface,18.520095825195312,0.2860635293160387,18.145797729492188,0.19921875,4.830540643000859
diffusion,fixed_dose,2,partial_raster,0.2,27,Porous_Sponge,23.56441307067871,0.3333319354740548,23.469608306884766,0.19921875,4.822918451000078
diffusion,fixed_dose,2,partial_raster,0.2,28,Powder,22.26486587524414,0.51484621238357,22.052703857421875,0.19921875,4.830443037000805
diffusion,fixed_dose,2,partial_raster,0.2,29,Tips,38.300636291503906,0.9660354375857392,38.18293762207031,0.19921875,4.834339483000804
diffusion,fixed_dose,2,partial_raster,0.2,30,Biological,26.409482955932617,0.3522801889117307,26.407424926757812,0.19921875,4.826820125001177
diffusion,fixed_dose,2,partial_raster,0.2,31,Fibres,33.222251892089844,0.7515943043810891,33.213443756103516,0.19921875,4.82708983700104
diffusion,fixed_dose,2,partial_raster,0.2,32,Films_Coated_Surface,23.047054290771484,0.32624761651710393,22.928525924682617,0.19921875,4.824800626000069
diffusion,fixed_dose,2,partial_raster,0.2,33,MEMS_devices_and_electrodes,24.141281127929688,0.6173662288300328,23.753955841064453,0.19921875,4.8242125019987725
diffusion,fixed_dose,2,partial_raster,0.2,34,Nanowires,26.555503845214844,0.6816202050702019,26.410486221313477,0.19921875,4.827429327999198
diffusion,fixed_dose,2,partial_raster,0.2,35,Particles,30.542675018310547,0.8229996783570231,30.504104614257812,0.19921875,4.821719329998814
diffusion,fixed_dose,2,partial_raster,0.2,36,Patterned_surface,29.333518981933594,0.8604207982667826,28.74757957458496,0.19921875,4.832100468000135
diffusion,fixed_dose,2,partial_raster,0.2,37,Porous_Sponge,16.34830665588379,0.41765526168966155,16.06281089782715,0.19921875,4.8265510219989665
diffusion,fixed_dose,2,partial_raster,0.2,38,Powder,21.036285400390625,0.30079657022621864,20.869667053222656,0.19921875,4.8340223870000045
diffusion,fixed_dose,2,partial_raster,0.2,39,Tips,34.84688186645508,0.8646602067714553,34.855342864990234,0.19921875,4.829698674999236
diffusion,fixed_dose,2,partial_raster,0.2,40,Biological,21.58534812927246,0.36592452302554085,21.447006225585938,0.19921875,4.826743896001062
diffusion,fixed_dose,2,partial_raster,0.2,41,Fibres,29.174442291259766,0.7708301901802308,29.148447036743164,0.19921875,4.828159860999222
diffusion,fixed_dose,2,partial_raster,0.2,42,Films_Coated_Surface,25.977365493774414,0.3946795848531724,25.94251823425293,0.19921875,4.824400843001058
diffusion,fixed_dose,2,partial_raster,0.2,43,MEMS_devices_and_electrodes,21.921043395996094,0.23554316607877518,21.711490631103516,0.19921875,4.824101169999267
diffusion,fixed_dose,2,partial_raster,0.2,44,Nanowires,23.053081512451172,0.38131221111013947,22.968975067138672,0.19921875,4.8239096680008515
diffusion,fixed_dose,2,partial_raster,0.2,45,Particles,34.980979919433594,0.9540790460790763,34.91242980957031,0.19921875,4.823438917999738
diffusion,fixed_dose,2,partial_raster,0.2,46,Patterned_surface,27.473278045654297,0.5805282818547577,27.299617767333984,0.19921875,4.8269357529989065
diffusion,fixed_dose,2,partial_raster,0.2,47,Porous_Sponge,22.832191467285156,0.4287937116424962,22.630733489990234,0.19921875,4.830334663998656
diffusion,fixed_dose,2,partial_raster,0.2,48,Powder,23.82748031616211,0.44769375147361873,23.73887825012207,0.19921875,4.823881391999748
diffusion,fixed_dose,2,partial_raster,0.2,49,Tips,18.533584594726562,0.18451371368312317,18.444625854492188,0.19921875,4.82734425200033
diffusion,fixed_dose,2,partial_raster,0.3,0,Biological,23.75104522705078,0.31085316374513466,23.714717864990234,0.30078125,4.825926994000838
diffusion,fixed_dose,2,partial_raster,0.3,1,Fibres,22.877328872680664,0.5355089288629343,22.79473876953125,0.30078125,4.823749580998992
diffusion,fixed_dose,2,partial_raster,0.3,2,Films_Coated_Surface,24.028661727905273,0.38933364242989943,23.980863571166992,0.30078125,4.826996600999337
diffusion,fixed_dose,2,partial_raster,0.3,3,MEMS_devices_and_electrodes,24.665504455566406,0.27929526211071,24.65686798095703,0.30078125,4.82659029199931
diffusion,fixed_dose,2,partial_raster,0.3,4,Nanowires,19.102251052856445,0.6162013677159365,18.398468017578125,0.30078125,4.827864681999927
diffusion,fixed_dose,2,partial_raster,0.3,5,Particles,17.789432525634766,0.2983308017182748,17.338672637939453,0.30078125,4.822776144001182
diffusion,fixed_dose,2,partial_raster,0.3,6,Patterned_surface,24.36563491821289,0.48630400837588267,24.26103401184082,0.30078125,4.825899942999968
diffusion,fixed_dose,2,partial_raster,0.3,7,Porous_Sponge,23.049585342407227,0.43191835068637996,22.91551971435547,0.30078125,4.825529652998739
diffusion,fixed_dose,2,partial_raster,0.3,8,Powder,18.531288146972656,0.29982141845161925,18.379425048828125,0.30078125,4.824725914000737
diffusion,fixed_dose,2,partial_raster,0.3,9,Tips,32.3934326171875,0.9078307593972145,32.39338684082031,0.30078125,4.822750023000481
diffusion,fixed_dose,2,partial_raster,0.3,10,Biological,26.739683151245117,0.38845952538543427,26.74068260192871,0.30078125,4.831671407000613
diffusion,fixed_dose,2,partial_raster,0.3,11,Fibres,27.302154541015625,0.6930121876027454,27.234004974365234,0.30078125,4.824530899999445
diffusion,fixed_dose,2,partial_raster,0.3,12,Films_Coated_Surface,25.541879653930664,0.38644119886282663,25.516578674316406,0.30078125,4.825762077000036
diffusion,fixed_dose,2,partial_raster,0.3,13,MEMS_devices_and_electrodes,25.51345443725586,0.32261766215381965,25.460247039794922,0.30078125,4.827139073999206
diffusion,fixed_dose,2,partial_raster,0.3,14,Nanowires,14.726173400878906,0.4929736497237112,13.956421852111816,0.30078125,4.826227547999224
diffusion,fixed_dose,2,partial_raster,0.3,15,Particles,37.54582214355469,0.9250059047320651,37.55111312866211,0.30078125,4.824920764000126
diffusion,fixed_dose,2,partial_raster,0.3,16,Patterned_surface,20.105621337890625,0.38149358865598554,19.937349319458008,0.30078125,4.822918338999443
diffusion,fixed_dose,2,partial_raster,0.3,17,Porous_Sponge,17.002151489257812,0.4844222751329381,16.42784309387207,0.30078125,4.825368525000158
diffusion,fixed_dose,2,partial_raster,0.3,18,Powder,20.359094619750977,0.43474224269643846,20.228416442871094,0.30078125,4.822211007998703
diffusion,fixed_dose,2,partial_raster,0.3,19,Tips,25.612834930419922,0.769565142953746,25.50695037841797,0.30078125,4.822754238999551
diffusion,fixed_dose,2,partial_raster,0.3,20,Biological,24.755035400390625,0.5792009496330881,24.671384811401367,0.30078125,4.827728006001053
diffusion,fixed_dose,2,partial_raster,0.3,21,Fibres,23.16021728515625,0.6270404690092306,22.970932006835938,0.30078125,4.83817502599959
diffusion,fixed_dose,2,partial_raster,0.3,22,Films_Coated_Surface,14.481002807617188,0.4448421814661825,13.765693664550781,0.30078125,4.828671774999748
diffusion,fixed_dose,2,partial_raster,0.3,23,MEMS_devices_and_electrodes,25.760066986083984,0.3725349248172543,25.73944091796875,0.30078125,4.826804432001154
diffusion,fixed_dose,2,partial_raster,0.3,24,Nanowires,13.558845520019531,0.23788356070638092,12.832769393920898,0.30078125,4.823609501001556
diffusion,fixed_dose,2,partial_raster,0.3,25,Particles,32.18674087524414,0.6444908719563441,32.174049377441406,0.30078125,4.850834353999744
diffusion,fixed_dose,2,partial_raster,0.3,26,Patterned_surface,18.887928009033203,0.3146284568325394,18.484949111938477,0.30078125,4.840253665001001
diffusion,fixed_dose,2,partial_raster,0.3,27,Porous_Sponge,23.865280151367188,0.3355135915490557,23.830066680908203,0.30078125,4.827421889998732
diffusion,fixed_dose,2,partial_raster,0.3,28,Powder,22.662019729614258,0.5351727919884846,22.514747619628906,0.30078125,4.827046307000273
diffusion,fixed_dose,2,partial_raster,0.3,29,Tips,38.92043685913086,0.9501353705991988,38.866302490234375,0.30078125,4.823716634000448
diffusion,fixed_dose,2,partial_raster,0.3,30,Biological,26.372459411621094,0.35234963703670874,26.373882293701172,0.30078125,4.827307389999987
diffusion,fixed_dose,2,partial_raster,0.3,31,Fibres,33.44286346435547,0.7524730486476034,33.435943603515625,0.30078125,4.825318924000385
diffusion,fixed_dose,2,partial_raster,0.3,32,Films_Coated_Surface,23.21790885925293,0.3278353282003229,23.10775375366211,0.30078125,4.824765114999536
diffusion,fixed_dose,2,partial_raster,0.3,33,MEMS_devices_and_electrodes,24.913768768310547,0.6234913252715806,24.505508422851562,0.30078125,4.83370812099929
diffusion,fixed_dose,2,partial_raster,0.3,34,Nanowires,26.866111755371094,0.6953933239668708,26.756332397460938,0.30078125,4.8253189160004695
diffusion,fixed_dose,2,partial_raster,0.3,35,Particles,30.557601928710938,0.8232959870195606,30.500274658203125,0.30078125,4.823298858998896
diffusion,fixed_dose,2,partial_raster,0.3,36,Patterned_surface,29.85041046142578,0.8728615775887607,29.01403045654297,0.30078125,4.826974595000138
diffusion,fixed_dose,2,partial_raster,0.3,37,Porous_Sponge,16.584304809570312,0.4341990285325402,16.2779541015625,0.30078125,4.827012613999614
diffusion,fixed_dose,2,partial_raster,0.3,38,Powder,21.266023635864258,0.30574290096637524,21.111934661865234,0.30078125,4.824716700999488
diffusion,fixed_dose,2,partial_raster,0.3,39,Tips,35.1966438293457,0.8663014347985065,35.20577621459961,0.30078125,4.83019349999995
diffusion,fixed_dose,2,partial_raster,0.3,40,Biological,21.961414337158203,0.382299018070162,21.86703109741211,0.30078125,4.8294069319999835
diffusion,fixed_dose,2,partial_raster,0.3,41,Fibres,28.982078552246094,0.7702695691287891,28.956562042236328,0.30078125,4.826032349999878
diffusion,fixed_dose,2,partial_raster,0.3,42,Films_Coated_Surface,26.058147430419922,0.3978291355995344,26.025348663330078,0.30078125,4.823713667999982
diffusion,fixed_dose,2,partial_raster,0.3,43,MEMS_devices_and_electrodes,22.17746353149414,0.2407978915859623,21.96457862854004,0.30078125,4.821708509000018
diffusion,fixed_dose,2,partial_raster,0.3,44,Nanowires,23.16409683227539,0.3878446450607944,23.083702087402344,0.30078125,4.839098962000207
diffusion,fixed_dose,2,partial_raster,0.3,45,Particles,34.85242462158203,0.9533082623644358,34.63276672363281,0.30078125,4.821714460000294
diffusion,fixed_dose,2,partial_raster,0.3,46,Patterned_surface,27.45197105407715,0.5692680208345712,27.218420028686523,0.30078125,4.8248344120002
diffusion,fixed_dose,2,partial_raster,0.3,47,Porous_Sponge,23.182249069213867,0.4392521837215535,23.03973388671875,0.30078125,4.832811817999755
diffusion,fixed_dose,2,partial_raster,0.3,48,Powder,24.047574996948242,0.45232669889816374,23.978069305419922,0.30078125,4.82568553999954
diffusion,fixed_dose,2,partial_raster,0.3,49,Tips,18.648054122924805,0.19609930197745656,18.559791564941406,0.30078125,4.830555163000099
diffusion,fixed_dose,2,line_hop,0.05,0,Biological,22.667499542236328,0.28200073189264574,22.575271606445312,0.14412811387900357,4.830622796000171
diffusion,fixed_dose,2,line_hop,0.05,1,Fibres,19.787805557250977,0.3441833622861392,19.63408851623535,0.14412811387900357,4.826658611998937
diffusion,fixed_dose,2,line_hop,0.05,2,Films_Coated_Surface,22.44879913330078,0.3396986616420824,22.33437728881836,0.14412811387900357,4.83818811799938
diffusion,fixed_dose,2,line_hop,0.05,3,MEMS_devices_and_electrodes,22.99493408203125,0.25236165783954545,22.913618087768555,0.14412811387900357,4.833951172000525
diffusion,fixed_dose,2,line_hop,0.05,4,Nanowires,15.149064064025879,0.20148732612752068,14.942680358886719,0.14412811387900357,4.827794196000468
diffusion,fixed_dose,2,line_hop,0.05,5,Particles,16.724597930908203,0.18254280711546236,16.542068481445312,0.14412811387900357,4.830940437999743
diffusion,fixed_dose,2,line_hop,0.05,6,Patterned_surface,21.281269073486328,0.4043077880727192,21.118181228637695,0.14412811387900357,4.8267543080000905
diffusion,fixed_dose,2,line_hop,0.05,7,Porous_Sponge,20.65485191345215,0.3392625947794929,20.501197814941406,0.14412811387900357,4.829881622999892
diffusion,fixed_dose,2,line_hop,0.05,8,Powder,15.602770805358887,0.17758966553166378,15.458221435546875,0.14412811387900357,4.835192472999552
diffusion,fixed_dose,2,line_hop,0.05,9,Tips,31.5201473236084,0.9055973162534368,31.45010757446289,0.14412811387900357,4.828848584000298
diffusion,fixed_dose,2,line_hop,0.05,10,Biological,26.143857955932617,0.3834335996873237,26.10068130493164,0.14412811387900357,4.831222759001321
diffusion,fixed_dose,2,line_hop,0.05,11,Fibres,23.809091567993164,0.6215384858136421,23.655977249145508,0.14412811387900357,4.825956517999657
diffusion,fixed_dose,2,line_hop,0.05,12,Films_Coated_Surface,24.988462448120117,0.3777116642681039,24.9044189453125,0.14412811387900357,4.824409703998754
diffusion,fixed_dose,2,line_hop,0.05,13,MEMS_devices_and_electrodes,24.689443588256836,0.3100285270942306,24.64249610900879,0.14412811387900357,4.826440021000963
diffusion,fixed_dose,2,line_hop,0.05,14,Nanowires,12.383051872253418,0.1353961887446759,12.183456420898438,0.14412811387900357,4.824451414000578
diffusion,fixed_dose,2,line_hop,0.05,15,Particles,36.80944061279297,0.923824346579432,36.77494812011719,0.14412811387900357,4.839109859000018
diffusion,fixed_dose,2,line_hop,0.05,16,Patterned_surface,19.498273849487305,0.33599405897206336,19.350202560424805,0.14412811387900357,4.826678838999214
diffusion,fixed_dose,2,line_hop,0.05,17,Porous_Sponge,12.293947219848633,0.1768185178496072,12.089181900024414,0.14412811387900357,4.826211732999582
diffusion,fixed_dose,2,line_hop,0.05,18,Powder,17.112815856933594,0.2854781039978396,16.93975830078125,0.14412811387900357,4.833928967000247
diffusion,fixed_dose,2,line_hop,0.05,19,Tips,23.943918228149414,0.7403818829312635,23.81191635131836,0.14412811387900357,4.8246960249998665
diffusion,fixed_dose,2,line_hop,0.05,20,Biological,20.206268310546875,0.49155283371213354,20.03974723815918,0.14412811387900357,4.829175689999829
diffusion,fixed_dose,2,line_hop,0.05,21,Fibres,19.493976593017578,0.3330265778570591,19.320955276489258,0.14412811387900357,4.829752992000067
diffusion,fixed_dose,2,line_hop,0.05,22,Films_Coated_Surface,12.021393775939941,0.1536973967176034,11.820013046264648,0.14412811387900357,4.819908878000206
diffusion,fixed_dose,2,line_hop,0.05,23,MEMS_devices_and_electrodes,24.865283966064453,0.3579987917507886,24.81874656677246,0.14412811387900357,4.828698252998947
diffusion,fixed_dose,2,line_hop,0.05,24,Nanowires,12.981963157653809,0.0838752834238673,12.803916931152344,0.14412811387900357,4.822399336000672
diffusion,fixed_dose,2,line_hop,0.05,25,Particles,30.04155921936035,0.641934701812782,29.94493293762207,0.14412811387900357,4.824249852999856
diffusion,fixed_dose,2,line_hop,0.05,26,Patterned_surface,17.545330047607422,0.22579972221487143,17.380416870117188,0.14412811387900357,4.831426307000584
diffusion,fixed_dose,2,line_hop,0.05,27,Porous_Sponge,21.12933921813965,0.30190478358881573,21.007732391357422,0.14412811387900357,4.828624106001371
diffusion,fixed_dose,2,line_hop,0.05,28,Powder,19.495786666870117,0.3786540879229953,19.3177547454834,0.14412811387900357,4.828094348999002
diffusion,fixed_dose,2,line_hop,0.05,29,Tips,32.34616470336914,0.931305975175749,32.18217468261719,0.14412811387900357,4.82252963099927
diffusion,fixed_dose,2,line_hop,0.05,30,Biological,26.019947052001953,0.34716384772934333,25.999792098999023,0.14412811387900357,4.82207242199911
diffusion,fixed_dose,2,line_hop,0.05,31,Fibres,32.82585525512695,0.7499591841268614,32.79640579223633,0.14412811387900357,4.829421111000556
diffusion,fixed_dose,2,line_hop,0.05,32,Films_Coated_Surface,22.637496948242188,0.2976455671566976,22.530738830566406,0.14412811387900357,4.823035839999648
diffusion,fixed_dose,2,line_hop,0.05,33,MEMS_devices_and_electrodes,21.56985092163086,0.5824959083395616,21.39601707458496,0.14412811387900357,4.83047336799973
diffusion,fixed_dose,2,line_hop,0.05,34,Nanowires,23.727497100830078,0.5340023572288622,23.563060760498047,0.14412811387900357,4.8331969320006465
diffusion,fixed_dose,2,line_hop,0.05,35,Particles,28.717891693115234,0.8169401799353075,28.610355377197266,0.14412811387900357,4.82780823900066
diffusion,fixed_dose,2,line_hop,0.05,36,Patterned_surface,26.907546997070312,0.8333003614551726,26.724985122680664,0.14412811387900357,4.8276482689998375
diffusion,fixed_dose,2,line_hop,0.05,37,Porous_Sponge,13.947606086730957,0.25258584905979425,13.781778335571289,0.14412811387900357,4.8322782139985065
diffusion,fixed_dose,2,line_hop,0.05,38,Powder,19.100696563720703,0.23661886088906772,18.957021713256836,0.14412811387900357,4.823265940000056
diffusion,fixed_dose,2,line_hop,0.05,39,Tips,33.69644546508789,0.8635416188994307,33.634273529052734,0.14412811387900357,4.835047649999979
diffusion,fixed_dose,2,line_hop,0.05,40,Biological,19.804874420166016,0.2936196116108776,19.657794952392578,0.14412811387900357,4.823375524998482
diffusion,fixed_dose,2,line_hop,0.05,41,Fibres,24.659934997558594,0.7228269364437059,24.517330169677734,0.14412811387900357,4.82413244000054
diffusion,fixed_dose,2,line_hop,0.05,42,Films_Coated_Surface,25.30954360961914,0.38875023961270583,25.254735946655273,0.14412811387900357,4.831101186999149
diffusion,fixed_dose,2,line_hop,0.05,43,MEMS_devices_and_electrodes,20.139461517333984,0.2073609573955819,20.018863677978516,0.14412811387900357,4.829853657998683
diffusion,fixed_dose,2,line_hop,0.05,44,Nanowires,20.599306106567383,0.3354555845750277,20.474994659423828,0.14412811387900357,4.8304636949997075
diffusion,fixed_dose,2,line_hop,0.05,45,Particles,28.36001968383789,0.9398183473338886,28.17490577697754,0.14412811387900357,4.8265636099986295
diffusion,fixed_dose,2,line_hop,0.05,46,Patterned_surface,26.80588722229004,0.5629937849167848,26.726478576660156,0.14412811387900357,4.821808401999078
diffusion,fixed_dose,2,line_hop,0.05,47,Porous_Sponge,20.6446533203125,0.3519396463614473,20.489023208618164,0.14412811387900357,4.824960615000236
diffusion,fixed_dose,2,line_hop,0.05,48,Powder,21.85846710205078,0.40143587141581405,21.71954917907715,0.14412811387900357,4.8261759969991544
diffusion,fixed_dose,2,line_hop,0.05,49,Tips,17.28460693359375,0.12746399731082841,17.19076919555664,0.14412811387900357,4.825843164999242
diffusion,fixed_dose,2,line_hop,0.1,0,Biological,23.27165412902832,0.2966686546161828,23.163984298706055,0.19750889679715303,4.8338835690010455
diffusion,fixed_dose,2,line_hop,0.1,1,Fibres,21.24838638305664,0.4369151294554203,21.05109214782715,0.19750889679715303,4.8279082129993185
diffusion,fixed_dose,2,line_hop,0.1,2,Films_Coated_Surface,22.96186637878418,0.35844606784885846,22.804658889770508,0.19750889679715303,4.831068481998955
diffusion,fixed_dose,2,line_hop,0.1,3,MEMS_devices_and_electrodes,23.95662498474121,0.268966982214128,23.862398147583008,0.19750889679715303,4.82616341100038
diffusion,fixed_dose,2,line_hop,0.1,4,Nanowires,15.97642993927002,0.3211799590631184,15.592650413513184,0.19750889679715303,4.82315580499926
diffusion,fixed_dose,2,line_hop,0.1,5,Particles,17.006824493408203,0.21512265765950006,16.68665313720703,0.19750889679715303,4.838566145001096
diffusion,fixed_dose,2,line_hop,0.1,6,Patterned_surface,22.540800094604492,0.4427404256484148,22.28759002685547,0.19750889679715303,4.824357764000524
diffusion,fixed_dose,2,line_hop,0.1,7,Porous_Sponge,21.384605407714844,0.3611711036586087,21.15801239013672,0.19750889679715303,4.825455248999788
diffusion,fixed_dose,2,line_hop,0.1,8,Powder,16.92782974243164,0.23191209342587238,16.713354110717773,0.19750889679715303,4.827402071001416
diffusion,fixed_dose,2,line_hop,0.1,9,Tips,31.688182830810547,0.9059105235495788,31.538585662841797,0.19750889679715303,4.818945011000324
diffusion,fixed_dose,2,line_hop,0.1,10,Biological,26.734512329101562,0.39002799504285746,26.71076202392578,0.19750889679715303,4.829056332999244
diffusion,fixed_dose,2,line_hop,0.1,11,Fibres,25.397417068481445,0.6545140700110909,25.1790828704834,0.19750889679715303,4.827803316000427
diffusion,fixed_dose,2,line_hop,0.1,12,Films_Coated_Surface,25.21059226989746,0.3765538295130106,25.1176815032959,0.19750889679715303,4.829171690000294
diffusion,fixed_dose,2,line_hop,0.1,13,MEMS_devices_and_electrodes,24.939620971679688,0.3122031335973173,24.86035919189453,0.19750889679715303,4.834359819999008
diffusion,fixed_dose,2,line_hop,0.1,14,Nanowires,12.8253755569458,0.22194126804404654,12.457406997680664,0.19750889679715303,4.82457193999835
diffusion,fixed_dose,2,line_hop,0.1,15,Particles,36.72136688232422,0.9243877773368282,36.66529083251953,0.19750889679715303,4.838141189000453
diffusion,fixed_dose,2,line_hop,0.1,16,Patterned_surface,19.865726470947266,0.3627340650127982,19.65774154663086,0.19750889679715303,4.839089834000333
diffusion,fixed_dose,2,line_hop,0.1,17,Porous_Sponge,13.344379425048828,0.2664042837690131,12.967992782592773,0.19750889679715303,4.826364566999473
diffusion,fixed_dose,2,line_hop,0.1,18,Powder,18.44695281982422,0.3392973955837476,18.181060791015625,0.19750889679715303,4.830637218999982
diffusion,fixed_dose,2,line_hop,0.1,19,Tips,24.737775802612305,0.7576216867923266,24.575042724609375,0.19750889679715303,4.827501156998551
diffusion,fixed_dose,2,line_hop,0.1,20,Biological,22.720287322998047,0.5430035268703975,22.491710662841797,0.19750889679715303,4.82478794599956
diffusion,fixed_dose,2,line_hop,0.1,21,Fibres,20.652835845947266,0.4338827400242287,20.3857421875,0.19750889679715303,4.831416495999292
diffusion,fixed_dose,2,line_hop,0.1,22,Films_Coated_Surface,12.618242263793945,0.23308887193173694,12.24796199798584,0.19750889679715303,4.82589039999948
diffusion,fixed_dose,2,line_hop,0.1,23,MEMS_devices_and_electrodes,25.456008911132812,0.3685861198553599,25.412982940673828,0.19750889679715303,4.824031427000591
diffusion,fixed_dose,2,line_hop,0.1,24,Nanowires,13.163244247436523,0.1236206688790908,12.846102714538574,0.19750889679715303,4.8266720680003345
diffusion,fixed_dose,2,line_hop,0.1,25,Particles,31.83389663696289,0.643411372085419,31.784820556640625,0.19750889679715303,4.832204897998963
diffusion,fixed_dose,2,line_hop,0.1,26,Patterned_surface,17.916093826293945,0.24959009809335886,17.6472225189209,0.19750889679715303,4.836907932000031
diffusion,fixed_dose,2,line_hop,0.1,27,Porous_Sponge,22.283689498901367,0.31900347309524824,22.110769271850586,0.19750889679715303,4.828289136999956
diffusion,fixed_dose,2,line_hop,0.1,28,Powder,20.513233184814453,0.43569590459904517,20.233728408813477,0.19750889679715303,4.829510445000778
diffusion,fixed_dose,2,line_hop,0.1,29,Tips,37.65814971923828,0.9688711125708791,37.529415130615234,0.19750889679715303,4.836452905999977
diffusion,fixed_dose,2,line_hop,0.1,30,Biological,26.075735092163086,0.34755202428102455,26.05197525024414,0.19750889679715303,4.8263266240010125
diffusion,fixed_dose,2,line_hop,0.1,31,Fibres,32.79370880126953,0.7499643747285459,32.79581069946289,0.19750889679715303,4.82551818399952
diffusion,fixed_dose,2,line_hop,0.1,32,Films_Coated_Surface,22.79369354248047,0.3083489112156889,22.644088745117188,0.19750889679715303,4.826499461998537
diffusion,fixed_dose,2,line_hop,0.1,33,MEMS_devices_and_electrodes,22.811288833618164,0.6006385960530699,22.540109634399414,0.19750889679715303,4.827269529998375
diffusion,fixed_dose,2,line_hop,0.1,34,Nanowires,24.743282318115234,0.5942435656312264,24.494932174682617,0.19750889679715303,4.8310481759999675
diffusion,fixed_dose,2,line_hop,0.1,35,Particles,29.777172088623047,0.8218001502250663,29.65013313293457,0.19750889679715303,4.8323726750004425
diffusion,fixed_dose,2,line_hop,0.1,36,Patterned_surface,28.871156692504883,0.8544744545406114,28.565195083618164,0.19750889679715303,4.831896400000915
diffusion,fixed_dose,2,line_hop,0.1,37,Porous_Sponge,14.892984390258789,0.31863518976662253,14.630748748779297,0.19750889679715303,4.828149299999495
diffusion,fixed_dose,2,line_hop,0.1,38,Powder,20.012311935424805,0.27141132298468396,19.80375099182129,0.19750889679715303,4.827990032999878
diffusion,fixed_dose,2,line_hop,0.1,39,Tips,34.49538803100586,0.8648487789246093,34.44359588623047,0.19750889679715303,4.829218408000088
diffusion,fixed_dose,2,line_hop,0.1,40,Biological,20.785226821899414,0.3306681850626499,20.583099365234375,0.19750889679715303,4.829496063999613
diffusion,fixed_dose,2,line_hop,0.1,41,Fibres,27.829078674316406,0.755845533274779,27.713356018066406,0.19750889679715303,4.828230576000351
diffusion,fixed_dose,2,line_hop,0.1,42,Films_Coated_Surface,25.77692985534668,0.39167817767155133,25.71908950805664,0.19750889679715303,4.830016988000352
diffusion,fixed_dose,2,line_hop,0.1,43,MEMS_devices_and_electrodes,21.311016082763672,0.22514845647057063,21.156509399414062,0.19750889679715303,4.824117815000136
diffusion,fixed_dose,2,line_hop,0.1,44,Nanowires,22.302173614501953,0.3686148054490424,22.164419174194336,0.19750889679715303,4.8297771039997315
diffusion,fixed_dose,2,line_hop,0.1,45,Particles,31.939128875732422,0.9498499684744061,31.661195755004883,0.19750889679715303,4.826675531001456
diffusion,fixed_dose,2,line_hop,0.1,46,Patterned_surface,27.185993194580078,0.5649480881719795,27.10031509399414,0.19750889679715303,4.823018353999942
diffusion,fixed_dose,2,line_hop,0.1,47,Porous_Sponge,21.421316146850586,0.3849934674497219,21.17967414855957,0.19750889679715303,4.832161712998641
diffusion,fixed_dose,2,line_hop,0.1,48,Powder,23.00091552734375,0.4235704973562299,22.822917938232422,0.19750889679715303,4.8297243019987945
diffusion,fixed_dose,2,line_hop,0.1,49,Tips,17.98421859741211,0.1598589176936252,17.869434356689453,0.19750889679715303,4.831598863000181
diffusion,fixed_dose,2,line_hop,0.15,0,Biological,23.406572341918945,0.3079633769260879,23.282697677612305,0.2615658362989324,4.829204972998923
diffusion,fixed_dose,2,line_hop,0.15,1,Fibres,21.916358947753906,0.47301803625485545,21.712116241455078,0.2615658362989324,4.828329535999728
diffusion,fixed_dose,2,line_hop,0.15,2,Films_Coated_Surface,23.401485443115234,0.367726791634633,23.232641220092773,0.2615658362989324,4.829268730998592
diffusion,fixed_dose,2,line_hop,0.15,3,MEMS_devices_and_electrodes,24.354467391967773,0.2737882437462721,24.270301818847656,0.2615658362989324,4.829805192999629
diffusion,fixed_dose,2,line_hop,0.15,4,Nanowires,16.998960494995117,0.4250995614037102,16.460941314697266,0.2615658362989324,4.8238926970007014
diffusion,fixed_dose,2,line_hop,0.15,5,Particles,17.297557830810547,0.24427253161819765,16.918725967407227,0.2615658362989324,4.826534087000255
diffusion,fixed_dose,2,line_hop,0.15,6,Patterned_surface,23.0158634185791,0.44791504916523756,22.703168869018555,0.2615658362989324,4.827136604000771
diffusion,fixed_dose,2,line_hop,0.15,7,Porous_Sponge,22.135337829589844,0.38962587711814634,21.870615005493164,0.2615658362989324,4.8323877660004655
diffusion,fixed_dose,2,line_hop,0.15,8,Powder,17.613101959228516,0.255236693536271,17.383808135986328,0.2615658362989324,4.822550951001176
diffusion,fixed_dose,2,line_hop,0.15,9,Tips,32.38074493408203,0.9087647173803391,32.283023834228516,0.2615658362989324,4.8278577540004335
diffusion,fixed_dose,2,line_hop,0.15,10,Biological,26.437740325927734,0.3835787863634249,26.389171600341797,0.2615658362989324,4.82538453899906
diffusion,fixed_dose,2,line_hop,0.15,11,Fibres,26.179889678955078,0.672310037000952,25.94999122619629,0.2615658362989324,4.8254264459992555
diffusion,fixed_dose,2,line_hop,0.15,12,Films_Coated_Surface,25.315048217773438,0.3721062786652086,25.256044387817383,0.2615658362989324,4.829961363000621
diffusion,fixed_dose,2,line_hop,0.15,13,MEMS_devices_and_electrodes,25.13524627685547,0.3158288833586536,25.060340881347656,0.2615658362989324,4.829092465999565
diffusion,fixed_dose,2,line_hop,0.15,14,Nanowires,13.422674179077148,0.3093134179340129,12.911972045898438,0.2615658362989324,4.827288517999477
diffusion,fixed_dose,2,line_hop,0.15,15,Particles,37.23600769042969,0.9249343351203039,37.19363784790039,0.2615658362989324,4.826309586000207
diffusion,fixed_dose,2,line_hop,0.15,16,Patterned_surface,19.986106872558594,0.3702530450020943,19.755481719970703,0.2615658362989324,4.82642345000022
diffusion,fixed_dose,2,line_hop,0.15,17,Porous_Sponge,14.474507331848145,0.3444277016322878,13.95467758178711,0.2615658362989324,4.824480713999947
diffusion,fixed_dose,2,line_hop,0.15,18,Powder,19.137765884399414,0.3810284797387741,18.830734252929688,0.2615658362989324,4.829488102999676
diffusion,fixed_dose,2,line_hop,0.15,19,Tips,25.045787811279297,0.7626392497260585,24.867340087890625,0.2615658362989324,4.8270339320006315
diffusion,fixed_dose,2,line_hop,0.15,20,Biological,23.124284744262695,0.5530057656942043,22.826740264892578,0.2615658362989324,4.83011630999863
diffusion,fixed_dose,2,line_hop,0.15,21,Fibres,21.571041107177734,0.5174516060009771,21.23760986328125,0.2615658362989324,4.822169391998614
diffusion,fixed_dose,2,line_hop,0.15,22,Films_Coated_Surface,13.082552909851074,0.2940425956867796,12.556675910949707,0.2615658362989324,4.8250408100011555
diffusion,fixed_dose,2,line_hop,0.15,23,MEMS_devices_and_electrodes,25.57757568359375,0.36997640413485455,25.53396987915039,0.2615658362989324,4.827631772999666
diffusion,fixed_dose,2,line_hop,0.15,24,Nanowires,13.34959888458252,0.16013281521160735,12.923946380615234,0.2615658362989324,4.8232266519989935
diffusion,fixed_dose,2,line_hop,0.15,25,Particles,31.825159072875977,0.643588549312691,31.755773544311523,0.2615658362989324,4.82856314700075
diffusion,fixed_dose,2,line_hop,0.15,26,Patterned_surface,18.263416290283203,0.2691957569030163,17.917749404907227,0.2615658362989324,4.8327037840008416
diffusion,fixed_dose,2,line_hop,0.15,27,Porous_Sponge,22.663822174072266,0.3232978813029393,22.465938568115234,0.2615658362989324,4.825111071999345
diffusion,fixed_dose,2,line_hop,0.15,28,Powder,21.50139808654785,0.47972102348975154,21.181415557861328,0.2615658362989324,4.8250805610005045
diffusion,fixed_dose,2,line_hop,0.15,29,Tips,37.777252197265625,0.9660413407623853,37.5602912902832,0.2615658362989324,4.824197428999469
diffusion,fixed_dose,2,line_hop,0.15,30,Biological,26.144723892211914,0.3479016853232428,26.10699462890625,0.2615658362989324,4.825186181999015
diffusion,fixed_dose,2,line_hop,0.15,31,Fibres,32.99765396118164,0.749816990001264,32.96916961669922,0.2615658362989324,4.831484627000464
diffusion,fixed_dose,2,line_hop,0.15,32,Films_Coated_Surface,22.897048950195312,0.3100723120340591,22.725488662719727,0.2615658362989324,4.832744487001037
diffusion,fixed_dose,2,line_hop,0.15,33,MEMS_devices_and_electrodes,23.797679901123047,0.6153786002908475,23.4531307220459,0.2615658362989324,4.8284362249996775
diffusion,fixed_dose,2,line_hop,0.15,34,Nanowires,25.435087203979492,0.6351996408101838,25.13524055480957,0.2615658362989324,4.824925541999619
diffusion,fixed_dose,2,line_hop,0.15,35,Particles,30.067245483398438,0.8222221631453334,29.88011360168457,0.2615658362989324,4.825497538000491
diffusion,fixed_dose,2,line_hop,0.15,36,Patterned_surface,29.25239372253418,0.8658831150716645,28.815839767456055,0.2615658362989324,4.8289886960010335
diffusion,fixed_dose,2,line_hop,0.15,37,Porous_Sponge,15.649198532104492,0.36540456266581933,15.333765029907227,0.2615658362989324,4.825976105999871
diffusion,fixed_dose,2,line_hop,0.15,38,Powder,20.4693603515625,0.2816342419812777,20.234130859375,0.2615658362989324,4.831491680000909
diffusion,fixed_dose,2,line_hop,0.15,39,Tips,34.56800842285156,0.865143909292344,34.466636657714844,0.2615658362989324,4.825432700999954
diffusion,fixed_dose,2,line_hop,0.15,40,Biological,21.02362632751465,0.3450742280559662,20.770591735839844,0.2615658362989324,4.8304115169994475
diffusion,fixed_dose,2,line_hop,0.15,41,Fibres,27.848968505859375,0.7616129871728075,27.670055389404297,0.2615658362989324,4.829015004001121
diffusion,fixed_dose,2,line_hop,0.15,42,Films_Coated_Surface,25.767704010009766,0.38922149418025975,25.705720901489258,0.2615658362989324,4.825769441999
diffusion,fixed_dose,2,line_hop,0.15,43,MEMS_devices_and_electrodes,21.870227813720703,0.2355269318411082,21.701126098632812,0.2615658362989324,4.824905815999955
diffusion,fixed_dose,2,line_hop,0.15,44,Nanowires,22.363697052001953,0.3748773162997302,22.188901901245117,0.2615658362989324,4.827331033000519
diffusion,fixed_dose,2,line_hop,0.15,45,Particles,34.01837158203125,0.9523758495734682,33.804927825927734,0.2615658362989324,4.825303818000975
diffusion,fixed_dose,2,line_hop,0.15,46,Patterned_surface,27.28150177001953,0.5693840789182579,27.227676391601562,0.2615658362989324,4.834470664000037
diffusion,fixed_dose,2,line_hop,0.15,47,Porous_Sponge,22.265308380126953,0.40517409849641445,21.991165161132812,0.2615658362989324,4.82746732600026
diffusion,fixed_dose,2,line_hop,0.15,48,Powder,23.25921630859375,0.4274318903796549,23.077098846435547,0.2615658362989324,4.826993758999379
diffusion,fixed_dose,2,line_hop,0.15,49,Tips,18.2401065826416,0.17290219179934718,18.1063232421875,0.2615658362989324,4.832500898000944
diffusion,fixed_dose,2,line_hop,0.2,0,Biological,23.433055877685547,0.3018546143304668,23.308582305908203,0.31494661921708184,4.827895899001305
diffusion,fixed_dose,2,line_hop,0.2,1,Fibres,22.251663208007812,0.5061785965875162,22.029178619384766,0.31494661921708184,4.827532924000479
diffusion,fixed_dose,2,line_hop,0.2,2,Films_Coated_Surface,23.528228759765625,0.3743026084445046,23.3243465423584,0.31494661921708184,4.835074768998311
diffusion,fixed_dose,2,line_hop,0.2,3,MEMS_devices_and_electrodes,24.535778045654297,0.2789695493095649,24.464950561523438,0.31494661921708184,4.823796053000478
diffusion,fixed_dose,2,line_hop,0.2,4,Nanowires,17.612133026123047,0.4866713858533755,16.94736671447754,0.31494661921708184,4.832468697999502
diffusion,fixed_dose,2,line_hop,0.2,5,Particles,17.414230346679688,0.2643387186031813,16.950450897216797,0.31494661921708184,4.834193304001019
diffusion,fixed_dose,2,line_hop,0.2,6,Patterned_surface,23.679655075073242,0.4672283002739979,23.369258880615234,0.31494661921708184,4.847285249001288
diffusion,fixed_dose,2,line_hop,0.2,7,Porous_Sponge,22.259307861328125,0.398260945543514,21.948402404785156,0.31494661921708184,4.82938346300034
diffusion,fixed_dose,2,line_hop,0.2,8,Powder,17.8752498626709,0.27139756566030643,17.620378494262695,0.31494661921708184,4.821895487999427
diffusion,fixed_dose,2,line_hop,0.2,9,Tips,31.873491287231445,0.9069822874054195,31.735950469970703,0.31494661921708184,4.832909943999766
diffusion,fixed_dose,2,line_hop,0.2,10,Biological,26.69198989868164,0.3880506020860782,26.652204513549805,0.31494661921708184,4.835459850999541
diffusion,fixed_dose,2,line_hop,0.2,11,Fibres,26.418352127075195,0.6748129895952325,26.170169830322266,0.31494661921708184,4.826918804001252
diffusion,fixed_dose,2,line_hop,0.2,12,Films_Coated_Surface,25.342071533203125,0.37990670148459477,25.255537033081055,0.31494661921708184,4.828453977999743
diffusion,fixed_dose,2,line_hop,0.2,13,MEMS_devices_and_electrodes,25.24836540222168,0.31712142039009394,25.15989112854004,0.31494661921708184,4.826705901999958
diffusion,fixed_dose,2,line_hop,0.2,14,Nanowires,13.756112098693848,0.36030633235601217,13.116888046264648,0.31494661921708184,4.825230794000163
diffusion,fixed_dose,2,line_hop,0.2,15,Particles,37.11810302734375,0.9243773773924129,37.06806945800781,0.31494661921708184,4.831320127999788
diffusion,fixed_dose,2,line_hop,0.2,16,Patterned_surface,20.089305877685547,0.39271945065994296,19.857276916503906,0.31494661921708184,4.826599474999966
diffusion,fixed_dose,2,line_hop,0.2,17,Porous_Sponge,15.136614799499512,0.3868856827683345,14.501745223999023,0.31494661921708184,4.830174037999313
diffusion,fixed_dose,2,line_hop,0.2,18,Powder,19.486648559570312,0.3957504571305164,19.11773109436035,0.31494661921708184,4.825634775999788
diffusion,fixed_dose,2,line_hop,0.2,19,Tips,25.279558181762695,0.7678767040476936,25.06800079345703,0.31494661921708184,4.824074699999983
diffusion,fixed_dose,2,line_hop,0.2,20,Biological,23.362625122070312,0.5582979141301779,23.0096435546875,0.31494661921708184,4.827348110000457
diffusion,fixed_dose,2,line_hop,0.2,21,Fibres,21.90066909790039,0.5264857295473221,21.545101165771484,0.31494661921708184,4.81746778500019
diffusion,fixed_dose,2,line_hop,0.2,22,Films_Coated_Surface,13.419102668762207,0.33833499438767684,12.761331558227539,0.31494661921708184,4.828790700999889
diffusion,fixed_dose,2,line_hop,0.2,23,MEMS_devices_and_electrodes,25.682350158691406,0.37267453302336917,25.672990798950195,0.31494661921708184,4.837165973000083
diffusion,fixed_dose,2,line_hop,0.2,24,Nanowires,13.44143009185791,0.18714589655523825,12.90244197845459,0.31494661921708184,4.830292398999518
diffusion,fixed_dose,2,line_hop,0.2,25,Particles,32.178470611572266,0.644562510603568,32.16859817504883,0.31494661921708184,4.832272964000367
diffusion,fixed_dose,2,line_hop,0.2,26,Patterned_surface,18.369749069213867,0.2780120290605435,17.9606876373291,0.31494661921708184,4.830066553000506
diffusion,fixed_dose,2,line_hop,0.2,27,Porous_Sponge,23.304840087890625,0.32985292446018316,23.129005432128906,0.31494661921708184,4.827251836000869
diffusion,fixed_dose,2,line_hop,0.2,28,Powder,21.445491790771484,0.48322861970027464,21.04415512084961,0.31494661921708184,4.830597780999597
diffusion,fixed_dose,2,line_hop,0.2,29,Tips,38.45037841796875,0.965727868229202,38.231361389160156,0.31494661921708184,4.8286910639999405
diffusion,fixed_dose,2,line_hop,0.2,30,Biological,26.268033981323242,0.3506649236962416,26.252689361572266,0.31494661921708184,4.834032773000217
diffusion,fixed_dose,2,line_hop,0.2,31,Fibres,33.07862091064453,0.7498712477025771,33.04235076904297,0.31494661921708184,4.831398447999163
diffusion,fixed_dose,2,line_hop,0.2,32,Films_Coated_Surface,23.025102615356445,0.3165111220527771,22.849361419677734,0.31494661921708184,4.825857613001062
diffusion,fixed_dose,2,line_hop,0.2,33,MEMS_devices_and_electrodes,24.191173553466797,0.615394251823768,23.764467239379883,0.31494661921708184,4.8285066680000455
diffusion,fixed_dose,2,line_hop,0.2,34,Nanowires,25.786531448364258,0.6443172058769389,25.45269775390625,0.31494661921708184,4.825514644999203
diffusion,fixed_dose,2,line_hop,0.2,35,Particles,30.36516571044922,0.8221108587690081,30.1951961517334,0.31494661921708184,4.8260736070005805
diffusion,fixed_dose,2,line_hop,0.2,36,Patterned_surface,29.825544357299805,0.8659334458889538,29.314062118530273,0.31494661921708184,4.834690120998857
diffusion,fixed_dose,2,line_hop,0.2,37,Porous_Sponge,15.858689308166504,0.38071387760816694,15.505069732666016,0.31494661921708184,4.83249877399976
diffusion,fixed_dose,2,line_hop,0.2,38,Powder,20.681461334228516,0.2841895639687527,20.422361373901367,0.31494661921708184,4.829374692999409
diffusion,fixed_dose,2,line_hop,0.2,39,Tips,34.73941421508789,0.8654425667698685,34.67273712158203,0.31494661921708184,4.8274222090003605
diffusion,fixed_dose,2,line_hop,0.2,40,Biological,21.331308364868164,0.3628254562104764,21.070573806762695,0.31494661921708184,4.825899588999164
diffusion,fixed_dose,2,line_hop,0.2,41,Fibres,28.261241912841797,0.7647051172794017,28.01822280883789,0.31494661921708184,4.8323539680004615
diffusion,fixed_dose,2,line_hop,0.2,42,Films_Coated_Surface,25.815927505493164,0.3930505794090103,25.728452682495117,0.31494661921708184,4.831434235000415
diffusion,fixed_dose,2,line_hop,0.2,43,MEMS_devices_and_electrodes,21.936050415039062,0.2403849386420985,21.73052978515625,0.31494661921708184,4.825792948999151
diffusion,fixed_dose,2,line_hop,0.2,44,Nanowires,22.7176456451416,0.37987954093694726,22.53911018371582,0.31494661921708184,4.829336101000081
diffusion,fixed_dose,2,line_hop,0.2,45,Particles,34.019432067871094,0.9523581994390665,33.836753845214844,0.31494661921708184,4.8237402030008525
diffusion,fixed_dose,2,line_hop,0.2,46,Patterned_surface,27.315685272216797,0.5621597825180651,27.259206771850586,0.31494661921708184,4.831057247998615
diffusion,fixed_dose,2,line_hop,0.2,47,Porous_Sponge,22.497100830078125,0.4176784236206132,22.170665740966797,0.31494661921708184,4.829114218999166
diffusion,fixed_dose,2,line_hop,0.2,48,Powder,23.51025390625,0.4372617280442055,23.30986976623535,0.31494661921708184,4.824540171999615
diffusion,fixed_dose,2,line_hop,0.2,49,Tips,18.330764770507812,0.17880297823361996,18.18052101135254,0.31494661921708184,4.835696410998935
diffusion,fixed_dose,2,line_hop,0.3,0,Biological,23.52562141418457,0.3101963356729049,23.39313316345215,0.44306049822064064,4.831332591000319
diffusion,fixed_dose,2,line_hop,0.3,1,Fibres,22.64459800720215,0.5252453680085316,22.409908294677734,0.44306049822064064,4.828457944000547
diffusion,fixed_dose,2,line_hop,0.3,2,Films_Coated_Surface,23.736345291137695,0.38638081575377253,23.52981948852539,0.44306049822064064,4.833203877000415
diffusion,fixed_dose,2,line_hop,0.3,3,MEMS_devices_and_electrodes,24.621030807495117,0.2807366963873262,24.533550262451172,0.44306049822064064,4.8303046979999635
diffusion,fixed_dose,2,line_hop,0.3,4,Nanowires,18.481658935546875,0.5704591933782145,17.60360336303711,0.44306049822064064,4.827753819999998
diffusion,fixed_dose,2,line_hop,0.3,5,Particles,17.642507553100586,0.2820850957414406,17.053884506225586,0.44306049822064064,4.824528749999445
diffusion,fixed_dose,2,line_hop,0.3,6,Patterned_surface,23.94930076599121,0.4755026004299666,23.595945358276367,0.44306049822064064,4.827583795000464
diffusion,fixed_dose,2,line_hop,0.3,7,Porous_Sponge,22.74692726135254,0.414252249274364,22.466556549072266,0.44306049822064064,4.830789996000021
diffusion,fixed_dose,2,line_hop,0.3,8,Powder,18.301860809326172,0.2910052309504746,18.048198699951172,0.44306049822064064,4.822511604999818
diffusion,fixed_dose,2,line_hop,0.3,9,Tips,32.6162223815918,0.9088519535861863,32.55945587158203,0.44306049822064064,4.82813551000072
diffusion,fixed_dose,2,line_hop,0.3,10,Biological,26.721017837524414,0.3899278145180365,26.6830997467041,0.44306049822064064,4.829714388000866
diffusion,fixed_dose,2,line_hop,0.3,11,Fibres,26.83877182006836,0.682980751276457,26.5562744140625,0.44306049822064064,4.8241566169999714
diffusion,fixed_dose,2,line_hop,0.3,12,Films_Coated_Surface,25.49358558654785,0.3815583226528667,25.415363311767578,0.44306049822064064,4.830898712998533
diffusion,fixed_dose,2,line_hop,0.3,13,MEMS_devices_and_electrodes,25.472490310668945,0.3221932364764738,25.421445846557617,0.44306049822064064,4.829794806000791
diffusion,fixed_dose,2,line_hop,0.3,14,Nanowires,14.392452239990234,0.46143456049764536,13.534564018249512,0.44306049822064064,4.8239665550008795
diffusion,fixed_dose,2,line_hop,0.3,15,Particles,37.046688079833984,0.9245789014826734,36.976806640625,0.44306049822064064,4.833971183999893
diffusion,fixed_dose,2,line_hop,0.3,16,Patterned_surface,20.16777801513672,0.38912124424518585,19.909503936767578,0.44306049822064064,4.823800092999591
diffusion,fixed_dose,2,line_hop,0.3,17,Porous_Sponge,16.187849044799805,0.4465752553462917,15.403412818908691,0.44306049822064064,4.833243031998791
diffusion,fixed_dose,2,line_hop,0.3,18,Powder,19.867456436157227,0.42190959733854805,19.457279205322266,0.44306049822064064,4.823428535000858
diffusion,fixed_dose,2,line_hop,0.3,19,Tips,25.420238494873047,0.7697587045854211,25.230735778808594,0.44306049822064064,4.8244706010009395
diffusion,fixed_dose,2,line_hop,0.3,20,Biological,23.893583297729492,0.5652230596426288,23.466493606567383,0.44306049822064064,4.82951931900061
diffusion,fixed_dose,2,line_hop,0.3,21,Fibres,22.630470275878906,0.5886558249769995,22.242923736572266,0.44306049822064064,4.822656632999497
diffusion,fixed_dose,2,line_hop,0.3,22,Films_Coated_Surface,13.98567008972168,0.4060770906301082,13.09726333618164,0.44306049822064064,4.821407256000384
diffusion,fixed_dose,2,line_hop,0.3,23,MEMS_devices_and_electrodes,25.733739852905273,0.3717423988763971,25.709999084472656,0.44306049822064064,4.829131563999908
diffusion,fixed_dose,2,line_hop,0.3,24,Nanowires,13.698835372924805,0.23137908081678946,12.996359825134277,0.44306049822064064,4.82961920300113
diffusion,fixed_dose,2,line_hop,0.3,25,Particles,32.13813781738281,0.644441047090742,32.05693054199219,0.44306049822064064,4.824560921000739
diffusion,fixed_dose,2,line_hop,0.3,26,Patterned_surface,18.618770599365234,0.2911718216212193,18.1326847076416,0.44306049822064064,4.830061245000252
diffusion,fixed_dose,2,line_hop,0.3,27,Porous_Sponge,23.557601928710938,0.333082121543697,23.42510414123535,0.44306049822064064,4.823835772000166
diffusion,fixed_dose,2,line_hop,0.3,28,Powder,22.11613655090332,0.5190707417733798,21.698476791381836,0.44306049822064064,4.8299716120000085
diffusion,fixed_dose,2,line_hop,0.3,29,Tips,39.087867736816406,0.9705086334839446,39.004661560058594,0.44306049822064064,4.823719576001167
diffusion,fixed_dose,2,line_hop,0.3,30,Biological,26.353179931640625,0.35240316289337537,26.313379287719727,0.44306049822064064,4.821942239999771
diffusion,fixed_dose,2,line_hop,0.3,31,Fibres,33.05193328857422,0.7508916753015716,32.99055480957031,0.44306049822064064,4.833176887999798
diffusion,fixed_dose,2,line_hop,0.3,32,Films_Coated_Surface,22.991775512695312,0.32545568009832454,22.792797088623047,0.44306049822064064,4.822397830001137
diffusion,fixed_dose,2,line_hop,0.3,33,MEMS_devices_and_electrodes,24.90283203125,0.623774081974836,24.508708953857422,0.44306049822064064,4.829585281000618
diffusion,fixed_dose,2,line_hop,0.3,34,Nanowires,26.15509033203125,0.6604421187192998,25.771732330322266,0.44306049822064064,4.825412547999804
diffusion,fixed_dose,2,line_hop,0.3,35,Particles,30.67693328857422,0.8246064892639402,30.589645385742188,0.44306049822064064,4.825186772000961
diffusion,fixed_dose,2,line_hop,0.3,36,Patterned_surface,30.592472076416016,0.8746083096478086,29.93133544921875,0.44306049822064064,4.830569763998938
diffusion,fixed_dose,2,line_hop,0.3,37,Porous_Sponge,16.342144012451172,0.41820698846615545,15.934789657592773,0.44306049822064064,4.824005903001307
diffusion,fixed_dose,2,line_hop,0.3,38,Powder,21.003664016723633,0.3027169709989671,20.723421096801758,0.44306049822064064,4.823587452001448
diffusion,fixed_dose,2,line_hop,0.3,39,Tips,35.003456115722656,0.8660366786141747,34.855690002441406,0.44306049822064064,4.828687754999919
diffusion,fixed_dose,2,line_hop,0.3,40,Biological,21.53606414794922,0.37225231924532715,21.252946853637695,0.44306049822064064,4.823584667999967
diffusion,fixed_dose,2,line_hop,0.3,41,Fibres,28.529521942138672,0.7661819792904315,28.354341506958008,0.44306049822064064,4.83438636900064
diffusion,fixed_dose,2,line_hop,0.3,42,Films_Coated_Surface,25.790424346923828,0.3932929570636228,25.71097183227539,0.44306049822064064,4.82961641500151
diffusion,fixed_dose,2,line_hop,0.3,43,MEMS_devices_and_electrodes,22.23868179321289,0.2498189299166854,22.047000885009766,0.44306049822064064,4.823339634000149
diffusion,fixed_dose,2,line_hop,0.3,44,Nanowires,22.97478485107422,0.3834087090241226,22.804256439208984,0.44306049822064064,4.828835415999492
diffusion,fixed_dose,2,line_hop,0.3,45,Particles,34.90457534790039,0.9536420492108498,34.670989990234375,0.44306049822064064,4.824934432999726
diffusion,fixed_dose,2,line_hop,0.3,46,Patterned_surface,27.423892974853516,0.5659949722919673,27.384124755859375,0.44306049822064064,4.850086250000459
diffusion,fixed_dose,2,line_hop,0.3,47,Porous_Sponge,22.862380981445312,0.4290550545597392,22.5345401763916,0.44306049822064064,4.829783008999584
diffusion,fixed_dose,2,line_hop,0.3,48,Powder,23.792865753173828,0.44673811672195235,23.59911346435547,0.44306049822064064,4.825185907000559
diffusion,fixed_dose,2,line_hop,0.3,49,Tips,18.5216121673584,0.19246873886107765,18.346446990966797,0.44306049822064064,4.83268507899993
