method,regime,dose,pattern,frac,image,category,psnr,ssim,psnr_unobserved,scan_time_rel,runtime_s
unet,fixed_dwell,20,uniform,0.05,0,Biological,23.37293815612793,0.3047607497385203,23.335744857788086,0.34190808496441283,0.5562907630001064
unet,fixed_dwell,20,uniform,0.05,1,Fibres,21.530282974243164,0.456969748870343,21.475210189819336,0.3418733318505338,0.027905534000638
unet,fixed_dwell,20,uniform,0.05,2,Films_Coated_Surface,23.3487606048584,0.37529591188474337,23.315425872802734,0.3417690725088968,0.02984037499936676
unet,fixed_dwell,20,uniform,0.05,3,MEMS_devices_and_electrodes,24.297883987426758,0.28306528874067366,24.237411499023438,0.3424988879003559,0.016921806000027573
unet,fixed_dwell,20,uniform,0.05,4,Nanowires,17.06658172607422,0.4256890755988064,16.906055450439453,0.3418385787366548,0.026696206999986316
unet,fixed_dwell,20,uniform,0.05,5,Particles,17.138811111450195,0.24675675254626023,17.02771759033203,0.3428637955960854,0.028962790000150562
unet,fixed_dwell,20,uniform,0.05,6,Patterned_surface,23.546302795410156,0.46125386934044177,23.497055053710938,0.3418038256227758,0.02791869399970892
unet,fixed_dwell,20,uniform,0.05,7,Porous_Sponge,22.33770179748535,0.4008481855407739,22.278682708740234,0.3416995662811388,0.023173332000624214
unet,fixed_dwell,20,uniform,0.05,8,Powder,17.7830810546875,0.2752197020047124,17.68304443359375,0.3426205237989324,0.021451405999869166
unet,fixed_dwell,20,uniform,0.05,9,Tips,31.542308807373047,0.9051114416790875,31.478069305419922,0.3418212021797153,0.027811257999928785
unet,fixed_dwell,20,uniform,0.05,10,Biological,26.622947692871094,0.39423063798601354,26.592933654785156,0.3429159252669039,0.029428712000481028
unet,fixed_dwell,20,uniform,0.05,11,Fibres,25.777252197265625,0.6620852886835049,25.728981018066406,0.34216873331850534,0.028633070000068983
unet,fixed_dwell,20,uniform,0.05,12,Films_Coated_Surface,25.457443237304688,0.39142745809872587,25.42479705810547,0.34190808496441283,0.029123925999556377
unet,fixed_dwell,20,uniform,0.05,13,MEMS_devices_and_electrodes,25.247425079345703,0.32260276963784446,25.19380760192871,0.3421166036476868,0.021404634999271366
unet,fixed_dwell,20,uniform,0.05,14,Nanowires,13.367356300354004,0.2890693591450716,13.215267181396484,0.34202972086298933,0.023443441999916104
unet,fixed_dwell,20,uniform,0.05,15,Particles,36.432708740234375,0.9207189010483878,36.45872497558594,0.34216873331850534,0.029605416999402223
unet,fixed_dwell,20,uniform,0.05,16,Patterned_surface,19.975914001464844,0.44953640653697796,19.925151824951172,0.3416821897241993,0.02941025099971739
unet,fixed_dwell,20,uniform,0.05,17,Porous_Sponge,14.765101432800293,0.3618733446197506,14.608054161071777,0.34220348643238435,0.028782538000086788
unet,fixed_dwell,20,uniform,0.05,18,Powder,19.397184371948242,0.37967745467351194,19.329275131225586,0.34216873331850534,0.01779523599998356
unet,fixed_dwell,20,uniform,0.05,19,Tips,24.977981567382812,0.7557994481817513,24.934162139892578,0.34140416481316727,0.027763631999732752
unet,fixed_dwell,20,uniform,0.05,20,Biological,23.381345748901367,0.5571180105322637,23.328868865966797,0.3417343193950178,0.0294844270001704
unet,fixed_dwell,20,uniform,0.05,21,Fibres,21.480751037597656,0.5048228776240481,21.456300735473633,0.34208185053380785,0.02877820600042469
unet,fixed_dwell,20,uniform,0.05,22,Films_Coated_Surface,13.075226783752441,0.29705268028852694,12.93555736541748,0.3418212021797153,0.02948770999955741
unet,fixed_dwell,20,uniform,0.05,23,MEMS_devices_and_electrodes,25.428070068359375,0.3691373958308289,25.398784637451172,0.34178644906583633,0.023614002999238437
unet,fixed_dwell,20,uniform,0.05,24,Nanowires,13.617046356201172,0.14273744782063655,13.492852210998535,0.3423772520017793,0.019894584999747167
unet,fixed_dwell,20,uniform,0.05,25,Particles,31.719745635986328,0.6443731533737393,31.695606231689453,0.34216873331850534,0.02918539900019823
unet,fixed_dwell,20,uniform,0.05,26,Patterned_surface,18.432832717895508,0.2816380857138855,18.327123641967773,0.3429506783807829,0.02914445100032026
unet,fixed_dwell,20,uniform,0.05,27,Porous_Sponge,23.26752471923828,0.3296235311697232,23.235960006713867,0.3419775911921708,0.02888163399984478
unet,fixed_dwell,20,uniform,0.05,28,Powder,21.71367645263672,0.49314841330088277,21.65884017944336,0.34222086298932386,0.02039109399993322
unet,fixed_dwell,20,uniform,0.05,29,Tips,37.46610641479492,0.9675591624889693,37.49603271484375,0.3418212021797153,0.02517006699963531
unet,fixed_dwell,20,uniform,0.05,30,Biological,26.092304229736328,0.35509991085949144,26.070331573486328,0.3424120051156584,0.029695532000005187
unet,fixed_dwell,20,uniform,0.05,31,Fibres,32.609214782714844,0.74436621559687,32.65740203857422,0.34258577068505336,0.02865513300002931
unet,fixed_dwell,20,uniform,0.05,32,Films_Coated_Surface,23.067529678344727,0.32284404817844237,23.039947509765625,0.3422556161032028,0.02979506500014395
unet,fixed_dwell,20,uniform,0.05,33,MEMS_devices_and_electrodes,24.04106330871582,0.6142534038106426,23.932601928710938,0.3418733318505338,0.024173595999855024
unet,fixed_dwell,20,uniform,0.05,34,Nanowires,25.384288787841797,0.6222210931057628,25.3294734954834,0.34275953625444844,0.022086998000304447
unet,fixed_dwell,20,uniform,0.05,35,Particles,29.906963348388672,0.8186170199338204,29.87915802001953,0.34138678825622776,0.029826781999872765
unet,fixed_dwell,20,uniform,0.05,36,Patterned_surface,29.812179565429688,0.8620816562270521,29.745746612548828,0.34215135676156583,0.02866217599967058
unet,fixed_dwell,20,uniform,0.05,37,Porous_Sponge,15.70730972290039,0.3565567197149286,15.607707977294922,0.3418038256227758,0.02925595400029124
unet,fixed_dwell,20,uniform,0.05,38,Powder,20.615028381347656,0.28486360292535856,20.537321090698242,0.34152580071174377,0.026127848999749403
unet,fixed_dwell,20,uniform,0.05,39,Tips,34.2979621887207,0.8612257717677351,34.304935455322266,0.34234249888790036,0.019856159000482876
unet,fixed_dwell,20,uniform,0.05,40,Biological,21.367347717285156,0.3687703695883368,21.323793411254883,0.3429680549377224,0.02924829099993076
unet,fixed_dwell,20,uniform,0.05,41,Fibres,26.906511306762695,0.7320103308301958,26.88451385498047,0.3417169428380783,0.027846261000377126
unet,fixed_dwell,20,uniform,0.05,42,Films_Coated_Surface,25.8572998046875,0.4010303385088763,25.84211540222168,0.3423946285587189,0.028850394999608397
unet,fixed_dwell,20,uniform,0.05,43,MEMS_devices_and_electrodes,21.98042106628418,0.24949265578806243,21.91669464111328,0.34248151134341637,0.028415011999641138
unet,fixed_dwell,20,uniform,0.05,44,Nanowires,22.568357467651367,0.3749006112053676,22.519508361816406,0.34126515235765126,0.021473645000696706
unet,fixed_dwell,20,uniform,0.05,45,Particles,33.6997184753418,0.9470069577085679,33.70098876953125,0.34275953625444844,0.023466820000066946
unet,fixed_dwell,20,uniform,0.05,46,Patterned_surface,27.181541442871094,0.5655893535138496,27.152973175048828,0.3426900300266904,0.02867340300053911
unet,fixed_dwell,20,uniform,0.05,47,Porous_Sponge,22.5246524810791,0.4157529179184827,22.45897674560547,0.3428116659252669,0.027572943999985
unet,fixed_dwell,20,uniform,0.05,48,Powder,23.343698501586914,0.4400772989711595,23.30976676940918,0.3419775911921708,0.02939185400009592
unet,fixed_dwell,20,uniform,0.05,49,Tips,18.175785064697266,0.18239471456060968,18.097604751586914,0.3426726534697509,0.026299844999812194
unet,fixed_dwell,20,uniform,0.05,50,Biological,24.11665916442871,0.2725016958157318,24.085798263549805,0.3418212021797153,0.019307448000290606
unet,fixed_dwell,20,uniform,0.05,51,Fibres,29.582054138183594,0.6869967653752621,29.58588409423828,0.34136941169928825,0.02863226699992083
unet,fixed_dwell,20,uniform,0.05,52,Films_Coated_Surface,15.839813232421875,0.42728871496043924,15.723011016845703,0.34242938167259784,0.02928947300006257
unet,fixed_dwell,20,uniform,0.05,53,MEMS_devices_and_electrodes,33.29388427734375,0.8953254395109734,33.254676818847656,0.34246413478647686,0.028996189000281447
unet,fixed_dwell,20,uniform,0.05,54,Nanowires,28.624513626098633,0.7227423062171431,28.599510192871094,0.34244675822953735,0.028676396000264504
unet,fixed_dwell,20,uniform,0.05,55,Particles,26.576908111572266,0.39807632081311445,26.549938201904297,0.34218610987544484,0.02141433999986475
unet,fixed_dwell,20,uniform,0.05,56,Patterned_surface,21.633960723876953,0.48228785559711784,21.569965362548828,0.3421166036476868,0.023722324000118533
unet,fixed_dwell,20,uniform,0.05,57,Porous_Sponge,20.57146453857422,0.3956212764568648,20.481454849243164,0.34232512233096085,0.028632371000639978
unet,fixed_dwell,20,uniform,0.05,58,Powder,19.027761459350586,0.0996138216970191,18.983741760253906,0.3418385787366548,0.028053918999830785
unet,fixed_dwell,20,uniform,0.05,59,Tips,32.620826721191406,0.8344179229729809,32.61918258666992,0.3419602146352313,0.02847740099969087
unet,fixed_dwell,20,uniform,0.05,60,Biological,27.5527400970459,0.48483383680412995,27.525493621826172,0.34230774577402134,0.025966549000258965
unet,fixed_dwell,20,uniform,0.05,61,Fibres,31.814952850341797,0.7929196223692075,31.80068016052246,0.3418385787366548,0.01946800899986556
unet,fixed_dwell,20,uniform,0.05,62,Films_Coated_Surface,16.772621154785156,0.3361270048961484,16.692106246948242,0.34190808496441283,0.02826657100013108
unet,fixed_dwell,20,uniform,0.05,63,MEMS_devices_and_electrodes,20.82708168029785,0.5027896338488159,20.732717514038086,0.34218610987544484,0.028813224000259652
unet,fixed_dwell,20,uniform,0.05,64,Nanowires,37.83574676513672,0.9272435394613395,37.85014724731445,0.34202972086298933,0.028380542000377318
unet,fixed_dwell,20,uniform,0.05,65,Particles,34.80791091918945,0.8917619732474187,34.82750701904297,0.3419602146352313,0.02834351300043636
unet,fixed_dwell,20,uniform,0.05,66,Patterned_surface,17.215044021606445,0.5302388691379717,17.07076644897461,0.3411956461298932,0.021611961999951745
unet,fixed_dwell,20,uniform,0.05,67,Porous_Sponge,17.245891571044922,0.42919188010822756,17.113237380981445,0.3418038256227758,0.022797243000240996
unet,fixed_dwell,20,uniform,0.05,68,Powder,21.14570426940918,0.462322178625219,21.0808162689209,0.3419949677491103,0.027846382999996422
unet,fixed_dwell,20,uniform,0.05,69,Tips,33.93128204345703,0.8709971254079865,33.920928955078125,0.34302018460854095,0.029070978999698127
unet,fixed_dwell,20,uniform,0.05,70,Biological,23.5530948638916,0.29305887323132723,23.523080825805664,0.3420123443060498,0.02847243399992294
unet,fixed_dwell,20,uniform,0.05,71,Fibres,28.416305541992188,0.6859538348645721,28.40804100036621,0.3418212021797153,0.025135323000540666
unet,fixed_dwell,20,uniform,0.05,72,Films_Coated_Surface,19.736738204956055,0.618663215092176,19.614347457885742,0.3418559552935943,0.019993697999780125
unet,fixed_dwell,20,uniform,0.05,73,MEMS_devices_and_electrodes,23.054473876953125,0.6393651004177655,22.99262237548828,0.3428637955960854,0.027895530999558105
unet,fixed_dwell,20,uniform,0.05,74,Nanowires,34.78201675415039,0.8368706339159121,34.767601013183594,0.34136941169928825,0.029494958000213956
unet,fixed_dwell,20,uniform,0.05,75,Particles,31.890216827392578,0.8750331346911085,31.890003204345703,0.3429159252669039,0.028852357000687334
unet,fixed_dwell,20,uniform,0.05,76,Patterned_surface,21.112377166748047,0.6502117326837124,21.016815185546875,0.34190808496441283,0.028938585000105377
unet,fixed_dwell,20,uniform,0.05,77,Porous_Sponge,20.61187744140625,0.43449810827803786,20.522369384765625,0.3417690725088968,0.021700428999793075
unet,fixed_dwell,20,uniform,0.05,78,Powder,21.63409423828125,0.4902487100512395,21.579179763793945,0.34202972086298933,0.02155942799981858
unet,fixed_dwell,20,uniform,0.05,79,Tips,26.863412857055664,0.4421097186935943,26.855257034301758,0.3426900300266904,0.028400053000041225
unet,fixed_dwell,20,uniform,0.05,80,Biological,29.151704788208008,0.49291782624782277,29.13995933532715,0.34230774577402134,0.03039353099939035
unet,fixed_dwell,20,uniform,0.05,81,Fibres,30.62282371520996,0.6613335252892619,30.626182556152344,0.3419602146352313,0.02958244899946294
unet,fixed_dwell,20,uniform,0.05,82,Films_Coated_Surface,20.480165481567383,0.5635099515844507,20.382413864135742,0.3417343193950178,0.02858862900029635
unet,fixed_dwell,20,uniform,0.05,83,MEMS_devices_and_electrodes,21.37209129333496,0.41853061987114265,21.274703979492188,0.34208185053380785,0.025484057000539906
unet,fixed_dwell,20,uniform,0.05,84,Nanowires,36.480838775634766,0.9642340491262796,36.49650192260742,0.3415431772686833,0.019824030999188835
unet,fixed_dwell,20,uniform,0.05,85,Particles,21.331417083740234,0.45776436997482367,21.254547119140625,0.34178644906583633,0.029328796999834594
unet,fixed_dwell,20,uniform,0.05,86,Patterned_surface,28.3551025390625,0.827855483403557,28.27045249938965,0.3418038256227758,0.03116661700005352
unet,fixed_dwell,20,uniform,0.05,87,Porous_Sponge,20.514421463012695,0.4402641221196052,20.42361068725586,0.3421339802046263,0.02801989300041896
unet,fixed_dwell,20,uniform,0.05,88,Powder,23.86601448059082,0.66788619058299,23.834392547607422,0.34178644906583633,0.029906650000157242
unet,fixed_dwell,20,uniform,0.05,89,Tips,27.356075286865234,0.41965521978894393,27.33769416809082,0.34150842415480426,0.029099551999934192
unet,fixed_dwell,20,uniform,0.05,90,Biological,28.52595329284668,0.4692300715621857,28.51791763305664,0.34204709741992884,0.024319206000654958
unet,fixed_dwell,20,uniform,0.05,91,Fibres,29.985679626464844,0.8018274335975191,29.980926513671875,0.3419949677491103,0.021509251000679797
unet,fixed_dwell,20,uniform,0.05,92,Films_Coated_Surface,22.216035842895508,0.3785852333027439,22.1710205078125,0.34190808496441283,0.028980059999412333
unet,fixed_dwell,20,uniform,0.05,93,MEMS_devices_and_electrodes,27.20648193359375,0.7763936647179437,27.174659729003906,0.34204709741992884,0.029956590000438155
unet,fixed_dwell,20,uniform,0.05,94,Nanowires,12.701543807983398,0.4317060261167794,12.538872718811035,0.3419949677491103,0.028440346000024874
unet,fixed_dwell,20,uniform,0.05,95,Particles,26.373674392700195,0.5690644734928112,26.258447647094727,0.3423946285587189,0.028568878999976732
unet,fixed_dwell,20,uniform,0.05,96,Patterned_surface,23.371723175048828,0.431828062996966,23.303449630737305,0.3417169428380783,0.023689841000305023
unet,fixed_dwell,20,uniform,0.05,97,Porous_Sponge,23.45478057861328,0.49555455467016263,23.442060470581055,0.34312444395017794,0.022442933999627712
unet,fixed_dwell,20,uniform,0.05,98,Powder,29.13442611694336,0.8343159581114029,29.12997817993164,0.3416995662811388,0.028837220999776036
unet,fixed_dwell,20,uniform,0.05,99,Tips,30.11840057373047,0.6836184859227672,30.087268829345703,0.3418385787366548,0.02770359899932373
unet,fixed_dwell,20,uniform,0.1,0,Biological,23.87696075439453,0.3304843651402971,23.808134078979492,0.5814334964412812,0.02799981000043772
unet,fixed_dwell,20,uniform,0.1,1,Fibres,22.800655364990234,0.5461672015172597,22.70886993408203,0.5805125389234876,0.02900646800026152
unet,fixed_dwell,20,uniform,0.1,2,Films_Coated_Surface,24.324342727661133,0.40975955569285544,24.259944915771484,0.5808426935053381,0.029185092000261648
unet,fixed_dwell,20,uniform,0.1,3,MEMS_devices_and_electrodes,24.718902587890625,0.30887068652174204,24.59008026123047,0.5802518905693951,0.02877496700057236
unet,fixed_dwell,20,uniform,0.1,4,Nanowires,18.554946899414062,0.5782313196197473,18.25249671936035,0.5817984041370107,0.026567645000795892
unet,fixed_dwell,20,uniform,0.1,5,Particles,17.57819366455078,0.30373714026157334,17.353015899658203,0.5825282195284698,0.024210773000049812
unet,fixed_dwell,20,uniform,0.1,6,Patterned_surface,24.748435974121094,0.5056266220509479,24.663393020629883,0.5814856261120998,0.02578268900015246
unet,fixed_dwell,20,uniform,0.1,7,Porous_Sponge,23.377899169921875,0.45648750967244917,23.274812698364258,0.5822154415035588,0.022173473000293598
unet,fixed_dwell,20,uniform,0.1,8,Powder,18.50790023803711,0.33336936458723604,18.313987731933594,0.5802518905693951,0.02875900900016859
unet,fixed_dwell,20,uniform,0.1,9,Tips,32.545799255371094,0.9092475770871374,32.4636344909668,0.5812944839857652,0.0258226759997342
unet,fixed_dwell,20,uniform,0.1,10,Biological,26.956153869628906,0.4006929946616039,26.926881790161133,0.5816246385676157,0.020080698000128905
unet,fixed_dwell,20,uniform,0.1,11,Fibres,27.36178970336914,0.6953628280649601,27.293338775634766,0.5816767682384343,0.028692025000054855
unet,fixed_dwell,20,uniform,0.1,12,Films_Coated_Surface,25.81904411315918,0.4134813453821329,25.75104522705078,0.5823892070729537,0.020469157000661653
unet,fixed_dwell,20,uniform,0.1,13,MEMS_devices_and_electrodes,25.529788970947266,0.34538477605159223,25.40688705444336,0.5812597308718862,0.020995588999539905
unet,fixed_dwell,20,uniform,0.1,14,Nanowires,14.109262466430664,0.44065356448688925,13.816781044006348,0.5791571674822065,0.02854839399969933
unet,fixed_dwell,20,uniform,0.1,15,Particles,37.86347579956055,0.9231250700565211,37.88227844238281,0.5803213967971531,0.029388115000074322
unet,fixed_dwell,20,uniform,0.1,16,Patterned_surface,21.06889533996582,0.5876019867816505,20.950021743774414,0.5808600700622776,0.02951078400019469
unet,fixed_dwell,20,uniform,0.1,17,Porous_Sponge,16.40281105041504,0.47178419739927324,16.120698928833008,0.580668927935943,0.0290317179997146
unet,fixed_dwell,20,uniform,0.1,18,Powder,20.47125244140625,0.4794964066850661,20.361051559448242,0.5804082795818506,0.02819754699976329
unet,fixed_dwell,20,uniform,0.1,19,Tips,25.762205123901367,0.788851556182387,25.687952041625977,0.5805299154804271,0.023500115999922855
unet,fixed_dwell,20,uniform,0.1,20,Biological,25.05795669555664,0.5895378687827467,24.98805809020996,0.5801476312277581,0.019251353000072413
unet,fixed_dwell,20,uniform,0.1,21,Fibres,23.406354904174805,0.6396433540230364,23.37580680847168,0.5806863044928826,0.025861015999907977
unet,fixed_dwell,20,uniform,0.1,22,Films_Coated_Surface,14.305380821228027,0.4454510248035857,14.046177864074707,0.5807210576067616,0.0295226090001961
unet,fixed_dwell,20,uniform,0.1,23,MEMS_devices_and_electrodes,25.718839645385742,0.3789806147267151,25.654266357421875,0.5806515513790036,0.027659810999466572
unet,fixed_dwell,20,uniform,0.1,24,Nanowires,13.890966415405273,0.24851942688282638,13.697613716125488,0.5819026634786477,0.029055930999675184
unet,fixed_dwell,20,uniform,0.1,25,Particles,32.28023147583008,0.6459640941005019,32.246429443359375,0.5813813667704627,0.029065417000310845
unet,fixed_dwell,20,uniform,0.1,26,Patterned_surface,19.013856887817383,0.3439465880958672,18.815900802612305,0.5824239601868328,0.029229228000076546
unet,fixed_dwell,20,uniform,0.1,27,Porous_Sponge,23.96802520751953,0.3427979991050454,23.925556182861328,0.5824413367437723,0.02339686499999516
unet,fixed_dwell,20,uniform,0.1,28,Powder,22.92551040649414,0.5710905723502134,22.857925415039062,0.5808600700622776,0.01925948400003108
unet,fixed_dwell,20,uniform,0.1,29,Tips,39.39312744140625,0.9737678637514623,39.44074249267578,0.5809469528469751,0.026875670000663376
unet,fixed_dwell,20,uniform,0.1,30,Biological,26.475217819213867,0.3632518709218931,26.437456130981445,0.5806863044928826,0.029853770999579865
unet,fixed_dwell,20,uniform,0.1,31,Fibres,33.64982986450195,0.7514647939023738,33.670352935791016,0.5806167982651247,0.029843747999620973
unet,fixed_dwell,20,uniform,0.1,32,Films_Coated_Surface,23.512184143066406,0.3591864440474232,23.438894271850586,0.5799217359875446,0.029744172999926377
unet,fixed_dwell,20,uniform,0.1,33,MEMS_devices_and_electrodes,24.664823532104492,0.6302788930540855,24.46857452392578,0.5797827235320285,0.029052349999801663
unet,fixed_dwell,20,uniform,0.1,34,Nanowires,27.009382247924805,0.7002921711493961,26.925064086914062,0.5814856261120998,0.02837101299974165
unet,fixed_dwell,20,uniform,0.1,35,Particles,31.06110382080078,0.824783352769788,31.033571243286133,0.5809990825177936,0.027830647999508074
unet,fixed_dwell,20,uniform,0.1,36,Patterned_surface,31.286334991455078,0.8780695220240338,31.134563446044922,0.5807384341637011,0.0238744130001578
unet,fixed_dwell,20,uniform,0.1,37,Porous_Sponge,16.36513328552246,0.4220360884182326,16.160566329956055,0.5807905638345197,0.0198934290001489
unet,fixed_dwell,20,uniform,0.1,38,Powder,21.31686782836914,0.329113718882988,21.183927536010742,0.5800086187722421,0.027393237999604025
unet,fixed_dwell,20,uniform,0.1,39,Tips,35.7636604309082,0.8668619781266033,35.7724723815918,0.57938306272242,0.029006824999669334
unet,fixed_dwell,20,uniform,0.1,40,Biological,22.237337112426758,0.415664103714899,22.163616180419922,0.5809295762900356,0.02851013300005434
unet,fixed_dwell,20,uniform,0.1,41,Fibres,28.504220962524414,0.7622341280559156,28.451007843017578,0.5817115213523132,0.030510956000398437
unet,fixed_dwell,20,uniform,0.1,42,Films_Coated_Surface,26.289196014404297,0.41017509489667725,26.25766372680664,0.5814508729982207,0.02884972399988328
unet,fixed_dwell,20,uniform,0.1,43,MEMS_devices_and_electrodes,22.323625564575195,0.2896957970156601,22.30756378173828,0.5820416759341638,0.026015271999312972
unet,fixed_dwell,20,uniform,0.1,44,Nanowires,23.34815788269043,0.40762693844328907,23.27185821533203,0.5819026634786477,0.017709029999423365
unet,fixed_dwell,20,uniform,0.1,45,Particles,35.32658386230469,0.951378939246004,35.32972717285156,0.5809990825177936,0.025030456999957096
unet,fixed_dwell,20,uniform,0.1,46,Patterned_surface,27.523681640625,0.5722860635146512,27.473852157592773,0.5813466136565837,0.029401779999716382
unet,fixed_dwell,20,uniform,0.1,47,Porous_Sponge,23.510459899902344,0.46871539754386066,23.40777587890625,0.5806341748220641,0.02890461500010133
unet,fixed_dwell,20,uniform,0.1,48,Powder,24.30401039123535,0.47943766066077054,24.247543334960938,0.5808774466192171,0.030484832999718492
unet,fixed_dwell,20,uniform,0.1,49,Tips,18.617359161376953,0.21392211706064895,18.480915069580078,0.579834853202847,0.028911137000250164
unet,fixed_dwell,20,uniform,0.1,50,Biological,24.35626983642578,0.2812291474662538,24.311283111572266,0.580390903024911,0.02899090599930787
unet,fixed_dwell,20,uniform,0.1,51,Fibres,30.316287994384766,0.6990964936428808,30.305593490600586,0.5811902246441282,0.02975467899977957
unet,fixed_dwell,20,uniform,0.1,52,Films_Coated_Surface,17.228967666625977,0.5698288970401987,17.025043487548828,0.5825108429715303,0.028230390999851807
unet,fixed_dwell,20,uniform,0.1,53,MEMS_devices_and_electrodes,35.09840393066406,0.9050664529697884,35.04673385620117,0.5807731872775801,0.02156244600064383
unet,fixed_dwell,20,uniform,0.1,54,Nanowires,30.078853607177734,0.7420636599907049,30.050676345825195,0.5815030026690392,0.019824692999463878
unet,fixed_dwell,20,uniform,0.1,55,Particles,27.026302337646484,0.4055475123755394,26.989654541015625,0.5812423543149466,0.02751068799989298
unet,fixed_dwell,20,uniform,0.1,56,Patterned_surface,23.322790145874023,0.557838078807636,23.223373413085938,0.5812249777580071,0.029761246999441937
unet,fixed_dwell,20,uniform,0.1,57,Porous_Sponge,21.353271484375,0.4339842004941427,21.18239402770996,0.5803213967971531,0.028592077000212157
unet,fixed_dwell,20,uniform,0.1,58,Powder,19.323322296142578,0.17116993195955515,19.174129486083984,0.5814682495551602,0.029375447000347776
unet,fixed_dwell,20,uniform,0.1,59,Tips,34.42441177368164,0.8439713679722588,34.424739837646484,0.5812076012010677,0.029227316999822506
unet,fixed_dwell,20,uniform,0.1,60,Biological,28.00100326538086,0.4912123512698756,27.982187271118164,0.5815203792259787,0.027471604999846022
unet,fixed_dwell,20,uniform,0.1,61,Fibres,32.52201461791992,0.799229216214561,32.508541107177734,0.5822154415035588,0.02176116800001182
unet,fixed_dwell,20,uniform,0.1,62,Films_Coated_Surface,18.122867584228516,0.45092432376363845,17.939374923706055,0.5815030026690392,0.019773811000050046
unet,fixed_dwell,20,uniform,0.1,63,MEMS_devices_and_electrodes,22.08420753479004,0.5686690003693783,21.938922882080078,0.579800100088968,0.029679409999516793
unet,fixed_dwell,20,uniform,0.1,64,Nanowires,39.69758987426758,0.9316037578338344,39.71410369873047,0.5812597308718862,0.02777535600034753
unet,fixed_dwell,20,uniform,0.1,65,Particles,35.397056579589844,0.8932746658050099,35.40974426269531,0.5815898854537368,0.028480640000452695
unet,fixed_dwell,20,uniform,0.1,66,Patterned_surface,18.011886596679688,0.6248268596906753,17.77667808532715,0.5805299154804271,0.02857373999995616
unet,fixed_dwell,20,uniform,0.1,67,Porous_Sponge,18.41534423828125,0.5218853460664896,18.16433334350586,0.5814856261120998,0.02532808700016176
unet,fixed_dwell,20,uniform,0.1,68,Powder,22.13433837890625,0.5103477645941905,22.02899169921875,0.5807905638345197,0.01960425099969143
unet,fixed_dwell,20,uniform,0.1,69,Tips,35.9058723449707,0.8773107935868595,35.90663528442383,0.5811033418594307,0.023256008000316797
unet,fixed_dwell,20,uniform,0.1,70,Biological,23.982810974121094,0.30701449848803,23.913406372070312,0.5814508729982207,0.027466106000247237
unet,fixed_dwell,20,uniform,0.1,71,Fibres,29.389446258544922,0.6980985019060473,29.352752685546875,0.5806167982651247,0.030134147999888228
unet,fixed_dwell,20,uniform,0.1,72,Films_Coated_Surface,22.22801399230957,0.6867218236233131,22.033166885375977,0.5812944839857652,0.030148490999636124
unet,fixed_dwell,20,uniform,0.1,73,MEMS_devices_and_electrodes,23.930654525756836,0.6670801270680734,23.80162239074707,0.5819895462633452,0.029276375999870652
unet,fixed_dwell,20,uniform,0.1,74,Nanowires,35.60881805419922,0.8413424192587442,35.599491119384766,0.5822154415035588,0.02924170200003573
unet,fixed_dwell,20,uniform,0.1,75,Particles,33.85683059692383,0.8859916298544975,33.85092544555664,0.5805472920373665,0.029336802000216267
unet,fixed_dwell,20,uniform,0.1,76,Patterned_surface,23.181533813476562,0.6953929673482467,23.019845962524414,0.5812249777580071,0.026414996999847062
unet,fixed_dwell,20,uniform,0.1,77,Porous_Sponge,22.169326782226562,0.4916218735346793,22.026874542236328,0.5833101645907474,0.02375437599948782
unet,fixed_dwell,20,uniform,0.1,78,Powder,22.93246841430664,0.5496690441241424,22.83832359313965,0.5805472920373665,0.019236003000514756
unet,fixed_dwell,20,uniform,0.1,79,Tips,27.374422073364258,0.44869448607065693,27.353710174560547,0.5807210576067616,0.024175474999537983
unet,fixed_dwell,20,uniform,0.1,80,Biological,29.331161499023438,0.49728272321223427,29.314464569091797,0.5822675711743773,0.029052175999822794
unet,fixed_dwell,20,uniform,0.1,81,Fibres,31.005346298217773,0.6698570167207429,30.993976593017578,0.5811207184163701,0.0288116040001114
unet,fixed_dwell,20,uniform,0.1,82,Films_Coated_Surface,22.026161193847656,0.6177547998624068,21.85761260986328,0.5814334964412812,0.02973841099992569
unet,fixed_dwell,20,uniform,0.1,83,MEMS_devices_and_electrodes,22.08097267150879,0.4612397429282987,21.948352813720703,0.5812597308718862,0.029347230999519525
unet,fixed_dwell,20,uniform,0.1,84,Nanowires,36.93379592895508,0.965104803259212,36.92345428466797,0.5811380949733096,0.029056512999886763
unet,fixed_dwell,20,uniform,0.1,85,Particles,23.64290428161621,0.524408674932171,23.5250244140625,0.5808253169483987,0.028775603999747545
unet,fixed_dwell,20,uniform,0.1,86,Patterned_surface,30.31694793701172,0.8386734138399715,30.18221092224121,0.5805125389234876,0.02350564999960625
unet,fixed_dwell,20,uniform,0.1,87,Porous_Sponge,21.620113372802734,0.4815787943280508,21.444534301757812,0.5800259953291815,0.01766176599994651
unet,fixed_dwell,20,uniform,0.1,88,Powder,25.602758407592773,0.7202248987116493,25.556909561157227,0.5821111821619217,0.02632495200032281
unet,fixed_dwell,20,uniform,0.1,89,Tips,27.636186599731445,0.4226765723786243,27.621623992919922,0.5832232818060499,0.02925308900012169
unet,fixed_dwell,20,uniform,0.1,90,Biological,28.723995208740234,0.4713087460745394,28.698789596557617,0.5813813667704627,0.02780728400011867
unet,fixed_dwell,20,uniform,0.1,91,Fibres,31.60318374633789,0.8125632443160505,31.585525512695312,0.5816072620106761,0.02888037600041571
unet,fixed_dwell,20,uniform,0.1,92,Films_Coated_Surface,23.048439025878906,0.4311420547599879,22.985076904296875,0.5812249777580071,0.02885686399986298
unet,fixed_dwell,20,uniform,0.1,93,MEMS_devices_and_electrodes,28.649166107177734,0.7956488790336852,28.600879669189453,0.5810164590747332,0.028868757999589434
unet,fixed_dwell,20,uniform,0.1,94,Nanowires,14.321688652038574,0.5886973007007591,14.019981384277344,0.5822849477313168,0.025914822000231652
unet,fixed_dwell,20,uniform,0.1,95,Particles,27.300691604614258,0.579284524884961,27.06426239013672,0.5826151023131673,0.02002645299944561
unet,fixed_dwell,20,uniform,0.1,96,Patterned_surface,24.188060760498047,0.4903594638515707,24.071449279785156,0.5812944839857652,0.024305053999341908
unet,fixed_dwell,20,uniform,0.1,97,Porous_Sponge,24.328201293945312,0.5860511865891572,24.328554153442383,0.5813466136565837,0.030095346000052814
unet,fixed_dwell,20,uniform,0.1,98,Powder,30.466936111450195,0.8594741042143165,30.439550399780273,0.5814334964412812,0.02885654399960913
unet,fixed_dwell,20,uniform,0.1,99,Tips,30.86420249938965,0.6883956269066924,30.801679611206055,0.5805820451512456,0.030087938999713515
unet,fixed_dwell,20,uniform,0.15,0,Biological,24.34894561767578,0.37656995896214984,24.24812126159668,0.7992243104982206,0.028406837999682466
unet,fixed_dwell,20,uniform,0.15,1,Fibres,23.489280700683594,0.6097908718466645,23.350984573364258,0.7973128892348755,0.029533070999605116
unet,fixed_dwell,20,uniform,0.15,2,Films_Coated_Surface,24.765893936157227,0.43280101044109553,24.6794490814209,0.7980774577402135,0.028609028000573744
unet,fixed_dwell,20,uniform,0.15,3,MEMS_devices_and_electrodes,24.85774803161621,0.323167615702042,24.680374145507812,0.7974519016903916,0.027726454000003287
unet,fixed_dwell,20,uniform,0.15,4,Nanowires,19.676475524902344,0.665436955007157,19.249897003173828,0.7966525800711745,0.025187023000398767
unet,fixed_dwell,20,uniform,0.15,5,Particles,18.06295394897461,0.3652554115049699,17.729177474975586,0.7994675822953737,0.02413062399955379
unet,fixed_dwell,20,uniform,0.15,6,Patterned_surface,25.431171417236328,0.5391544498099455,25.33035659790039,0.7979384452846976,0.01764131200070551
unet,fixed_dwell,20,uniform,0.15,7,Porous_Sponge,23.92917251586914,0.4915828035197354,23.787935256958008,0.7974866548042705,0.022619612999733363
unet,fixed_dwell,20,uniform,0.15,8,Powder,18.8983097076416,0.380037231636855,18.605663299560547,0.7986161310053381,0.02876800000012736
unet,fixed_dwell,20,uniform,0.15,9,Tips,33.07381057739258,0.9119915377039821,32.99870300292969,0.7962702958185054,0.027752963000239106
unet,fixed_dwell,20,uniform,0.15,10,Biological,27.150402069091797,0.4157890519069556,27.08702850341797,0.7954535976423488,0.028837848999501148
unet,fixed_dwell,20,uniform,0.15,11,Fibres,28.088115692138672,0.7092006237037072,28.007299423217773,0.7977646797153026,0.02882934599983855
unet,fixed_dwell,20,uniform,0.15,12,Films_Coated_Surface,26.309144973754883,0.45106342093726476,26.21654510498047,0.7982164701957296,0.02969974600000569
unet,fixed_dwell,20,uniform,0.15,13,MEMS_devices_and_electrodes,25.62659454345703,0.365298567359433,25.439571380615234,0.797677796930605,0.02902796699981991
unet,fixed_dwell,20,uniform,0.15,14,Nanowires,14.931336402893066,0.5427275599624946,14.487580299377441,0.7987551434608542,0.028758435999407084
unet,fixed_dwell,20,uniform,0.15,15,Particles,37.5737419128418,0.9225300310831455,37.583412170410156,0.7964266848309609,0.028032649999659043
unet,fixed_dwell,20,uniform,0.15,16,Patterned_surface,22.541105270385742,0.703775523191399,22.368213653564453,0.7966525800711745,0.025689510000120208
unet,fixed_dwell,20,uniform,0.15,17,Porous_Sponge,17.38431739807129,0.5304781316138086,16.9841365814209,0.7988941559163703,0.02163067699984822
unet,fixed_dwell,20,uniform,0.15,18,Powder,21.25867462158203,0.5275759776892924,21.111433029174805,0.8007708240658363,0.019087360999947123
unet,fixed_dwell,20,uniform,0.15,19,Tips,26.439268112182617,0.8115581901404308,26.3518123626709,0.7979558218416372,0.024677219000295736
unet,fixed_dwell,20,uniform,0.15,20,Biological,25.569217681884766,0.6052477719045191,25.47977066040039,0.7982164701957296,0.029292354000062915
unet,fixed_dwell,20,uniform,0.15,21,Fibres,24.48136329650879,0.7093745108239321,24.407899856567383,0.7994154526245552,0.02922612600013963
unet,fixed_dwell,20,uniform,0.15,22,Films_Coated_Surface,15.251160621643066,0.5416766303785455,14.86711311340332,0.7984423654359432,0.02841041600004246
unet,fixed_dwell,20,uniform,0.15,23,MEMS_devices_and_electrodes,25.880958557128906,0.39197754131134194,25.757244110107422,0.7979905749555161,0.030285649999314046
unet,fixed_dwell,20,uniform,0.15,24,Nanowires,14.262414932250977,0.3348939088703276,13.920980453491211,0.7975040313612101,0.02871309799957089
unet,fixed_dwell,20,uniform,0.15,25,Particles,32.444580078125,0.6477976678805216,32.407859802246094,0.797712550044484,0.029018539999924542
unet,fixed_dwell,20,uniform,0.15,26,Patterned_surface,19.50965690612793,0.38501424815008795,19.2232608795166,0.797330265791815,0.02854588700029126
unet,fixed_dwell,20,uniform,0.15,27,Porous_Sponge,24.241004943847656,0.3520074127622288,24.1799373626709,0.7967568394128115,0.027444139999715844
unet,fixed_dwell,20,uniform,0.15,28,Powder,23.744529724121094,0.6286680720282454,23.66560173034668,0.7974519016903916,0.027687604999300675
unet,fixed_dwell,20,uniform,0.15,29,Tips,40.144161224365234,0.9742202735980169,40.15941619873047,0.7984597419928826,0.021603574999971897
unet,fixed_dwell,20,uniform,0.15,30,Biological,26.648574829101562,0.37237051946528055,26.577434539794922,0.7970348643238435,0.01897506100067403
unet,fixed_dwell,20,uniform,0.15,31,Fibres,33.649078369140625,0.7519080623087541,33.630767822265625,0.7984249888790037,0.023179109000011522
unet,fixed_dwell,20,uniform,0.15,32,Films_Coated_Surface,23.872127532958984,0.4140052217403205,23.839759826660156,0.7985292482206406,0.028924094999638328
unet,fixed_dwell,20,uniform,0.15,33,MEMS_devices_and_electrodes,25.50100326538086,0.6418266009454529,25.214946746826172,0.7994502057384343,0.027724850000595325
unet,fixed_dwell,20,uniform,0.15,34,Nanowires,28.094205856323242,0.7504208063960344,27.99734878540039,0.7993980760676158,0.029335081000681384
unet,fixed_dwell,20,uniform,0.15,35,Particles,31.635303497314453,0.8284726429919628,31.604557037353516,0.796878475311388,0.029674925999643165
unet,fixed_dwell,20,uniform,0.15,36,Patterned_surface,31.941272735595703,0.8907623148208175,31.737356185913086,0.7987725200177936,0.02775510799983749
unet,fixed_dwell,20,uniform,0.15,37,Porous_Sponge,16.937496185302734,0.5059875633006561,16.571622848510742,0.7972607595640571,0.02962626899989118
unet,fixed_dwell,20,uniform,0.15,38,Powder,21.852033615112305,0.36540176005323227,21.666290283203125,0.7958880115658363,0.028625912999814318
unet,fixed_dwell,20,uniform,0.15,39,Tips,35.983795166015625,0.86695590620429,35.96891403198242,0.7970348643238435,0.027732434999961697
unet,fixed_dwell,20,uniform,0.15,40,Biological,22.910463333129883,0.4596000318085804,22.798288345336914,0.7987203903469752,0.025290275000770635
unet,fixed_dwell,20,uniform,0.15,41,Fibres,29.390012741088867,0.7722147030525748,29.342527389526367,0.7979905749555161,0.02640023999992991
unet,fixed_dwell,20,uniform,0.15,42,Films_Coated_Surface,26.548526763916016,0.42733925809890916,26.496299743652344,0.7981469639679717,0.024032476000684255
unet,fixed_dwell,20,uniform,0.15,43,MEMS_devices_and_electrodes,22.401159286499023,0.314678549967416,22.39452362060547,0.7984423654359432,0.023999712999284384
unet,fixed_dwell,20,uniform,0.15,44,Nanowires,23.794889450073242,0.4345984763206529,23.68218231201172,0.7985987544483987,0.019801294999524544
unet,fixed_dwell,20,uniform,0.15,45,Particles,36.24191665649414,0.9521160110260382,36.239376068115234,0.7969306049822065,0.019756584999413462
unet,fixed_dwell,20,uniform,0.15,46,Patterned_surface,27.9228515625,0.5971710432612477,27.857017517089844,0.7981990936387902,0.025334879999718396
unet,fixed_dwell,20,uniform,0.15,47,Porous_Sponge,24.14522933959961,0.508203752844875,24.001100540161133,0.7974171485765125,0.029062894000162487
unet,fixed_dwell,20,uniform,0.15,48,Powder,24.914020538330078,0.5067048201015826,24.83777618408203,0.8001626445729538,0.027550904000236187
unet,fixed_dwell,20,uniform,0.15,49,Tips,18.902690887451172,0.24442326996534544,18.704345703125,0.797295512677936,0.029023731000052067
unet,fixed_dwell,20,uniform,0.15,50,Biological,24.575223922729492,0.3046216327827844,24.49560546875,0.7995718416370108,0.02862546799951815
unet,fixed_dwell,20,uniform,0.15,51,Fibres,31.103431701660156,0.7071928905089583,31.08870506286621,0.7979905749555161,0.029929531000561838
unet,fixed_dwell,20,uniform,0.15,52,Films_Coated_Surface,18.16157341003418,0.6378854126084222,17.886272430419922,0.7974519016903916,0.029621923000377137
unet,fixed_dwell,20,uniform,0.15,53,MEMS_devices_and_electrodes,35.98130416870117,0.9089263987957104,35.95641326904297,0.7981990936387902,0.028376048000609444
unet,fixed_dwell,20,uniform,0.15,54,Nanowires,30.73270034790039,0.7479430059881264,30.670631408691406,0.7977994328291815,0.023089502000402717
unet,fixed_dwell,20,uniform,0.15,55,Particles,27.253028869628906,0.40975123674758585,27.19062042236328,0.7980253280693951,0.019660109000142256
unet,fixed_dwell,20,uniform,0.15,56,Patterned_surface,24.157583236694336,0.5879393790955827,24.020713806152344,0.797677796930605,0.021976125000037428
unet,fixed_dwell,20,uniform,0.15,57,Porous_Sponge,21.886369705200195,0.4670097570356334,21.65894317626953,0.7972433830071175,0.02510839800015674
unet,fixed_dwell,20,uniform,0.15,58,Powder,19.51948356628418,0.2961368023538681,19.283824920654297,0.7979210687277581,0.028711172999464907
unet,fixed_dwell,20,uniform,0.15,59,Tips,35.119102478027344,0.8468307146468218,35.096900939941406,0.7988420262455517,0.029674286999579635
unet,fixed_dwell,20,uniform,0.15,60,Biological,28.370262145996094,0.502108906144371,28.31995391845703,0.7973823954626336,0.028679904999989958
unet,fixed_dwell,20,uniform,0.15,61,Fibres,32.96533966064453,0.8036675622085973,32.92097473144531,0.7962529192615659,0.027431355000771873
unet,fixed_dwell,20,uniform,0.15,62,Films_Coated_Surface,19.139976501464844,0.5182627958013052,18.872421264648438,0.7985466247775801,0.029712603999541898
unet,fixed_dwell,20,uniform,0.15,63,MEMS_devices_and_electrodes,22.71627426147461,0.606999790080197,22.51080322265625,0.7989289090302492,0.029385516999354877
unet,fixed_dwell,20,uniform,0.15,64,Nanowires,39.95454406738281,0.9318794135212811,39.96169662475586,0.7970348643238435,0.02869769599965366
unet,fixed_dwell,20,uniform,0.15,65,Particles,35.63311767578125,0.8941152756165806,35.65724563598633,0.7974866548042705,0.027657868999995117
unet,fixed_dwell,20,uniform,0.15,66,Patterned_surface,18.85228729248047,0.6958174874872041,18.59981918334961,0.7978515625000001,0.02423022899984062
unet,fixed_dwell,20,uniform,0.15,67,Porous_Sponge,19.117542266845703,0.5690512034457306,18.768444061279297,0.7982164701957296,0.019775705999563797
unet,fixed_dwell,20,uniform,0.15,68,Powder,22.73289680480957,0.5409471359862841,22.579858779907227,0.7980600811832741,0.02189481400000659
unet,fixed_dwell,20,uniform,0.15,69,Tips,36.21826171875,0.8793449941839679,36.23543167114258,0.7962529192615659,0.025646549000157393
unet,fixed_dwell,20,uniform,0.15,70,Biological,24.308069229125977,0.366663345870346,24.223459243774414,0.7964093082740215,0.02875131800010422
unet,fixed_dwell,20,uniform,0.15,71,Fibres,29.99669647216797,0.7182162906573782,29.94889259338379,0.7980948342971531,0.029582928999843716
unet,fixed_dwell,20,uniform,0.15,72,Films_Coated_Surface,23.597808837890625,0.7134899430667206,23.365047454833984,0.7998151134341638,0.029172178999942844
unet,fixed_dwell,20,uniform,0.15,73,MEMS_devices_and_electrodes,24.327363967895508,0.6801121315335785,24.135055541992188,0.7980253280693951,0.028912174000652158
unet,fixed_dwell,20,uniform,0.15,74,Nanowires,35.669776916503906,0.8421205078492302,35.63766860961914,0.797469278247331,0.030141182999614102
unet,fixed_dwell,20,uniform,0.15,75,Particles,34.72732162475586,0.8881250628048163,34.726417541503906,0.7980427046263346,0.02774756399958278
unet,fixed_dwell,20,uniform,0.15,76,Patterned_surface,24.384693145751953,0.7208651505779594,24.176456451416016,0.7961312833629893,0.02751909099970362
unet,fixed_dwell,20,uniform,0.15,77,Porous_Sponge,22.907329559326172,0.5183693724228218,22.72174835205078,0.7976951734875445,0.023278473000573285
unet,fixed_dwell,20,uniform,0.15,78,Powder,23.827003479003906,0.5971253431728428,23.70733642578125,0.7969132284252669,0.020452701000067464
unet,fixed_dwell,20,uniform,0.15,79,Tips,27.491779327392578,0.45231716177109765,27.458511352539062,0.7981122108540926,0.019616166000560042
unet,fixed_dwell,20,uniform,0.15,80,Biological,29.407588958740234,0.49976875065151977,29.368249893188477,0.7970001112099644,0.02547648699965066
unet,fixed_dwell,20,uniform,0.15,81,Fibres,31.41158103942871,0.6738152352184145,31.393112182617188,0.7993285698398577,0.02853394900012063
unet,fixed_dwell,20,uniform,0.15,82,Films_Coated_Surface,23.25491714477539,0.6490449820271142,23.072925567626953,0.7989115324733097,0.02767183399919304
unet,fixed_dwell,20,uniform,0.15,83,MEMS_devices_and_electrodes,22.556440353393555,0.4892186925809219,22.359769821166992,0.7975040313612101,0.02951893800036487
unet,fixed_dwell,20,uniform,0.15,84,Nanowires,38.114097595214844,0.9675158255246509,38.162776947021484,0.797365018905694,0.027865350000865874
unet,fixed_dwell,20,uniform,0.15,85,Particles,24.58135986328125,0.5497769683675361,24.435863494873047,0.7984076123220641,0.027362666999579233
unet,fixed_dwell,20,uniform,0.15,86,Patterned_surface,30.55523109436035,0.8404205522385136,30.359725952148438,0.7977646797153026,0.028980267000406457
unet,fixed_dwell,20,uniform,0.15,87,Porous_Sponge,22.215763092041016,0.5098853109967107,21.95895004272461,0.7967220862989324,0.025272509999922477
unet,fixed_dwell,20,uniform,0.15,88,Powder,26.555444717407227,0.7490494609249696,26.500280380249023,0.7981469639679717,0.024126041999807057
unet,fixed_dwell,20,uniform,0.15,89,Tips,27.821056365966797,0.4248241119164928,27.794464111328125,0.7989810387010677,0.017600492000383383
unet,fixed_dwell,20,uniform,0.15,90,Biological,28.813535690307617,0.4762971397922936,28.776376724243164,0.7984423654359432,0.023132999000154086
unet,fixed_dwell,20,uniform,0.15,91,Fibres,32.556861877441406,0.817521381103739,32.559288024902344,0.7984597419928826,0.028210338000462798
unet,fixed_dwell,20,uniform,0.15,92,Films_Coated_Surface,23.607053756713867,0.4717715415098702,23.522235870361328,0.7962181661476869,0.027173069999662403
unet,fixed_dwell,20,uniform,0.15,93,MEMS_devices_and_electrodes,29.607284545898438,0.8124829125542083,29.552690505981445,0.7981295874110321,0.029932596999969974
unet,fixed_dwell,20,uniform,0.15,94,Nanowires,15.52242660522461,0.6668864319140319,15.095763206481934,0.7991200511565837,0.02893643700008397
unet,fixed_dwell,20,uniform,0.15,95,Particles,28.12114715576172,0.5872777822501197,27.811519622802734,0.797330265791815,0.027544147999833513
unet,fixed_dwell,20,uniform,0.15,96,Patterned_surface,24.775924682617188,0.52599445038149,24.620849609375,0.797677796930605,0.029141476999939186
unet,fixed_dwell,20,uniform,0.15,97,Porous_Sponge,25.20589828491211,0.6466818995424369,25.18149185180664,0.7964961910587189,0.025235522000002675
unet,fixed_dwell,20,uniform,0.15,98,Powder,31.366287231445312,0.8700713626989789,31.341705322265625,0.7991374277135231,0.01894375299980311
unet,fixed_dwell,20,uniform,0.15,99,Tips,31.15320587158203,0.6921473550060241,31.093809127807617,0.7957837522241994,0.021525117000237515
unet,fixed_dwell,20,uniform,0.2,0,Biological,24.46649742126465,0.40141703173297916,24.328393936157227,0.9913464746441282,0.02378455899997789
unet,fixed_dwell,20,uniform,0.2,1,Fibres,23.88279151916504,0.6377921680869515,23.713211059570312,0.9929798709964414,0.025520868000057817
unet,fixed_dwell,20,uniform,0.2,2,Films_Coated_Surface,25.12512969970703,0.4447183641605497,25.017269134521484,0.9932752724644129,0.02745362399946316
unet,fixed_dwell,20,uniform,0.2,3,MEMS_devices_and_electrodes,24.955364227294922,0.3461421484686979,24.683155059814453,0.9913812277580072,0.02768052200008242
unet,fixed_dwell,20,uniform,0.2,4,Nanowires,20.625211715698242,0.722127634374041,20.097869873046875,0.9927887288701068,0.026916685000287544
unet,fixed_dwell,20,uniform,0.2,5,Particles,18.448680877685547,0.40707480434190824,18.013893127441406,0.9923543149466193,0.029332619999877352
unet,fixed_dwell,20,uniform,0.2,6,Patterned_surface,25.81611442565918,0.5490424067657608,25.685930252075195,0.9905123999110322,0.0296095100002276
unet,fixed_dwell,20,uniform,0.2,7,Porous_Sponge,24.333812713623047,0.510389927787968,24.163982391357422,0.9940224644128114,0.027258623999841802
unet,fixed_dwell,20,uniform,0.2,8,Powder,19.142148971557617,0.41918840762417175,18.78156852722168,0.9904776467971531,0.028924126999299915
unet,fixed_dwell,20,uniform,0.2,9,Tips,33.36421203613281,0.912246512677033,33.24590301513672,0.9879754225978649,0.02933123099955992
unet,fixed_dwell,20,uniform,0.2,10,Biological,27.323667526245117,0.42285117193914634,27.240955352783203,0.9930146241103205,0.029666690999874845
unet,fixed_dwell,20,uniform,0.2,11,Fibres,28.61886215209961,0.7207513308291396,28.503171920776367,0.9944916314501779,0.028379215000313707
unet,fixed_dwell,20,uniform,0.2,12,Films_Coated_Surface,26.551864624023438,0.48079110816087933,26.441303253173828,0.9910163200622776,0.029982154999743216
unet,fixed_dwell,20,uniform,0.2,13,MEMS_devices_and_electrodes,25.70908546447754,0.39696783963444265,25.503402709960938,0.9905992826957297,0.02916684100000566
unet,fixed_dwell,20,uniform,0.2,14,Nanowires,15.524620056152344,0.6005851633419971,14.933761596679688,0.9907730482651247,0.02759832900028414
unet,fixed_dwell,20,uniform,0.2,15,Particles,38.37946701049805,0.9232557441849346,38.41088104248047,0.9910858262900356,0.029068903999359463
unet,fixed_dwell,20,uniform,0.2,16,Patterned_surface,23.549819946289062,0.7618050034311578,23.338899612426758,0.9929103647686833,0.02903147200049716
unet,fixed_dwell,20,uniform,0.2,17,Porous_Sponge,18.062606811523438,0.5689836764977889,17.567245483398438,0.9950129281583631,0.028827653000007558
unet,fixed_dwell,20,uniform,0.2,18,Powder,21.76935386657715,0.5621364941851061,21.577186584472656,0.9925107039590748,0.027809216000605375
unet,fixed_dwell,20,uniform,0.2,19,Tips,26.846582412719727,0.8197036333255706,26.734966278076172,0.9903212577846976,0.027799643999969703
unet,fixed_dwell,20,uniform,0.2,20,Biological,26.020885467529297,0.6164222137397943,25.91698455810547,0.9908946841637012,0.02789554599985422
unet,fixed_dwell,20,uniform,0.2,21,Fibres,25.285785675048828,0.7480928637399447,25.219526290893555,0.9884098365213524,0.025078140999539755
unet,fixed_dwell,20,uniform,0.2,22,Films_Coated_Surface,16.085500717163086,0.6042609437217741,15.629511833190918,0.9930320006672598,0.02361164200010535
unet,fixed_dwell,20,uniform,0.2,23,MEMS_devices_and_electrodes,25.95291519165039,0.38721744563123267,25.846717834472656,0.9904602702402135,0.024001773999771103
unet,fixed_dwell,20,uniform,0.2,24,Nanowires,14.630983352661133,0.39251557398174325,14.126310348510742,0.9919546541370108,0.023984518999895954
unet,fixed_dwell,20,uniform,0.2,25,Particles,32.496116638183594,0.6497475115603328,32.43750762939453,0.9922326790480428,0.021598612000161665
unet,fixed_dwell,20,uniform,0.2,26,Patterned_surface,19.832984924316406,0.4164672246121734,19.469959259033203,0.9892439112544485,0.019763715999943088
unet,fixed_dwell,20,uniform,0.2,27,Porous_Sponge,24.45967674255371,0.3616593461967603,24.375324249267578,0.9906340358096085,0.019771535000472795
unet,fixed_dwell,20,uniform,0.2,28,Powder,24.431991577148438,0.6598309310665729,24.31390380859375,0.9917808885676156,0.019389398000384972
unet,fixed_dwell,20,uniform,0.2,29,Tips,41.10161209106445,0.9763797744389259,41.14225769042969,0.9930493772241993,0.02487089799979003
unet,fixed_dwell,20,uniform,0.2,30,Biological,26.730751037597656,0.38223039364180716,26.65212631225586,0.9910336966192171,0.027904406999368803
unet,fixed_dwell,20,uniform,0.2,31,Fibres,34.00435256958008,0.7540866520914214,34.00238037109375,0.9897130782918151,0.028677946000243537
unet,fixed_dwell,20,uniform,0.2,32,Films_Coated_Surface,24.156272888183594,0.43886398128145737,24.083154678344727,0.9891744050266905,0.029819592000421835
unet,fixed_dwell,20,uniform,0.2,33,MEMS_devices_and_electrodes,25.704633712768555,0.6463018828238977,25.35689926147461,0.9914681105427047,0.028527223999844864
unet,fixed_dwell,20,uniform,0.2,34,Nanowires,28.81462287902832,0.7791304106062854,28.675413131713867,0.9923716915035588,0.02951317699989886
unet,fixed_dwell,20,uniform,0.2,35,Particles,31.821617126464844,0.830754250152449,31.781003952026367,0.9917982651245553,0.02942581200022687
unet,fixed_dwell,20,uniform,0.2,36,Patterned_surface,32.301631927490234,0.8959294050552823,32.016727447509766,0.9921457962633452,0.029584292999970785
unet,fixed_dwell,20,uniform,0.2,37,Porous_Sponge,17.28394317626953,0.5516843595009119,16.79344940185547,0.9888790035587189,0.02773724899998342
unet,fixed_dwell,20,uniform,0.2,38,Powder,22.192626953125,0.3927378036959662,21.963504791259766,0.9899737266459075,0.028968395000447345
unet,fixed_dwell,20,uniform,0.2,39,Tips,36.312496185302734,0.8683640066243924,36.306243896484375,0.9901474922153026,0.02925557700018544
unet,fixed_dwell,20,uniform,0.2,40,Biological,23.265827178955078,0.48231871796752307,23.143474578857422,0.9916940057829181,0.030130536999422475
unet,fixed_dwell,20,uniform,0.2,41,Fibres,30.115604400634766,0.7828966143430015,30.044557571411133,0.9909294372775801,0.02927467099925707
unet,fixed_dwell,20,uniform,0.2,42,Films_Coated_Surface,26.762195587158203,0.4321145057867556,26.695472717285156,0.9904428936832741,0.028388661999997566
unet,fixed_dwell,20,uniform,0.2,43,MEMS_devices_and_electrodes,22.559112548828125,0.33921336562869175,22.5333194732666,0.9908251779359432,0.029269941000166
unet,fixed_dwell,20,uniform,0.2,44,Nanowires,24.175851821899414,0.4559889081529734,24.055173873901367,0.9910510731761566,0.02883044699956372
unet,fixed_dwell,20,uniform,0.2,45,Particles,36.96553039550781,0.9530438340009998,36.974510192871094,0.9910684497330963,0.029486563999853388
unet,fixed_dwell,20,uniform,0.2,46,Patterned_surface,28.281570434570312,0.6200785538471827,28.198291778564453,0.9915549933274022,0.028455110000322748
unet,fixed_dwell,20,uniform,0.2,47,Porous_Sponge,24.613554000854492,0.5321056107555104,24.455158233642578,0.9920415369217084,0.029133648999959405
unet,fixed_dwell,20,uniform,0.2,48,Powder,25.2559814453125,0.5305409981232394,25.15766143798828,0.989400300266904,0.027601777000199945
unet,fixed_dwell,20,uniform,0.2,49,Tips,19.113420486450195,0.2754469081369612,18.818557739257812,0.9923195618327403,0.02808023299985507
unet,fixed_dwell,20,uniform,0.2,50,Biological,24.72842788696289,0.33261967504363826,24.617197036743164,0.9924064446174378,0.02356342199982464
unet,fixed_dwell,20,uniform,0.2,51,Fibres,31.62175750732422,0.7184671295867322,31.600399017333984,0.9928756116548043,0.01987187200029439
unet,fixed_dwell,20,uniform,0.2,52,Films_Coated_Surface,18.957839965820312,0.6897705357177345,18.61980628967285,0.994178853425267,0.02071906699984538
unet,fixed_dwell,20,uniform,0.2,53,MEMS_devices_and_electrodes,36.402915954589844,0.9074094882639999,36.40895462036133,0.990199621886121,0.019665927999994892
unet,fixed_dwell,20,uniform,0.2,54,Nanowires,31.07318115234375,0.7533489424368547,31.012269973754883,0.9910336966192171,0.02491665900015505
unet,fixed_dwell,20,uniform,0.2,55,Particles,27.398006439208984,0.41559512482617883,27.326679229736328,0.9913812277580072,0.027276128999801585
unet,fixed_dwell,20,uniform,0.2,56,Patterned_surface,24.847288131713867,0.6046629466698411,24.69468879699707,0.9906687889234875,0.02976000299986481
unet,fixed_dwell,20,uniform,0.2,57,Porous_Sponge,22.296579360961914,0.48204621210394744,21.99384880065918,0.9893829237099645,0.02743998899950384
unet,fixed_dwell,20,uniform,0.2,58,Powder,19.512590408325195,0.3689634942280245,19.306175231933594,0.9922153024911033,0.028198410000186414
unet,fixed_dwell,20,uniform,0.2,59,Tips,35.423728942871094,0.847444349097681,35.40599822998047,0.9909468138345197,0.02777146799962793
unet,fixed_dwell,20,uniform,0.2,60,Biological,28.503530502319336,0.5070332951463667,28.44127655029297,0.9928061054270464,0.02555257400035771
unet,fixed_dwell,20,uniform,0.2,61,Fibres,33.3983268737793,0.8121149711013923,33.38060760498047,0.9928408585409253,0.02375218799988943
unet,fixed_dwell,20,uniform,0.2,62,Films_Coated_Surface,19.888477325439453,0.5603900197990531,19.53557777404785,0.9932926490213524,0.022926345000087167
unet,fixed_dwell,20,uniform,0.2,63,MEMS_devices_and_electrodes,23.28201675415039,0.6314955587021877,23.04072380065918,0.9918156416814947,0.021799211999677937
unet,fixed_dwell,20,uniform,0.2,64,Nanowires,40.25867462158203,0.9324771104349555,40.272987365722656,0.9908599310498222,0.021098532999531017
unet,fixed_dwell,20,uniform,0.2,65,Particles,35.83689498901367,0.8943894695070984,35.8441162109375,0.9942657362099645,0.021054349999758415
unet,fixed_dwell,20,uniform,0.2,66,Patterned_surface,19.810287475585938,0.7575002285067624,19.529613494873047,0.9911032028469751,0.020737122999889834
unet,fixed_dwell,20,uniform,0.2,67,Porous_Sponge,19.619873046875,0.6178937779229048,19.159996032714844,0.9912595918594307,0.019895270000233722
unet,fixed_dwell,20,uniform,0.2,68,Powder,23.06291961669922,0.5621461678550557,22.899553298950195,0.9889658863434164,0.01773191900065285
unet,fixed_dwell,20,uniform,0.2,69,Tips,36.47581100463867,0.8795714919345679,36.45081329345703,0.9909468138345197,0.01926925800034951
unet,fixed_dwell,20,uniform,0.2,70,Biological,24.486591339111328,0.3800162256047572,24.38298988342285,0.9894871830516014,0.023922440000205825
unet,fixed_dwell,20,uniform,0.2,71,Fibres,30.49444007873535,0.7302670154151469,30.451114654541016,0.993310025578292,0.02812326699950063
unet,fixed_dwell,20,uniform,0.2,72,Films_Coated_Surface,24.44884490966797,0.7296527898463804,24.18079376220703,0.9916592526690393,0.023545146999822464
unet,fixed_dwell,20,uniform,0.2,73,MEMS_devices_and_electrodes,24.745784759521484,0.6969676030485622,24.523197174072266,0.9908773076067616,0.027861524000400095
unet,fixed_dwell,20,uniform,0.2,74,Nanowires,36.060890197753906,0.843878937363145,36.0088005065918,0.9913464746441282,0.023392146000333014
unet,fixed_dwell,20,uniform,0.2,75,Particles,35.237571716308594,0.8904968090541052,35.23106384277344,0.9895566892793595,0.023251674000675848
unet,fixed_dwell,20,uniform,0.2,76,Patterned_surface,25.096702575683594,0.730782860874841,24.854740142822266,0.9900779859875445,0.026173539999945206
unet,fixed_dwell,20,uniform,0.2,77,Porous_Sponge,23.37601661682129,0.537957537013265,23.138444900512695,0.9917113823398578,0.028852839000137465
unet,fixed_dwell,20,uniform,0.2,78,Powder,24.353031158447266,0.6221706051121076,24.216999053955078,0.9904255171263345,0.027684001000125136
unet,fixed_dwell,20,uniform,0.2,79,Tips,27.73526382446289,0.4563213952859129,27.70046043395996,0.9935880504893239,0.029175671000302827
unet,fixed_dwell,20,uniform,0.2,80,Biological,29.584138870239258,0.5033206238207498,29.53790855407715,0.9888790035587189,0.029834768000000622
unet,fixed_dwell,20,uniform,0.2,81,Fibres,31.61075210571289,0.6786646734845778,31.59713363647461,0.9914681105427047,0.028015288000460714
unet,fixed_dwell,20,uniform,0.2,82,Films_Coated_Surface,24.119279861450195,0.6749081809188293,23.902507781982422,0.9923543149466193,0.027813665000394394
unet,fixed_dwell,20,uniform,0.2,83,MEMS_devices_and_electrodes,22.828350067138672,0.5118430232437803,22.604978561401367,0.9911379559608541,0.03015194999989035
unet,fixed_dwell,20,uniform,0.2,84,Nanowires,39.04792022705078,0.969661270847157,39.05423355102539,0.9915376167704627,0.029483427000741358
unet,fixed_dwell,20,uniform,0.2,85,Particles,25.2858943939209,0.5642207704748532,25.128982543945312,0.9932057662366549,0.028733805999763717
unet,fixed_dwell,20,uniform,0.2,86,Patterned_surface,31.310461044311523,0.8438741055784466,31.0709285736084,0.9899215969750891,0.029098596000039834
unet,fixed_dwell,20,uniform,0.2,87,Porous_Sponge,22.665332794189453,0.5297621582237614,22.365304946899414,0.9911727090747331,0.025109623000389547
unet,fixed_dwell,20,uniform,0.2,88,Powder,27.31574249267578,0.7701181527887319,27.267642974853516,0.9929972475533808,0.02410272100041766
unet,fixed_dwell,20,uniform,0.2,89,Tips,27.862730026245117,0.42600862636013914,27.807952880859375,0.9908251779359432,0.023445404000085546
unet,fixed_dwell,20,uniform,0.2,90,Biological,28.90487289428711,0.47989628093881526,28.85553550720215,0.9915723698843418,0.022261119000177132
unet,fixed_dwell,20,uniform,0.2,91,Fibres,32.76740646362305,0.8165644335099259,32.77423095703125,0.9930146241103205,0.019731294999473903
unet,fixed_dwell,20,uniform,0.2,92,Films_Coated_Surface,24.06154441833496,0.5011114651481687,23.956554412841797,0.9913117215302492,0.01753061199997319
unet,fixed_dwell,20,uniform,0.2,93,MEMS_devices_and_electrodes,29.90751075744629,0.8187151646831747,29.842918395996094,0.9902169984430607,0.026676378999582084
unet,fixed_dwell,20,uniform,0.2,94,Nanowires,16.515079498291016,0.7237969938703649,15.979005813598633,0.9928234819839858,0.027843822999784607
unet,fixed_dwell,20,uniform,0.2,95,Particles,28.73813247680664,0.5928465468792646,28.367572784423828,0.9913117215302492,0.02833882499999163
unet,fixed_dwell,20,uniform,0.2,96,Patterned_surface,25.317628860473633,0.5518943801494687,25.110363006591797,0.9908599310498222,0.02993099300056201
unet,fixed_dwell,20,uniform,0.2,97,Porous_Sponge,25.70575523376465,0.6713834982689691,25.67733383178711,0.9892091581405695,0.029095695000251
unet,fixed_dwell,20,uniform,0.2,98,Powder,32.316349029541016,0.8805434073445967,32.284481048583984,0.9885314724199289,0.029064084000310686
unet,fixed_dwell,20,uniform,0.2,99,Tips,31.21584701538086,0.6932957833757825,31.10875701904297,0.9912422153024912,0.027625300999716274
unet,fixed_dwell,20,uniform,0.3,0,Biological,24.921123504638672,0.44558809310929254,24.729389190673828,1.3103244550711746,0.02959101499982353
unet,fixed_dwell,20,uniform,0.3,1,Fibres,24.705810546875,0.6874703790306551,24.477739334106445,1.3101506895017796,0.030283910000434844
unet,fixed_dwell,20,uniform,0.3,2,Films_Coated_Surface,25.668216705322266,0.47446476622736417,25.518421173095703,1.3147902302046264,0.02953109499958373
unet,fixed_dwell,20,uniform,0.3,3,MEMS_devices_and_electrodes,25.179731369018555,0.3785566269335008,24.799787521362305,1.3111237766903914,0.0287529329998506
unet,fixed_dwell,20,uniform,0.3,4,Nanowires,21.805761337280273,0.7853343226934745,21.078819274902344,1.3163541203291813,0.028827015999922878
unet,fixed_dwell,20,uniform,0.3,5,Particles,19.330665588378906,0.4809981813198312,18.646814346313477,1.312183746663701,0.03016803999980766
unet,fixed_dwell,20,uniform,0.3,6,Patterned_surface,26.537858963012695,0.5720399502290513,26.38631820678711,1.3099247942615662,0.029068767999888223
unet,fixed_dwell,20,uniform,0.3,7,Porous_Sponge,24.900753021240234,0.5507598593117771,24.683761596679688,1.3111064001334523,0.028510166000160098
unet,fixed_dwell,20,uniform,0.3,8,Powder,19.686397552490234,0.45781847258006486,19.128591537475586,1.3124965246886122,0.027492754999911995
unet,fixed_dwell,20,uniform,0.3,9,Tips,33.72477722167969,0.9151218322846785,33.57284927368164,1.3135391181049823,0.027234651999606285
unet,fixed_dwell,20,uniform,0.3,10,Biological,27.560832977294922,0.440859710068311,27.435768127441406,1.3108457517793595,0.025937574000636232
unet,fixed_dwell,20,uniform,0.3,11,Fibres,29.360454559326172,0.7327764104041082,29.21339988708496,1.311836215524911,0.023749218999910227
unet,fixed_dwell,20,uniform,0.3,12,Films_Coated_Surface,26.926902770996094,0.5200514536089229,26.77914047241211,1.3095425100088969,0.024673720999999205
unet,fixed_dwell,20,uniform,0.3,13,MEMS_devices_and_electrodes,25.745567321777344,0.44004933541060415,25.58323097229004,1.3128093027135233,0.02620283299984294
unet,fixed_dwell,20,uniform,0.3,14,Nanowires,16.56651496887207,0.682761675593813,15.672117233276367,1.3091080960854096,0.02578787100082991
unet,fixed_dwell,20,uniform,0.3,15,Particles,38.991886138916016,0.9233457362912652,39.03670120239258,1.3115060609430607,0.02540784899974824
unet,fixed_dwell,20,uniform,0.3,16,Patterned_surface,24.68231201171875,0.8101488093244896,24.414175033569336,1.3109847642348758,0.02484259100037889
unet,fixed_dwell,20,uniform,0.3,17,Porous_Sponge,19.23188591003418,0.6203675267427584,18.557693481445312,1.3126876668149468,0.024928404000092996
unet,fixed_dwell,20,uniform,0.3,18,Powder,22.563518524169922,0.6181732293147889,22.31116485595703,1.3141646741548045,0.02411709999978484
unet,fixed_dwell,20,uniform,0.3,19,Tips,27.623464584350586,0.8406956126691295,27.46152687072754,1.3110542704626333,0.024224160999438027
unet,fixed_dwell,20,uniform,0.3,20,Biological,26.811168670654297,0.631999091855571,26.671390533447266,1.309855288033808,0.023414713000420306
unet,fixed_dwell,20,uniform,0.3,21,Fibres,26.293869018554688,0.7852211675748103,26.20389175415039,1.308812694617438,0.021300776000316546
unet,fixed_dwell,20,uniform,0.3,22,Films_Coated_Surface,17.412555694580078,0.6804648002338947,16.79043960571289,1.3085346697064058,0.02098316000046907
unet,fixed_dwell,20,uniform,0.3,23,MEMS_devices_and_electrodes,26.17887306213379,0.42812326823517455,25.898391723632812,1.3100985598309611,0.021545374000197626
unet,fixed_dwell,20,uniform,0.3,24,Nanowires,15.290471076965332,0.4951867657483985,14.518217086791992,1.3098031583629894,0.02022209799997654
unet,fixed_dwell,20,uniform,0.3,25,Particles,32.642822265625,0.651905336795889,32.575477600097656,1.3138345195729537,0.02056302900018636
unet,fixed_dwell,20,uniform,0.3,26,Patterned_surface,20.458965301513672,0.4629881566225646,19.92020034790039,1.311975227980427,0.02322970100067323
unet,fixed_dwell,20,uniform,0.3,27,Porous_Sponge,24.843658447265625,0.3876685995310134,24.692073822021484,1.3079438667704626,0.020268414999918605
unet,fixed_dwell,20,uniform,0.3,28,Powder,25.25556182861328,0.7025649868695402,25.103857040405273,1.3105329737544484,0.01911233899954823
unet,fixed_dwell,20,uniform,0.3,29,Tips,41.71955490112305,0.9766618795539856,41.80303192138672,1.310515597197509,0.020969805999811797
unet,fixed_dwell,20,uniform,0.3,30,Biological,26.988943099975586,0.4016301743531992,26.871253967285156,1.3114365547153026,0.019509300000208896
unet,fixed_dwell,20,uniform,0.3,31,Fibres,34.16876220703125,0.7551383005273583,34.17975616455078,1.3120968638790038,0.019270766999397893
unet,fixed_dwell,20,uniform,0.3,32,Films_Coated_Surface,24.344772338867188,0.47771126914964845,24.380247116088867,1.310202819172598,0.02011369100000593
unet,fixed_dwell,20,uniform,0.3,33,MEMS_devices_and_electrodes,26.185470581054688,0.6581480181595485,25.659635543823242,1.3118883451957295,0.017255044000194175
unet,fixed_dwell,20,uniform,0.3,34,Nanowires,29.852209091186523,0.8131375653252526,29.699613571166992,1.3102549488434165,0.01946352799950546
unet,fixed_dwell,20,uniform,0.3,35,Particles,32.617401123046875,0.8360458799854226,32.55091094970703,1.3101159363879002,0.018641953000042122
unet,fixed_dwell,20,uniform,0.3,36,Patterned_surface,33.11048126220703,0.9021879812387215,32.68574523925781,1.3090385898576515,0.020816567999645486
unet,fixed_dwell,20,uniform,0.3,37,Porous_Sponge,17.90856170654297,0.6143878867805563,17.18667221069336,1.3107588689946619,0.020837278999351838
unet,fixed_dwell,20,uniform,0.3,38,Powder,22.692398071289062,0.43593166926929394,22.375879287719727,1.3091428491992885,0.016639924000628525
unet,fixed_dwell,20,uniform,0.3,39,Tips,36.78928756713867,0.8695386353838903,36.77702331542969,1.3095251334519573,0.020492096999987552
unet,fixed_dwell,20,uniform,0.3,40,Biological,23.881576538085938,0.5260161189663184,23.727611541748047,1.3110021407918149,0.021159513999919
unet,fixed_dwell,20,uniform,0.3,41,Fibres,30.652206420898438,0.7875452023406448,30.592864990234375,1.3107067393238434,0.021783767999295378
unet,fixed_dwell,20,uniform,0.3,42,Films_Coated_Surface,27.093894958496094,0.45701603469574176,27.006088256835938,1.3119578514234875,0.023089305000212335
unet,fixed_dwell,20,uniform,0.3,43,MEMS_devices_and_electrodes,22.711122512817383,0.376931874755057,22.641847610473633,1.3096988990213523,0.023280602999875555
unet,fixed_dwell,20,uniform,0.3,44,Nanowires,24.69938087463379,0.49163490940752586,24.525066375732422,1.3099247942615662,0.027698520999365428
unet,fixed_dwell,20,uniform,0.3,45,Particles,37.79622268676758,0.954478787567794,37.79300308227539,1.30594556272242,0.0290164130001358
unet,fixed_dwell,20,uniform,0.3,46,Patterned_surface,28.814897537231445,0.6549204809503896,28.692344665527344,1.3098379114768683,0.028867373000139196
unet,fixed_dwell,20,uniform,0.3,47,Porous_Sponge,25.20871925354004,0.5635588429420941,24.992443084716797,1.3133305994217084,0.028509013000075356
unet,fixed_dwell,20,uniform,0.3,48,Powder,25.860919952392578,0.5587970467013714,25.722837448120117,1.3078917370996441,0.02942361900022661
unet,fixed_dwell,20,uniform,0.3,49,Tips,19.35858726501465,0.36729137512936044,18.923913955688477,1.3099769239323846,0.027542329000425525
unet,fixed_dwell,20,uniform,0.3,50,Biological,25.000545501708984,0.35738951422156034,24.826309204101562,1.310272325400356,0.02949516799981211
unet,fixed_dwell,20,uniform,0.3,51,Fibres,32.167667388916016,0.7252609424892671,32.14897537231445,1.3100811832740213,0.0278624509992369
unet,fixed_dwell,20,uniform,0.3,52,Films_Coated_Surface,20.034908294677734,0.748829168686128,19.616003036499023,1.310446090969751,0.029720184999860066
unet,fixed_dwell,20,uniform,0.3,53,MEMS_devices_and_electrodes,36.73910140991211,0.9113035495351566,36.59761047363281,1.308152385453737,0.02850454399958835
unet,fixed_dwell,20,uniform,0.3,54,Nanowires,31.48484992980957,0.7588420869691718,31.41610336303711,1.3126007840302492,0.028726103000735748
unet,fixed_dwell,20,uniform,0.3,55,Particles,27.50157356262207,0.42099328383716694,27.411640167236328,1.310897881450178,0.029156425999644853
unet,fixed_dwell,20,uniform,0.3,56,Patterned_surface,25.590227127075195,0.6253382763321699,25.396869659423828,1.3134174822064058,0.027986981000140077
unet,fixed_dwell,20,uniform,0.3,57,Porous_Sponge,22.9862117767334,0.5187181758789143,22.567291259765625,1.3126355371441283,0.02752652799972566
unet,fixed_dwell,20,uniform,0.3,58,Powder,19.8044490814209,0.4423916109563853,19.490955352783203,1.3097684052491103,0.028637178000280983
unet,fixed_dwell,20,uniform,0.3,59,Tips,35.78057861328125,0.8488831996571903,35.780845642089844,1.3097336521352314,0.028607838999960222
unet,fixed_dwell,20,uniform,0.3,60,Biological,28.744184494018555,0.5151816384445931,28.66325569152832,1.3133827290925268,0.030012947000614076
unet,fixed_dwell,20,uniform,0.3,61,Fibres,33.98624038696289,0.8231231343262075,33.970211029052734,1.311071647019573,0.027387752999857184
unet,fixed_dwell,20,uniform,0.3,62,Films_Coated_Surface,21.00345802307129,0.6097561541929284,20.537921905517578,1.3090733429715302,0.02952900100081024
unet,fixed_dwell,20,uniform,0.3,63,MEMS_devices_and_electrodes,24.031593322753906,0.6679887264024957,23.714298248291016,1.3100464301601427,0.029482500000085565
unet,fixed_dwell,20,uniform,0.3,64,Nanowires,40.46846008300781,0.9331310335305495,40.47430419921875,1.3088822008451957,0.02956338199965103
unet,fixed_dwell,20,uniform,0.3,65,Particles,36.14775085449219,0.8934216985535188,36.211360931396484,1.3105677268683276,0.029359871999986353
unet,fixed_dwell,20,uniform,0.3,66,Patterned_surface,21.06601333618164,0.8178151093809886,20.791915893554688,1.311592943727758,0.02982616500048607
unet,fixed_dwell,20,uniform,0.3,67,Porous_Sponge,20.522424697875977,0.6651880107558944,19.884029388427734,1.3109152580071175,0.027695329000380298
unet,fixed_dwell,20,uniform,0.3,68,Powder,23.772525787353516,0.5969393877105054,23.547767639160156,1.3107588689946619,0.02882641300038813
unet,fixed_dwell,20,uniform,0.3,69,Tips,37.13055419921875,0.8813057790676708,37.162925720214844,1.309681522464413,0.028844593000030727
unet,fixed_dwell,20,uniform,0.3,70,Biological,24.797887802124023,0.4301147431680175,24.658727645874023,1.3103418316281141,0.02727363299982244
unet,fixed_dwell,20,uniform,0.3,71,Fibres,31.20962142944336,0.7514237618495627,31.17276954650879,1.3087953180604983,0.027016841999284225
unet,fixed_dwell,20,uniform,0.3,72,Films_Coated_Surface,25.70420265197754,0.7564182063805148,25.33176612854004,1.3129656917259787,0.02835142599997198
unet,fixed_dwell,20,uniform,0.3,73,MEMS_devices_and_electrodes,25.36918830871582,0.7150793198715023,25.016897201538086,1.311836215524911,0.02772761000051105
unet,fixed_dwell,20,uniform,0.3,74,Nanowires,36.44017028808594,0.8451706866786066,36.43389129638672,1.309160225756228,0.028485261000241735
unet,fixed_dwell,20,uniform,0.3,75,Particles,35.95545959472656,0.891345776307673,35.97329330444336,1.3128266792704626,0.02608650599995599
unet,fixed_dwell,20,uniform,0.3,76,Patterned_surface,25.987606048583984,0.7465392862174793,25.69565200805664,1.3130004448398576,0.02836566799942375
unet,fixed_dwell,20,uniform,0.3,77,Porous_Sponge,24.192190170288086,0.5650040086194958,23.899253845214844,1.3098205349199288,0.025774315000489878
unet,fixed_dwell,20,uniform,0.3,78,Powder,25.14214324951172,0.6541319268673609,24.962148666381836,1.3112106594750892,0.02530854500037094
unet,fixed_dwell,20,uniform,0.3,79,Tips,27.832035064697266,0.4601745474938964,27.78428077697754,1.3111064001334523,0.022877953999341116
unet,fixed_dwell,20,uniform,0.3,80,Biological,29.65500259399414,0.5085997584253448,29.58296775817871,1.310897881450178,0.023988079999980982
unet,fixed_dwell,20,uniform,0.3,81,Fibres,31.81446075439453,0.6829743377185133,31.82431411743164,1.3122184997775803,0.027695355999640014
unet,fixed_dwell,20,uniform,0.3,82,Films_Coated_Surface,25.17441749572754,0.7088440290656748,24.86212921142578,1.3109326345640573,0.028694542000266665
unet,fixed_dwell,20,uniform,0.3,83,MEMS_devices_and_electrodes,23.082191467285156,0.5478398588668294,22.860958099365234,1.3072835576067614,0.028356374999930267
unet,fixed_dwell,20,uniform,0.3,84,Nanowires,39.86602783203125,0.9705138298793288,39.90071105957031,1.3122184997775803,0.02716301799955545
unet,fixed_dwell,20,uniform,0.3,85,Particles,26.053565979003906,0.5788016379235477,25.864036560058594,1.3095598865658364,0.029010610000113957
unet,fixed_dwell,20,uniform,0.3,86,Patterned_surface,32.1099739074707,0.8466661101121588,31.761417388916016,1.3086736821619218,0.027321082000526076
unet,fixed_dwell,20,uniform,0.3,87,Porous_Sponge,23.377553939819336,0.5556285960457227,22.957277297973633,1.3125834074733098,0.023603023000760004
unet,fixed_dwell,20,uniform,0.3,88,Powder,28.154003143310547,0.7871982437408153,28.089702606201172,1.3099595473754448,0.022730335999767703
unet,fixed_dwell,20,uniform,0.3,89,Tips,28.013601303100586,0.4311726572507218,27.9415225982666,1.3122011232206408,0.024981002999993507
unet,fixed_dwell,20,uniform,0.3,90,Biological,29.12250518798828,0.4917848234146186,29.07953643798828,1.311488684386121,0.022435831999246147
unet,fixed_dwell,20,uniform,0.3,91,Fibres,33.417274475097656,0.821263557887227,33.440406799316406,1.3106719862099645,0.021625975999995717
unet,fixed_dwell,20,uniform,0.3,92,Films_Coated_Surface,24.437273025512695,0.5402601333149519,24.329620361328125,1.3087084352758007,0.02023528300014732
unet,fixed_dwell,20,uniform,0.3,93,MEMS_devices_and_electrodes,30.784608840942383,0.8313223943084567,30.691139221191406,1.3136781305604983,0.01902874699953827
unet,fixed_dwell,20,uniform,0.3,94,Nanowires,17.911725997924805,0.784249821605077,17.17047882080078,1.310863128336299,0.024203993999435625
unet,fixed_dwell,20,uniform,0.3,95,Particles,29.693822860717773,0.6048898167919624,29.23759651184082,1.3096293927935945,0.023547608000626497
unet,fixed_dwell,20,uniform,0.3,96,Patterned_surface,25.903215408325195,0.5890613480352008,25.597484588623047,1.3100464301601427,0.026280832999873383
unet,fixed_dwell,20,uniform,0.3,97,Porous_Sponge,26.99980926513672,0.7428040735308847,26.923215866088867,1.310446090969751,0.029327388000638166
unet,fixed_dwell,20,uniform,0.3,98,Powder,33.21303939819336,0.8888391275184954,33.183433532714844,1.3118535920818506,0.028455792000386282
unet,fixed_dwell,20,uniform,0.3,99,Tips,31.86443328857422,0.6979938464924528,31.776430130004883,1.3125312778024911,0.028643017999456788
unet,fixed_dwell,20,partial_raster,0.05,0,Biological,23.135234832763672,0.29895400980284464,23.059579849243164,0.05078125,0.02378595200025302
unet,fixed_dwell,20,partial_raster,0.05,1,Fibres,20.618574142456055,0.39312257052472804,20.515308380126953,0.05078125,0.02147471599982964
unet,fixed_dwell,20,partial_raster,0.05,2,Films_Coated_Surface,22.69732666015625,0.3451892104621583,22.60179328918457,0.05078125,0.027415105000727635
unet,fixed_dwell,20,partial_raster,0.05,3,MEMS_devices_and_electrodes,23.744604110717773,0.28186158179036364,23.652576446533203,0.05078125,0.029379010000411654
unet,fixed_dwell,20,partial_raster,0.05,4,Nanowires,15.297561645507812,0.2347962991782894,15.100735664367676,0.05078125,0.028451282999412797
unet,fixed_dwell,20,partial_raster,0.05,5,Particles,16.966249465942383,0.2244574026917198,16.807743072509766,0.05078125,0.02358334099972126
unet,fixed_dwell,20,partial_raster,0.05,6,Patterned_surface,21.324941635131836,0.4092825306798487,21.16750717163086,0.05078125,0.0231342120005138
unet,fixed_dwell,20,partial_raster,0.05,7,Porous_Sponge,20.817317962646484,0.35390045429725225,20.675430297851562,0.05078125,0.02967348599941033
unet,fixed_dwell,20,partial_raster,0.05,8,Powder,16.031864166259766,0.19579109006756684,15.881667137145996,0.05078125,0.02905233000001317
unet,fixed_dwell,20,partial_raster,0.05,9,Tips,32.11572265625,0.9073344334458036,32.05358123779297,0.05078125,0.028620865000448248
unet,fixed_dwell,20,partial_raster,0.05,10,Biological,26.425439834594727,0.39278239881725197,26.37912368774414,0.05078125,0.021402437000688224
unet,fixed_dwell,20,partial_raster,0.05,11,Fibres,24.355812072753906,0.6394146458423866,24.22934341430664,0.05078125,0.025592596999558737
unet,fixed_dwell,20,partial_raster,0.05,12,Films_Coated_Surface,25.181194305419922,0.38822489249195646,25.112030029296875,0.05078125,0.02960955299931811
unet,fixed_dwell,20,partial_raster,0.05,13,MEMS_devices_and_electrodes,24.753170013427734,0.3208208531990053,24.668807983398438,0.05078125,0.02737112100021477
unet,fixed_dwell,20,partial_raster,0.05,14,Nanowires,12.824455261230469,0.1671440078865736,12.65781021118164,0.05078125,0.023180055000011635
unet,fixed_dwell,20,partial_raster,0.05,15,Particles,35.95576858520508,0.9224844969732581,35.93465042114258,0.05078125,0.022600707000492548
unet,fixed_dwell,20,partial_raster,0.05,16,Patterned_surface,19.629497528076172,0.41390237586102885,19.50339126586914,0.05078125,0.02781386799961183
unet,fixed_dwell,20,partial_raster,0.05,17,Porous_Sponge,12.716979026794434,0.21956070969152905,12.52170467376709,0.05078125,0.02944526000010228
unet,fixed_dwell,20,partial_raster,0.05,18,Powder,18.058551788330078,0.3191530337518243,17.913616180419922,0.05078125,0.027320115999827976
unet,fixed_dwell,20,partial_raster,0.05,19,Tips,24.534679412841797,0.7543604953252557,24.46073341369629,0.05078125,0.02393204700001661
unet,fixed_dwell,20,partial_raster,0.05,20,Biological,21.196020126342773,0.5186317744536989,21.04707908630371,0.05078125,0.022935685000447847
unet,fixed_dwell,20,partial_raster,0.05,21,Fibres,19.67215919494629,0.38057992449801126,19.522998809814453,0.05078125,0.029931457999737177
unet,fixed_dwell,20,partial_raster,0.05,22,Films_Coated_Surface,12.349920272827148,0.18792942432770596,12.165303230285645,0.05078125,0.02966904400000203
unet,fixed_dwell,20,partial_raster,0.05,23,MEMS_devices_and_electrodes,24.592491149902344,0.3650345075413033,24.517513275146484,0.05078125,0.02841154900033871
unet,fixed_dwell,20,partial_raster,0.05,24,Nanowires,13.208207130432129,0.09766386377011996,13.050408363342285,0.05078125,0.024254873000245425
unet,fixed_dwell,20,partial_raster,0.05,25,Particles,30.53356170654297,0.6436780200141035,30.443208694458008,0.05078125,0.02297877300043183
unet,fixed_dwell,20,partial_raster,0.05,26,Patterned_surface,17.967525482177734,0.25251696860807404,17.832963943481445,0.05078125,0.02872429099988949
unet,fixed_dwell,20,partial_raster,0.05,27,Porous_Sponge,21.99460792541504,0.3204476444087736,21.896045684814453,0.05078125,0.029408880999653775
unet,fixed_dwell,20,partial_raster,0.05,28,Powder,19.90023422241211,0.41185557890391383,19.752422332763672,0.05078125,0.029790263999529998
unet,fixed_dwell,20,partial_raster,0.05,29,Tips,35.687767028808594,0.9681750623671136,35.577999114990234,0.05078125,0.02324154600046313
unet,fixed_dwell,20,partial_raster,0.05,30,Biological,26.18377685546875,0.35426638738721217,26.156633377075195,0.05078125,0.02352512499965087
unet,fixed_dwell,20,partial_raster,0.05,31,Fibres,32.88474655151367,0.7489247396266483,32.88169860839844,0.05078125,0.029102826999405806
unet,fixed_dwell,20,partial_raster,0.05,32,Films_Coated_Surface,22.652969360351562,0.3082534553662736,22.564285278320312,0.05078125,0.029839201999493525
unet,fixed_dwell,20,partial_raster,0.05,33,MEMS_devices_and_electrodes,20.684371948242188,0.5856165654083659,20.505964279174805,0.05078125,0.027385587000026135
unet,fixed_dwell,20,partial_raster,0.05,34,Nanowires,24.12820816040039,0.5586758842158533,23.994632720947266,0.05078125,0.02375253700029134
unet,fixed_dwell,20,partial_raster,0.05,35,Particles,30.16107749938965,0.8231218607688074,30.110061645507812,0.05078125,0.021400319000349555
unet,fixed_dwell,20,partial_raster,0.05,36,Patterned_surface,24.79159164428711,0.7766463299002286,24.60597801208496,0.05078125,0.030010053999831143
unet,fixed_dwell,20,partial_raster,0.05,37,Porous_Sponge,14.406441688537598,0.2970801383237254,14.24724006652832,0.05078125,0.02913303100012854
unet,fixed_dwell,20,partial_raster,0.05,38,Powder,19.494516372680664,0.25679641108865187,19.35869598388672,0.05078125,0.028010078000079375
unet,fixed_dwell,20,partial_raster,0.05,39,Tips,33.71458053588867,0.8617199714120226,33.6612663269043,0.05078125,0.02382574700004625
unet,fixed_dwell,20,partial_raster,0.05,40,Biological,20.358081817626953,0.3144970082214172,20.235916137695312,0.05078125,0.022881116999997175
unet,fixed_dwell,20,partial_raster,0.05,41,Fibres,26.953369140625,0.7403749702881345,26.9141788482666,0.05078125,0.028942891000042437
unet,fixed_dwell,20,partial_raster,0.05,42,Films_Coated_Surface,25.418380737304688,0.39114752395169605,25.361873626708984,0.05078125,0.029300817000148527
unet,fixed_dwell,20,partial_raster,0.05,43,MEMS_devices_and_electrodes,19.451444625854492,0.22600713155980864,19.365537643432617,0.05078125,0.029488107999895874
unet,fixed_dwell,20,partial_raster,0.05,44,Nanowires,20.83597183227539,0.34979604658975216,20.711063385009766,0.05078125,0.024513029999980063
unet,fixed_dwell,20,partial_raster,0.05,45,Particles,23.945758819580078,0.9345369933399043,23.73446273803711,0.05078125,0.020048958000188577
unet,fixed_dwell,20,partial_raster,0.05,46,Patterned_surface,26.20464324951172,0.5603387429262779,26.083824157714844,0.05078125,0.027946139000050607
unet,fixed_dwell,20,partial_raster,0.05,47,Porous_Sponge,20.745281219482422,0.3720287156009708,20.600322723388672,0.05078125,0.029246402000353555
unet,fixed_dwell,20,partial_raster,0.05,48,Powder,22.398353576660156,0.41007634152308603,22.294950485229492,0.05078125,0.029690770000343036
unet,fixed_dwell,20,partial_raster,0.05,49,Tips,17.663711547851562,0.14531034929133058,17.565414428710938,0.05078125,0.023752633000185597
unet,fixed_dwell,20,partial_raster,0.05,50,Biological,23.96651840209961,0.2710656561951051,23.915332794189453,0.05078125,0.023022100000162027
unet,fixed_dwell,20,partial_raster,0.05,51,Fibres,29.7337646484375,0.6912816916204418,29.71592903137207,0.05078125,0.027886614000635745
unet,fixed_dwell,20,partial_raster,0.05,52,Films_Coated_Surface,14.373088836669922,0.24986564529965433,14.196170806884766,0.05078125,0.026834720999431738
unet,fixed_dwell,20,partial_raster,0.05,53,MEMS_devices_and_electrodes,27.514873504638672,0.8559254570565866,27.325332641601562,0.05078125,0.027901469999960682
unet,fixed_dwell,20,partial_raster,0.05,54,Nanowires,28.94428253173828,0.7267416514927405,28.915815353393555,0.05078125,0.019056182999520388
unet,fixed_dwell,20,partial_raster,0.05,55,Particles,26.385042190551758,0.3960606232134823,26.3349609375,0.05078125,0.028383001000293007
unet,fixed_dwell,20,partial_raster,0.05,56,Patterned_surface,18.854869842529297,0.4396790127180955,18.704689025878906,0.05078125,0.029247532000226784
unet,fixed_dwell,20,partial_raster,0.05,57,Porous_Sponge,19.571369171142578,0.3664302895580519,19.441364288330078,0.05078125,0.02983486900029675
unet,fixed_dwell,20,partial_raster,0.05,58,Powder,18.89933204650879,0.1589035924248042,18.844850540161133,0.05078125,0.02795174000038969
unet,fixed_dwell,20,partial_raster,0.05,59,Tips,33.40647888183594,0.8412948716334958,33.401206970214844,0.05078125,0.017552958999658586
unet,fixed_dwell,20,partial_raster,0.05,60,Biological,26.89423370361328,0.48049361611096025,26.829023361206055,0.05078125,0.028474157999880845
unet,fixed_dwell,20,partial_raster,0.05,61,Fibres,31.796207427978516,0.7955192423297833,31.76460075378418,0.05078125,0.029025007999734953
unet,fixed_dwell,20,partial_raster,0.05,62,Films_Coated_Surface,15.695850372314453,0.25257442192922663,15.539999008178711,0.05078125,0.027879369999936898
unet,fixed_dwell,20,partial_raster,0.05,63,MEMS_devices_and_electrodes,19.602558135986328,0.47130629642474514,19.4659366607666,0.05078125,0.024121232000652526
unet,fixed_dwell,20,partial_raster,0.05,64,Nanowires,38.3628044128418,0.9299430721291813,38.35558319091797,0.05078125,0.02163192500029254
unet,fixed_dwell,20,partial_raster,0.05,65,Particles,34.00605773925781,0.8936022214604136,33.96758270263672,0.05078125,0.02762409199931426
unet,fixed_dwell,20,partial_raster,0.05,66,Patterned_surface,17.516080856323242,0.5485780184260113,17.373424530029297,0.05078125,0.029035945999567048
unet,fixed_dwell,20,partial_raster,0.05,67,Porous_Sponge,15.330217361450195,0.31615507205376436,15.1484375,0.05078125,0.027679618000547634
unet,fixed_dwell,20,partial_raster,0.05,68,Powder,18.98703384399414,0.40933467433856985,18.839271545410156,0.05078125,0.02421437200064247
unet,fixed_dwell,20,partial_raster,0.05,69,Tips,34.116939544677734,0.8741203761211541,34.0837516784668,0.05078125,0.022830167999927653
unet,fixed_dwell,20,partial_raster,0.05,70,Biological,23.544452667236328,0.2907332341956507,23.488006591796875,0.05078125,0.029886683999393426
unet,fixed_dwell,20,partial_raster,0.05,71,Fibres,28.41108512878418,0.6911782481860016,28.39386749267578,0.05078125,0.02872782099984761
unet,fixed_dwell,20,partial_raster,0.05,72,Films_Coated_Surface,16.047317504882812,0.5314391626245197,15.849613189697266,0.05078125,0.025237504999495286
unet,fixed_dwell,20,partial_raster,0.05,73,MEMS_devices_and_electrodes,22.734790802001953,0.6256338426763172,22.620391845703125,0.05078125,0.020067807000486937
unet,fixed_dwell,20,partial_raster,0.05,74,Nanowires,34.98484802246094,0.8378940282938061,34.9726448059082,0.05078125,0.029293613999470836
unet,fixed_dwell,20,partial_raster,0.05,75,Particles,32.135169982910156,0.8814596454947137,32.12468719482422,0.05078125,0.029009413000494533
unet,fixed_dwell,20,partial_raster,0.05,76,Patterned_surface,17.826345443725586,0.613455121003717,17.6527099609375,0.05078125,0.028631017000407155
unet,fixed_dwell,20,partial_raster,0.05,77,Porous_Sponge,17.678863525390625,0.35713550822389234,17.502668380737305,0.05078125,0.026644452000255114
unet,fixed_dwell,20,partial_raster,0.05,78,Powder,19.644981384277344,0.4084164407931314,19.49811363220215,0.05078125,0.018985563000569528
unet,fixed_dwell,20,partial_raster,0.05,79,Tips,26.900623321533203,0.44420762968422917,26.881404876708984,0.05078125,0.029818400000294787
unet,fixed_dwell,20,partial_raster,0.05,80,Biological,29.032081604003906,0.491835995098209,29.022838592529297,0.05078125,0.029946108999865828
unet,fixed_dwell,20,partial_raster,0.05,81,Fibres,30.86824607849121,0.6655288270707098,30.876262664794922,0.05078125,0.029417705000014394
unet,fixed_dwell,20,partial_raster,0.05,82,Films_Coated_Surface,18.28727912902832,0.5039619886054981,18.12203025817871,0.05078125,0.021389047000411665
unet,fixed_dwell,20,partial_raster,0.05,83,MEMS_devices_and_electrodes,17.958473205566406,0.3359356793734492,17.798614501953125,0.05078125,0.025620634000006248
unet,fixed_dwell,20,partial_raster,0.05,84,Nanowires,34.44410705566406,0.9616930127299935,34.3336067199707,0.05078125,0.028914219999933266
unet,fixed_dwell,20,partial_raster,0.05,85,Particles,19.665571212768555,0.40241876641674695,19.5007266998291,0.05078125,0.028597534999789787
unet,fixed_dwell,20,partial_raster,0.05,86,Patterned_surface,22.7440185546875,0.8076454912179064,22.53921890258789,0.05078125,0.028208511999764596
unet,fixed_dwell,20,partial_raster,0.05,87,Porous_Sponge,19.415281295776367,0.4059609387086989,19.26609992980957,0.05078125,0.01753240200014261
unet,fixed_dwell,20,partial_raster,0.05,88,Powder,22.116165161132812,0.6210796887109231,21.98096466064453,0.05078125,0.029144047999579925
unet,fixed_dwell,20,partial_raster,0.05,89,Tips,27.310487747192383,0.41988065371373984,27.289161682128906,0.05078125,0.02863064299981488
unet,fixed_dwell,20,partial_raster,0.05,90,Biological,28.196735382080078,0.467383542398358,28.154850006103516,0.05078125,0.029741839000053005
unet,fixed_dwell,20,partial_raster,0.05,91,Fibres,29.777996063232422,0.8013448151369432,29.75102996826172,0.05078125,0.019478371999866795
unet,fixed_dwell,20,partial_raster,0.05,92,Films_Coated_Surface,20.835416793823242,0.3334359311787913,20.71366310119629,0.05078125,0.025687171999379643
unet,fixed_dwell,20,partial_raster,0.05,93,MEMS_devices_and_electrodes,24.161014556884766,0.7371942375501356,24.008487701416016,0.05078125,0.027819287000056647
unet,fixed_dwell,20,partial_raster,0.05,94,Nanowires,11.110795974731445,0.24908860225388038,10.91220474243164,0.05078125,0.028457829999751993
unet,fixed_dwell,20,partial_raster,0.05,95,Particles,25.859752655029297,0.5658803488521787,25.70684814453125,0.05078125,0.029041650000181107
unet,fixed_dwell,20,partial_raster,0.05,96,Patterned_surface,22.076431274414062,0.4035865326442789,21.944072723388672,0.05078125,0.02423136200013687
unet,fixed_dwell,20,partial_raster,0.05,97,Porous_Sponge,22.126514434814453,0.43702876547026215,22.000507354736328,0.05078125,0.01753396200001589
unet,fixed_dwell,20,partial_raster,0.05,98,Powder,27.816497802734375,0.8210451920854585,27.72771453857422,0.05078125,0.02904236700032925
unet,fixed_dwell,20,partial_raster,0.05,99,Tips,29.7866153717041,0.6828360862121534,29.72704315185547,0.05078125,0.029878948000259697
unet,fixed_dwell,20,partial_raster,0.1,0,Biological,23.755733489990234,0.35141111627395705,23.66427993774414,0.099609375,0.02934631499920215
unet,fixed_dwell,20,partial_raster,0.1,1,Fibres,22.317474365234375,0.5241538354719738,22.175365447998047,0.099609375,0.02826439599994046
unet,fixed_dwell,20,partial_raster,0.1,2,Films_Coated_Surface,23.942134857177734,0.39759783830553136,23.836166381835938,0.099609375,0.023069679999935033
unet,fixed_dwell,20,partial_raster,0.1,3,MEMS_devices_and_electrodes,24.593603134155273,0.3081549588593456,24.453418731689453,0.099609375,0.0217607839995253
unet,fixed_dwell,20,partial_raster,0.1,4,Nanowires,16.55078125,0.41327584979914544,16.1719970703125,0.099609375,0.028819914000450808
unet,fixed_dwell,20,partial_raster,0.1,5,Particles,17.315170288085938,0.27868809606345574,17.005474090576172,0.099609375,0.028368147000037425
unet,fixed_dwell,20,partial_raster,0.1,6,Patterned_surface,22.893678665161133,0.45320834280237826,22.63207244873047,0.099609375,0.029764240999611502
unet,fixed_dwell,20,partial_raster,0.1,7,Porous_Sponge,22.355514526367188,0.4203259392273183,22.132089614868164,0.099609375,0.0288998600008199
unet,fixed_dwell,20,partial_raster,0.1,8,Powder,17.882352828979492,0.2922653893905883,17.6424503326416,0.099609375,0.023554006999802368
unet,fixed_dwell,20,partial_raster,0.1,9,Tips,32.32269287109375,0.9099766490046417,32.22101974487305,0.099609375,0.022075800000493473
unet,fixed_dwell,20,partial_raster,0.1,10,Biological,27.019588470458984,0.4143040152043229,26.9617919921875,0.099609375,0.028384574000483553
unet,fixed_dwell,20,partial_raster,0.1,11,Fibres,26.414663314819336,0.6851540253168327,26.22514533996582,0.099609375,0.027770708000389277
unet,fixed_dwell,20,partial_raster,0.1,12,Films_Coated_Surface,25.740604400634766,0.41886733829468303,25.610671997070312,0.099609375,0.027889706000678416
unet,fixed_dwell,20,partial_raster,0.1,13,MEMS_devices_and_electrodes,25.05657386779785,0.3480963534155398,24.888019561767578,0.099609375,0.02894818899949314
unet,fixed_dwell,20,partial_raster,0.1,14,Nanowires,13.437868118286133,0.30340651305252525,13.087120056152344,0.099609375,0.023525387000518094
unet,fixed_dwell,20,partial_raster,0.1,15,Particles,37.35725784301758,0.9238321313601312,37.3545036315918,0.099609375,0.02040585699978692
unet,fixed_dwell,20,partial_raster,0.1,16,Patterned_surface,20.636415481567383,0.5442252539476222,20.414335250854492,0.099609375,0.027500269000483968
unet,fixed_dwell,20,partial_raster,0.1,17,Porous_Sponge,14.347415924072266,0.34479783308772116,13.97675609588623,0.099609375,0.029637683000146353
unet,fixed_dwell,20,partial_raster,0.1,18,Powder,19.401639938354492,0.41629199315118964,19.162864685058594,0.099609375,0.028538522999951965
unet,fixed_dwell,20,partial_raster,0.1,19,Tips,25.405168533325195,0.7810777912731122,25.261730194091797,0.099609375,0.021557942000072217
unet,fixed_dwell,20,partial_raster,0.1,20,Biological,24.134328842163086,0.5796795011510938,23.968395233154297,0.099609375,0.02278060699973139
unet,fixed_dwell,20,partial_raster,0.1,21,Fibres,21.29245948791504,0.5273589206009507,21.038358688354492,0.099609375,0.02995222199933778
unet,fixed_dwell,20,partial_raster,0.1,22,Films_Coated_Surface,13.002813339233398,0.3026461564188105,12.645119667053223,0.099609375,0.0299273450000328
unet,fixed_dwell,20,partial_raster,0.1,23,MEMS_devices_and_electrodes,25.625751495361328,0.39783613965912246,25.5032901763916,0.099609375,0.02901704400028393
unet,fixed_dwell,20,partial_raster,0.1,24,Nanowires,13.283140182495117,0.17194582687077078,12.980506896972656,0.099609375,0.02371302099982131
unet,fixed_dwell,20,partial_raster,0.1,25,Particles,31.995162963867188,0.6458572952033172,31.93277359008789,0.099609375,0.022854421000374714
unet,fixed_dwell,20,partial_raster,0.1,26,Patterned_surface,18.501222610473633,0.2975924749308672,18.23143196105957,0.099609375,0.02860501800023485
unet,fixed_dwell,20,partial_raster,0.1,27,Porous_Sponge,23.545467376708984,0.3434554269408626,23.433935165405273,0.099609375,0.027932988999964437
unet,fixed_dwell,20,partial_raster,0.1,28,Powder,21.71759605407715,0.508504589120226,21.489070892333984,0.099609375,0.02757615900009114
unet,fixed_dwell,20,partial_raster,0.1,29,Tips,37.71963882446289,0.9744932564160184,37.57399368286133,0.099609375,0.02793812199979584
unet,fixed_dwell,20,partial_raster,0.1,30,Biological,26.486034393310547,0.3636899301717496,26.44059944152832,0.099609375,0.01962529299999005
unet,fixed_dwell,20,partial_raster,0.1,31,Fibres,33.648563385009766,0.7526845133704149,33.63896179199219,0.099609375,0.025365493000208517
unet,fixed_dwell,20,partial_raster,0.1,32,Films_Coated_Surface,23.13827133178711,0.3481938748981688,23.002811431884766,0.099609375,0.03099352400022326
unet,fixed_dwell,20,partial_raster,0.1,33,MEMS_devices_and_electrodes,22.964683532714844,0.6140621519410349,22.66793441772461,0.099609375,0.029114441000274383
unet,fixed_dwell,20,partial_raster,0.1,34,Nanowires,26.133758544921875,0.6732849008985549,25.919845581054688,0.099609375,0.029301476999535225
unet,fixed_dwell,20,partial_raster,0.1,35,Particles,29.36662483215332,0.8214954551464371,29.175411224365234,0.099609375,0.02826276899941149
unet,fixed_dwell,20,partial_raster,0.1,36,Patterned_surface,26.88086700439453,0.839655867810409,26.504735946655273,0.099609375,0.026445847999639227
unet,fixed_dwell,20,partial_raster,0.1,37,Porous_Sponge,15.716121673583984,0.40023536266208976,15.433921813964844,0.099609375,0.019966218000263325
unet,fixed_dwell,20,partial_raster,0.1,38,Powder,20.770061492919922,0.31922876221118285,20.553970336914062,0.099609375,0.02725351800017961
unet,fixed_dwell,20,partial_raster,0.1,39,Tips,35.28988265991211,0.8671805176016008,35.271644592285156,0.099609375,0.02787063399955514
unet,fixed_dwell,20,partial_raster,0.1,40,Biological,21.690860748291016,0.38706471294300737,21.516172409057617,0.099609375,0.028544441999656556
unet,fixed_dwell,20,partial_raster,0.1,41,Fibres,28.825267791748047,0.7649552042369763,28.78491973876953,0.099609375,0.022285510000074282
unet,fixed_dwell,20,partial_raster,0.1,42,Films_Coated_Surface,26.1424617767334,0.40880903355148746,26.063234329223633,0.099609375,0.02117353500034369
unet,fixed_dwell,20,partial_raster,0.1,43,MEMS_devices_and_electrodes,20.899532318115234,0.26401661381326624,20.74344253540039,0.099609375,0.02841707000061433
unet,fixed_dwell,20,partial_raster,0.1,44,Nanowires,22.632728576660156,0.3865803863804486,22.48831558227539,0.099609375,0.027754774999266374
unet,fixed_dwell,20,partial_raster,0.1,45,Particles,31.121929168701172,0.9453714218048778,30.80331802368164,0.099609375,0.02949185800025589
unet,fixed_dwell,20,partial_raster,0.1,46,Patterned_surface,26.86876106262207,0.5736800204486104,26.66115951538086,0.099609375,0.029037964000053762
unet,fixed_dwell,20,partial_raster,0.1,47,Porous_Sponge,22.40980339050293,0.43686872696144474,22.191312789916992,0.099609375,0.021476742000231752
unet,fixed_dwell,20,partial_raster,0.1,48,Powder,23.868867874145508,0.45607081829854146,23.72776222229004,0.099609375,0.021652958000231592
unet,fixed_dwell,20,partial_raster,0.1,49,Tips,18.419544219970703,0.20403444537026788,18.256736755371094,0.099609375,0.026926765000098385
unet,fixed_dwell,20,partial_raster,0.1,50,Biological,24.31422996520996,0.2880939568689565,24.224775314331055,0.099609375,0.02934074899985717
unet,fixed_dwell,20,partial_raster,0.1,51,Fibres,30.748828887939453,0.7063475671942346,30.734289169311523,0.099609375,0.029496369000298728
unet,fixed_dwell,20,partial_raster,0.1,52,Films_Coated_Surface,15.459338188171387,0.3979347448495766,15.123043060302734,0.099609375,0.029080846000397287
unet,fixed_dwell,20,partial_raster,0.1,53,MEMS_devices_and_electrodes,31.250988006591797,0.882791502457815,30.945499420166016,0.099609375,0.01906532200064248
unet,fixed_dwell,20,partial_raster,0.1,54,Nanowires,30.295848846435547,0.7430949862419992,30.260141372680664,0.099609375,0.025359436000144342
unet,fixed_dwell,20,partial_raster,0.1,55,Particles,26.785690307617188,0.40229502330773914,26.700735092163086,0.099609375,0.028777802000149677
unet,fixed_dwell,20,partial_raster,0.1,56,Patterned_surface,21.349323272705078,0.5473191640810006,21.08839988708496,0.099609375,0.028880673999992723
unet,fixed_dwell,20,partial_raster,0.1,57,Porous_Sponge,20.734708786010742,0.41639523401935175,20.48992156982422,0.099609375,0.029369668000072124
unet,fixed_dwell,20,partial_raster,0.1,58,Powder,19.061843872070312,0.21307757393464358,18.914562225341797,0.099609375,0.02566736300013872
unet,fixed_dwell,20,partial_raster,0.1,59,Tips,34.76020431518555,0.8461536999269513,34.762882232666016,0.099609375,0.02015648999986297
unet,fixed_dwell,20,partial_raster,0.1,60,Biological,27.881649017333984,0.49370832361890377,27.807405471801758,0.099609375,0.027129869000418694
unet,fixed_dwell,20,partial_raster,0.1,61,Fibres,32.44755935668945,0.8016052182856586,32.408531188964844,0.099609375,0.028092990000004647
unet,fixed_dwell,20,partial_raster,0.1,62,Films_Coated_Surface,16.487335205078125,0.3554040017418036,16.173690795898438,0.099609375,0.029098375999637938
unet,fixed_dwell,20,partial_raster,0.1,63,MEMS_devices_and_electrodes,20.98395347595215,0.5357849774514081,20.731460571289062,0.099609375,0.029302221000762074
unet,fixed_dwell,20,partial_raster,0.1,64,Nanowires,39.485870361328125,0.9319123105638227,39.46550369262695,0.099609375,0.02348120100032247
unet,fixed_dwell,20,partial_raster,0.1,65,Particles,35.215919494628906,0.8947281469819759,35.193180084228516,0.099609375,0.021282671999870217
unet,fixed_dwell,20,partial_raster,0.1,66,Patterned_surface,18.324542999267578,0.6609700864705339,18.128276824951172,0.099609375,0.027811536000626802
unet,fixed_dwell,20,partial_raster,0.1,67,Porous_Sponge,16.998279571533203,0.44078215850244223,16.66961097717285,0.099609375,0.028882048999548715
unet,fixed_dwell,20,partial_raster,0.1,68,Powder,21.521940231323242,0.48690563566309103,21.314590454101562,0.099609375,0.02901678499983973
unet,fixed_dwell,20,partial_raster,0.1,69,Tips,35.23124313354492,0.8784711981958835,35.16844177246094,0.099609375,0.029924292000032437
unet,fixed_dwell,20,partial_raster,0.1,70,Biological,23.889938354492188,0.3065987047144806,23.780853271484375,0.099609375,0.026206933000139543
unet,fixed_dwell,20,partial_raster,0.1,71,Fibres,29.207143783569336,0.6999946225767382,29.179161071777344,0.099609375,0.019321184000546054
unet,fixed_dwell,20,partial_raster,0.1,72,Films_Coated_Surface,19.350351333618164,0.6404217406551574,19.005817413330078,0.099609375,0.026939974000015354
unet,fixed_dwell,20,partial_raster,0.1,73,MEMS_devices_and_electrodes,23.441484451293945,0.6498027221291307,23.243728637695312,0.099609375,0.027841574000376568
unet,fixed_dwell,20,partial_raster,0.1,74,Nanowires,35.81618881225586,0.842095537851897,35.8094367980957,0.099609375,0.030170230000294396
unet,fixed_dwell,20,partial_raster,0.1,75,Particles,33.96244812011719,0.8884809896835076,33.94683074951172,0.099609375,0.02754625799934729
unet,fixed_dwell,20,partial_raster,0.1,76,Patterned_surface,20.311397552490234,0.6768923792062297,19.98993682861328,0.099609375,0.0251888440006951
unet,fixed_dwell,20,partial_raster,0.1,77,Porous_Sponge,20.14889144897461,0.44620621040105046,19.855688095092773,0.099609375,0.0197715349995633
unet,fixed_dwell,20,partial_raster,0.1,78,Powder,21.79603385925293,0.5053001118773074,21.573280334472656,0.099609375,0.027004857000065385
unet,fixed_dwell,20,partial_raster,0.1,79,Tips,27.40860939025879,0.4523334539179698,27.384212493896484,0.099609375,0.027909729000384687
unet,fixed_dwell,20,partial_raster,0.1,80,Biological,29.384517669677734,0.4982865227873026,29.358999252319336,0.099609375,0.027988890999949945
unet,fixed_dwell,20,partial_raster,0.1,81,Fibres,31.081464767456055,0.6688039344932994,31.062026977539062,0.099609375,0.028725885999847378
unet,fixed_dwell,20,partial_raster,0.1,82,Films_Coated_Surface,20.091350555419922,0.5763279045478616,19.79473876953125,0.099609375,0.02382095200027834
unet,fixed_dwell,20,partial_raster,0.1,83,MEMS_devices_and_electrodes,20.79197883605957,0.4379060670632174,20.589046478271484,0.099609375,0.02134018200013088
unet,fixed_dwell,20,partial_raster,0.1,84,Nanowires,37.297794342041016,0.9675804674968047,37.220947265625,0.099609375,0.029592355999739084
unet,fixed_dwell,20,partial_raster,0.1,85,Particles,21.523578643798828,0.47223208808301864,21.244426727294922,0.099609375,0.02870405799967557
unet,fixed_dwell,20,partial_raster,0.1,86,Patterned_surface,27.099637985229492,0.827846000281389,26.753244400024414,0.099609375,0.030046221999327827
unet,fixed_dwell,20,partial_raster,0.1,87,Porous_Sponge,20.63775634765625,0.4505172040673058,20.365324020385742,0.099609375,0.029061514000204625
unet,fixed_dwell,20,partial_raster,0.1,88,Powder,24.768104553222656,0.6980673770876537,24.60124969482422,0.099609375,0.02579505599987897
unet,fixed_dwell,20,partial_raster,0.1,89,Tips,27.611305236816406,0.4216145868899462,27.58526611328125,0.099609375,0.019521555000210356
unet,fixed_dwell,20,partial_raster,0.1,90,Biological,28.62891960144043,0.4704718480446515,28.581375122070312,0.099609375,0.0287740700005088
unet,fixed_dwell,20,partial_raster,0.1,91,Fibres,31.656986236572266,0.8123269407045793,31.634885787963867,0.099609375,0.028517511999780254
unet,fixed_dwell,20,partial_raster,0.1,92,Films_Coated_Surface,22.384754180908203,0.3992784471117647,22.21530532836914,0.099609375,0.029920418999608955
unet,fixed_dwell,20,partial_raster,0.1,93,MEMS_devices_and_electrodes,26.875469207763672,0.7806005000646381,26.652984619140625,0.099609375,0.029550336999818683
unet,fixed_dwell,20,partial_raster,0.1,94,Nanowires,12.16706657409668,0.4032763811952759,11.776412963867188,0.099609375,0.028041790000315814
unet,fixed_dwell,20,partial_raster,0.1,95,Particles,26.220577239990234,0.571368809095308,25.907325744628906,0.099609375,0.018460963000507036
unet,fixed_dwell,20,partial_raster,0.1,96,Patterned_surface,23.394989013671875,0.45971174028339096,23.174360275268555,0.099609375,0.02870851900024718
unet,fixed_dwell,20,partial_raster,0.1,97,Porous_Sponge,23.563133239746094,0.5347645185883013,23.396055221557617,0.099609375,0.028682885999842256
unet,fixed_dwell,20,partial_raster,0.1,98,Powder,29.971160888671875,0.8540452282073557,29.867061614990234,0.099609375,0.02929269500054943
unet,fixed_dwell,20,partial_raster,0.1,99,Tips,30.64569091796875,0.6878972983011612,30.553775787353516,0.099609375,0.028806900000745372
unet,fixed_dwell,20,partial_raster,0.15,0,Biological,24.259052276611328,0.3797886988404573,24.135663986206055,0.150390625,0.025587532000827196
unet,fixed_dwell,20,partial_raster,0.15,1,Fibres,23.21773910522461,0.5929022642648673,23.030120849609375,0.150390625,0.017803488000026846
unet,fixed_dwell,20,partial_raster,0.15,2,Films_Coated_Surface,24.719470977783203,0.43346494903666194,24.601106643676758,0.150390625,0.027370238999537833
unet,fixed_dwell,20,partial_raster,0.15,3,MEMS_devices_and_electrodes,24.796432495117188,0.34686113003138036,24.632583618164062,0.150390625,0.029904145000728022
unet,fixed_dwell,20,partial_raster,0.15,4,Nanowires,17.77461814880371,0.5376788007136698,17.224637985229492,0.150390625,0.028813932000048226
unet,fixed_dwell,20,partial_raster,0.15,5,Particles,17.696823120117188,0.32765268183963764,17.232622146606445,0.150390625,0.029434000000037486
unet,fixed_dwell,20,partial_raster,0.15,6,Patterned_surface,24.406831741333008,0.49914750089579724,24.113672256469727,0.150390625,0.025122058000306424
unet,fixed_dwell,20,partial_raster,0.15,7,Porous_Sponge,23.387313842773438,0.4732392543122518,23.132038116455078,0.150390625,0.019066372999986925
unet,fixed_dwell,20,partial_raster,0.15,8,Powder,18.60324478149414,0.3525624434386541,18.273508071899414,0.150390625,0.027709416000107012
unet,fixed_dwell,20,partial_raster,0.15,9,Tips,32.90308380126953,0.9126292711886356,32.761131286621094,0.150390625,0.029092426000715932
unet,fixed_dwell,20,partial_raster,0.15,10,Biological,27.19684600830078,0.41799528242922795,27.11290740966797,0.150390625,0.02884500999971351
unet,fixed_dwell,20,partial_raster,0.15,11,Fibres,27.626075744628906,0.7091267746997578,27.397682189941406,0.150390625,0.0287382799997431
unet,fixed_dwell,20,partial_raster,0.15,12,Films_Coated_Surface,26.20709228515625,0.44765747329213634,26.06073570251465,0.150390625,0.02578611699937028
unet,fixed_dwell,20,partial_raster,0.15,13,MEMS_devices_and_electrodes,25.457176208496094,0.3769989028586344,25.278854370117188,0.150390625,0.019830111999908695
unet,fixed_dwell,20,partial_raster,0.15,14,Nanowires,14.001348495483398,0.4234099001487708,13.466194152832031,0.150390625,0.02623685500020656
unet,fixed_dwell,20,partial_raster,0.15,15,Particles,37.72129440307617,0.9240111161356308,37.72228240966797,0.150390625,0.02764799899978243
unet,fixed_dwell,20,partial_raster,0.15,16,Patterned_surface,21.536657333374023,0.6334495938599981,21.220924377441406,0.150390625,0.02961711500029196
unet,fixed_dwell,20,partial_raster,0.15,17,Porous_Sponge,15.817180633544922,0.45038915016866155,15.28591537475586,0.150390625,0.02947861200027546
unet,fixed_dwell,20,partial_raster,0.15,18,Powder,20.619823455810547,0.49532392897762323,20.333166122436523,0.150390625,0.02959298099995067
unet,fixed_dwell,20,partial_raster,0.15,19,Tips,26.224353790283203,0.802938889433212,26.079086303710938,0.150390625,0.023401213000397547
unet,fixed_dwell,20,partial_raster,0.15,20,Biological,25.24251937866211,0.6008000384253775,25.060237884521484,0.150390625,0.01898942200023157
unet,fixed_dwell,20,partial_raster,0.15,21,Fibres,23.206462860107422,0.6470713149798836,22.90238380432129,0.150390625,0.027166381999450095
unet,fixed_dwell,20,partial_raster,0.15,22,Films_Coated_Surface,13.782862663269043,0.41500929934303904,13.236865043640137,0.150390625,0.028416829999514448
unet,fixed_dwell,20,partial_raster,0.15,23,MEMS_devices_and_electrodes,25.919273376464844,0.3934971236660017,25.78071403503418,0.150390625,0.0290193860000727
unet,fixed_dwell,20,partial_raster,0.15,24,Nanowires,13.501903533935547,0.2385353461993484,13.009538650512695,0.150390625,0.027860850000251958
unet,fixed_dwell,20,partial_raster,0.15,25,Particles,32.53078079223633,0.6502629222323044,32.476409912109375,0.150390625,0.02916709599958267
unet,fixed_dwell,20,partial_raster,0.15,26,Patterned_surface,19.017967224121094,0.34546073104741853,18.623615264892578,0.150390625,0.025783242999750655
unet,fixed_dwell,20,partial_raster,0.15,27,Porous_Sponge,24.224925994873047,0.35630849784860336,24.105892181396484,0.150390625,0.020086399000319943
unet,fixed_dwell,20,partial_raster,0.15,28,Powder,23.08184051513672,0.588676538897081,22.82628631591797,0.150390625,0.02272722399993654
unet,fixed_dwell,20,partial_raster,0.15,29,Tips,40.092437744140625,0.9761162201582971,40.081443786621094,0.150390625,0.027513555999576056
unet,fixed_dwell,20,partial_raster,0.15,30,Biological,26.654495239257812,0.3708169105597872,26.598907470703125,0.150390625,0.02757329900032346
unet,fixed_dwell,20,partial_raster,0.15,31,Fibres,33.8962287902832,0.7541370615294446,33.900413513183594,0.150390625,0.029020603999924788
unet,fixed_dwell,20,partial_raster,0.15,32,Films_Coated_Surface,23.61779022216797,0.38641916903130874,23.417150497436523,0.150390625,0.029992108999977063
unet,fixed_dwell,20,partial_raster,0.15,33,MEMS_devices_and_electrodes,23.74819564819336,0.6282362818306813,23.317201614379883,0.150390625,0.028150099999947997
unet,fixed_dwell,20,partial_raster,0.15,34,Nanowires,27.594268798828125,0.7326766040071931,27.3592472076416,0.150390625,0.017125828000644105
unet,fixed_dwell,20,partial_raster,0.15,35,Particles,31.481502532958984,0.8303188233446791,31.379348754882812,0.150390625,0.026399460999527946
unet,fixed_dwell,20,partial_raster,0.15,36,Patterned_surface,28.740825653076172,0.8639763638311787,28.185731887817383,0.150390625,0.029679010000108974
unet,fixed_dwell,20,partial_raster,0.15,37,Porous_Sponge,16.404388427734375,0.4732021122611516,15.977572441101074,0.150390625,0.02896851399964362
unet,fixed_dwell,20,partial_raster,0.15,38,Powder,21.410837173461914,0.36562054769750413,21.115331649780273,0.150390625,0.028789662000235694
unet,fixed_dwell,20,partial_raster,0.15,39,Tips,36.033424377441406,0.8684976360768326,36.02116775512695,0.150390625,0.029324025999812875
unet,fixed_dwell,20,partial_raster,0.15,40,Biological,22.569684982299805,0.4486837985240996,22.39647102355957,0.150390625,0.0234378770001058
unet,fixed_dwell,20,partial_raster,0.15,41,Fibres,29.931936264038086,0.7804560319202539,29.897897720336914,0.150390625,0.01944962699963071
unet,fixed_dwell,20,partial_raster,0.15,42,Films_Coated_Surface,26.532258987426758,0.4240825932502036,26.443771362304688,0.150390625,0.026045818000056897
unet,fixed_dwell,20,partial_raster,0.15,43,MEMS_devices_and_electrodes,21.737323760986328,0.30155408573983083,21.61017608642578,0.150390625,0.027701699000317603
unet,fixed_dwell,20,partial_raster,0.15,44,Nanowires,23.62743377685547,0.4273953512312985,23.48106575012207,0.150390625,0.029617649000101665
unet,fixed_dwell,20,partial_raster,0.15,45,Particles,35.66935729980469,0.9527545270580896,35.54648208618164,0.150390625,0.027819212999929732
unet,fixed_dwell,20,partial_raster,0.15,46,Patterned_surface,27.125404357910156,0.59232041878693,26.821819305419922,0.150390625,0.02883388600002945
unet,fixed_dwell,20,partial_raster,0.15,47,Porous_Sponge,23.437253952026367,0.4780823527396034,23.159423828125,0.150390625,0.02161123000041698
unet,fixed_dwell,20,partial_raster,0.15,48,Powder,24.742042541503906,0.49646613954473867,24.592784881591797,0.150390625,0.021114809999744466
unet,fixed_dwell,20,partial_raster,0.15,49,Tips,18.87405014038086,0.25725269562503844,18.641094207763672,0.150390625,0.02825409100023535
unet,fixed_dwell,20,partial_raster,0.15,50,Biological,24.596460342407227,0.3162365090079008,24.47159194946289,0.150390625,0.029059224999400612
unet,fixed_dwell,20,partial_raster,0.15,51,Fibres,31.511829376220703,0.7138858544514114,31.490188598632812,0.150390625,0.02923416200064821
unet,fixed_dwell,20,partial_raster,0.15,52,Films_Coated_Surface,16.57073974609375,0.5245321688523916,16.085346221923828,0.150390625,0.02784171500024968
unet,fixed_dwell,20,partial_raster,0.15,53,MEMS_devices_and_electrodes,32.45304489135742,0.8898890327053194,31.99044418334961,0.150390625,0.028313716999946337
unet,fixed_dwell,20,partial_raster,0.15,54,Nanowires,30.79024887084961,0.7486689341892285,30.75301170349121,0.150390625,0.026084475000061502
unet,fixed_dwell,20,partial_raster,0.15,55,Particles,27.152812957763672,0.40986493190174983,27.069204330444336,0.150390625,0.01897829300014564
unet,fixed_dwell,20,partial_raster,0.15,56,Patterned_surface,23.38425064086914,0.5821416853830051,23.103687286376953,0.150390625,0.02620739499980118
unet,fixed_dwell,20,partial_raster,0.15,57,Porous_Sponge,21.506881713867188,0.44921002407054156,21.152523040771484,0.150390625,0.02914614099972823
unet,fixed_dwell,20,partial_raster,0.15,58,Powder,19.223495483398438,0.2825825193973583,18.9717960357666,0.150390625,0.03001258299991605
unet,fixed_dwell,20,partial_raster,0.15,59,Tips,35.3591194152832,0.8491546049975608,35.35026168823242,0.150390625,0.03055432600012864
unet,fixed_dwell,20,partial_raster,0.15,60,Biological,28.269859313964844,0.50023749451183,28.179521560668945,0.150390625,0.027927813000133028
unet,fixed_dwell,20,partial_raster,0.15,61,Fibres,33.031982421875,0.8089586911055192,33.00304412841797,0.150390625,0.026030617000287748
unet,fixed_dwell,20,partial_raster,0.15,62,Films_Coated_Surface,17.486923217773438,0.4431607759965861,17.035552978515625,0.150390625,0.021591790999991645
unet,fixed_dwell,20,partial_raster,0.15,63,MEMS_devices_and_electrodes,22.13609504699707,0.5892745091052531,21.814186096191406,0.150390625,0.023220920999847294
unet,fixed_dwell,20,partial_raster,0.15,64,Nanowires,39.96436309814453,0.933077080180664,39.964412689208984,0.150390625,0.029005555999901844
unet,fixed_dwell,20,partial_raster,0.15,65,Particles,35.84296417236328,0.8925212079231309,35.882774353027344,0.150390625,0.026794585999596165
unet,fixed_dwell,20,partial_raster,0.15,66,Patterned_surface,19.389204025268555,0.7332279283968847,19.128389358520508,0.150390625,0.028233320999788702
unet,fixed_dwell,20,partial_raster,0.15,67,Porous_Sponge,18.252445220947266,0.531115016520564,17.79323959350586,0.150390625,0.028751943999850482
unet,fixed_dwell,20,partial_raster,0.15,68,Powder,22.174419403076172,0.5285745821292356,21.913908004760742,0.150390625,0.02631487999951787
unet,fixed_dwell,20,partial_raster,0.15,69,Tips,36.05986022949219,0.880292118843795,36.00437545776367,0.150390625,0.01932813300027192
unet,fixed_dwell,20,partial_raster,0.15,70,Biological,24.141799926757812,0.34706788783502096,23.991172790527344,0.150390625,0.026393739999548416
unet,fixed_dwell,20,partial_raster,0.15,71,Fibres,30.029266357421875,0.7212129073671099,30.051992416381836,0.150390625,0.02775245500015444
unet,fixed_dwell,20,partial_raster,0.15,72,Films_Coated_Surface,21.89868927001953,0.6942896053727157,21.468809127807617,0.150390625,0.028775497999959043
unet,fixed_dwell,20,partial_raster,0.15,73,MEMS_devices_and_electrodes,23.97736358642578,0.6705690307274551,23.69856834411621,0.150390625,0.027547515999685857
unet,fixed_dwell,20,partial_raster,0.15,74,Nanowires,35.88139724731445,0.8435523893446261,35.885894775390625,0.150390625,0.023382970999591635
unet,fixed_dwell,20,partial_raster,0.15,75,Particles,35.1868782043457,0.8913674030644035,35.18647003173828,0.150390625,0.020235437999872374
unet,fixed_dwell,20,partial_raster,0.15,76,Patterned_surface,22.131591796875,0.7053853350078991,21.695350646972656,0.150390625,0.029827724000824674
unet,fixed_dwell,20,partial_raster,0.15,77,Porous_Sponge,21.71961784362793,0.4961492729202867,21.35871124267578,0.150390625,0.029182729000240215
unet,fixed_dwell,20,partial_raster,0.15,78,Powder,23.318828582763672,0.5747852286772065,23.096843719482422,0.150390625,0.028607719000319776
unet,fixed_dwell,20,partial_raster,0.15,79,Tips,27.63192367553711,0.45336939402161114,27.59942054748535,0.150390625,0.027065288999438053
unet,fixed_dwell,20,partial_raster,0.15,80,Biological,29.461776733398438,0.5020393229100167,29.415523529052734,0.150390625,0.028934920999745373
unet,fixed_dwell,20,partial_raster,0.15,81,Fibres,31.569774627685547,0.6778697903545875,31.54534149169922,0.150390625,0.023502607999944303
unet,fixed_dwell,20,partial_raster,0.15,82,Films_Coated_Surface,21.8946533203125,0.6375586361452313,21.502201080322266,0.150390625,0.01971199100080412
unet,fixed_dwell,20,partial_raster,0.15,83,MEMS_devices_and_electrodes,21.625879287719727,0.4701140072348214,21.325815200805664,0.150390625,0.029132726000170805
unet,fixed_dwell,20,partial_raster,0.15,84,Nanowires,38.8162956237793,0.9698735310690144,38.776161193847656,0.150390625,0.02918005300034565
unet,fixed_dwell,20,partial_raster,0.15,85,Particles,23.433181762695312,0.522976059524672,23.119802474975586,0.150390625,0.02920184499998868
unet,fixed_dwell,20,partial_raster,0.15,86,Patterned_surface,26.360122680664062,0.8305016014288721,25.80632209777832,0.150390625,0.02878368399979081
unet,fixed_dwell,20,partial_raster,0.15,87,Porous_Sponge,21.525707244873047,0.4891168085295678,21.1566162109375,0.150390625,0.025224293999599467
unet,fixed_dwell,20,partial_raster,0.15,88,Powder,26.34881591796875,0.7442467565458614,26.225444793701172,0.150390625,0.01895245600007911
unet,fixed_dwell,20,partial_raster,0.15,89,Tips,27.832141876220703,0.42401272335624846,27.798336029052734,0.150390625,0.02958962499997142
unet,fixed_dwell,20,partial_raster,0.15,90,Biological,28.821575164794922,0.47557514201087653,28.768291473388672,0.150390625,0.027765974000431015
unet,fixed_dwell,20,partial_raster,0.15,91,Fibres,32.17897033691406,0.8171017539218391,32.157188415527344,0.150390625,0.02948050999930274
unet,fixed_dwell,20,partial_raster,0.15,92,Films_Coated_Surface,23.279268264770508,0.4523153900713498,23.117103576660156,0.150390625,0.027912066999306262
unet,fixed_dwell,20,partial_raster,0.15,93,MEMS_devices_and_electrodes,28.549177169799805,0.8008575836063696,28.302106857299805,0.150390625,0.028201899999658053
unet,fixed_dwell,20,partial_raster,0.15,94,Nanowires,13.612471580505371,0.543607453504647,13.043274879455566,0.150390625,0.023927537000417942
unet,fixed_dwell,20,partial_raster,0.15,95,Particles,27.058713912963867,0.5805349184981112,26.612571716308594,0.150390625,0.021367327999541885
unet,fixed_dwell,20,partial_raster,0.15,96,Patterned_surface,24.218505859375,0.5037316458131289,23.94274139404297,0.150390625,0.027173002999916207
unet,fixed_dwell,20,partial_raster,0.15,97,Porous_Sponge,24.641027450561523,0.6133337660196416,24.482837677001953,0.150390625,0.02797015000032843
unet,fixed_dwell,20,partial_raster,0.15,98,Powder,31.688095092773438,0.8723801491877312,31.630468368530273,0.150390625,0.02832267400026467
unet,fixed_dwell,20,partial_raster,0.15,99,Tips,31.0971622467041,0.6920608357558502,31.005239486694336,0.150390625,0.028717850999782968
unet,fixed_dwell,20,partial_raster,0.2,0,Biological,24.537094116210938,0.4000736460471076,24.37627410888672,0.19921875,0.02796459999990475
unet,fixed_dwell,20,partial_raster,0.2,1,Fibres,23.922033309936523,0.6371379012271142,23.723350524902344,0.19921875,0.021400456999799644
unet,fixed_dwell,20,partial_raster,0.2,2,Films_Coated_Surface,25.128997802734375,0.45345586905378227,25.012527465820312,0.19921875,0.019821113999569206
unet,fixed_dwell,20,partial_raster,0.2,3,MEMS_devices_and_electrodes,24.9598388671875,0.34858738743742285,24.69497299194336,0.19921875,0.02775084900076763
unet,fixed_dwell,20,partial_raster,0.2,4,Nanowires,18.889535903930664,0.6253244626171022,18.169797897338867,0.19921875,0.029440108000017062
unet,fixed_dwell,20,partial_raster,0.2,5,Particles,18.141782760620117,0.3749732075305888,17.518949508666992,0.19921875,0.02872045300046011
unet,fixed_dwell,20,partial_raster,0.2,6,Patterned_surface,25.247112274169922,0.5326722647252948,24.941150665283203,0.19921875,0.02963768199970218
unet,fixed_dwell,20,partial_raster,0.2,7,Porous_Sponge,23.812620162963867,0.49587533592159017,23.501283645629883,0.19921875,0.02928117800001928
unet,fixed_dwell,20,partial_raster,0.2,8,Powder,19.0327091217041,0.39976026377309765,18.61791229248047,0.19921875,0.02872137099984684
unet,fixed_dwell,20,partial_raster,0.2,9,Tips,33.418304443359375,0.9138827040579536,33.23504638671875,0.19921875,0.02389640999990661
unet,fixed_dwell,20,partial_raster,0.2,10,Biological,27.3302001953125,0.42102330300090607,27.254114151000977,0.19921875,0.019028525999601698
unet,fixed_dwell,20,partial_raster,0.2,11,Fibres,28.26248550415039,0.7184545409436416,28.064184188842773,0.19921875,0.027100760000394075
unet,fixed_dwell,20,partial_raster,0.2,12,Films_Coated_Surface,26.421531677246094,0.4738217974508342,26.23019790649414,0.19921875,0.029950663000818167
unet,fixed_dwell,20,partial_raster,0.2,13,MEMS_devices_and_electrodes,25.62354850769043,0.40268023180051643,25.47878646850586,0.19921875,0.030091196999819658
unet,fixed_dwell,20,partial_raster,0.2,14,Nanowires,14.491633415222168,0.5002391654971581,13.777778625488281,0.19921875,0.02954850100013573
unet,fixed_dwell,20,partial_raster,0.2,15,Particles,38.473514556884766,0.9239920220495543,38.525291442871094,0.19921875,0.02961248900010105
unet,fixed_dwell,20,partial_raster,0.2,16,Patterned_surface,23.316810607910156,0.7486962613127988,23.016969680786133,0.19921875,0.02820014699955209
unet,fixed_dwell,20,partial_raster,0.2,17,Porous_Sponge,16.67282485961914,0.5061117548871075,15.994982719421387,0.19921875,0.02606854799978464
unet,fixed_dwell,20,partial_raster,0.2,18,Powder,21.461971282958984,0.5483930668889517,21.159704208374023,0.19921875,0.021933195000201522
unet,fixed_dwell,20,partial_raster,0.2,19,Tips,26.66107940673828,0.8195268538257278,26.481000900268555,0.19921875,0.02238160000069911
unet,fixed_dwell,20,partial_raster,0.2,20,Biological,26.04205894470215,0.6178028937086274,25.88351058959961,0.19921875,0.02836876499986829
unet,fixed_dwell,20,partial_raster,0.2,21,Fibres,24.451995849609375,0.7173440183056509,24.110708236694336,0.19921875,0.028480949000368128
unet,fixed_dwell,20,partial_raster,0.2,22,Films_Coated_Surface,14.583829879760742,0.5037835297933112,13.882540702819824,0.19921875,0.028855939000095532
unet,fixed_dwell,20,partial_raster,0.2,23,MEMS_devices_and_electrodes,25.988828659057617,0.4009457583597464,25.814931869506836,0.19921875,0.029792411000016727
unet,fixed_dwell,20,partial_raster,0.2,24,Nanowires,13.700594902038574,0.30331637493538094,13.020578384399414,0.19921875,0.02938903999984177
unet,fixed_dwell,20,partial_raster,0.2,25,Particles,32.46657943725586,0.6511263394233229,32.37851333618164,0.19921875,0.022979863999353256
unet,fixed_dwell,20,partial_raster,0.2,26,Patterned_surface,19.344799041748047,0.3821899724022391,18.836734771728516,0.19921875,0.01884335500017187
unet,fixed_dwell,20,partial_raster,0.2,27,Porous_Sponge,24.342716217041016,0.36440388087664594,24.184856414794922,0.19921875,0.025272332999520586
unet,fixed_dwell,20,partial_raster,0.2,28,Powder,23.912921905517578,0.639722871219447,23.60409164428711,0.19921875,0.02938777100007428
unet,fixed_dwell,20,partial_raster,0.2,29,Tips,40.9921875,0.9770252199026376,41.047607421875,0.19921875,0.029009748999669682
unet,fixed_dwell,20,partial_raster,0.2,30,Biological,26.852859497070312,0.3879877074807965,26.78309440612793,0.19921875,0.030403812000258768
unet,fixed_dwell,20,partial_raster,0.2,31,Fibres,33.98402404785156,0.7550003095633351,33.986080169677734,0.19921875,0.027987604000372812
unet,fixed_dwell,20,partial_raster,0.2,32,Films_Coated_Surface,24.004493713378906,0.4269685844770959,23.81817054748535,0.19921875,0.028974863000257756
unet,fixed_dwell,20,partial_raster,0.2,33,MEMS_devices_and_electrodes,24.323835372924805,0.63748249787387,23.76439666748047,0.19921875,0.023859912999796506
unet,fixed_dwell,20,partial_raster,0.2,34,Nanowires,28.506832122802734,0.7707956618855158,28.26726722717285,0.19921875,0.019721889999345876
unet,fixed_dwell,20,partial_raster,0.2,35,Particles,32.03105926513672,0.8346430477859134,31.95448875427246,0.19921875,0.027256349999333906
unet,fixed_dwell,20,partial_raster,0.2,36,Patterned_surface,30.252798080444336,0.8765567502414087,29.605730056762695,0.19921875,0.029774112999803037
unet,fixed_dwell,20,partial_raster,0.2,37,Porous_Sponge,16.982933044433594,0.534923889209924,16.430545806884766,0.19921875,0.029035067999757302
unet,fixed_dwell,20,partial_raster,0.2,38,Powder,21.86748695373535,0.3891349047141263,21.517303466796875,0.19921875,0.029348516000027303
unet,fixed_dwell,20,partial_raster,0.2,39,Tips,36.44169235229492,0.8694551555505392,36.43710708618164,0.19921875,0.02768432999982906
unet,fixed_dwell,20,partial_raster,0.2,40,Biological,23.06169319152832,0.48153952636354347,22.87045669555664,0.19921875,0.023219104000418156
unet,fixed_dwell,20,partial_raster,0.2,41,Fibres,30.446950912475586,0.7846493754183925,30.413562774658203,0.19921875,0.02024392099974648
unet,fixed_dwell,20,partial_raster,0.2,42,Films_Coated_Surface,26.720380783081055,0.43526836162696175,26.620786666870117,0.19921875,0.027422262999607483
unet,fixed_dwell,20,partial_raster,0.2,43,MEMS_devices_and_electrodes,21.99192237854004,0.3220694196599606,21.76906967163086,0.19921875,0.02992334100053995
unet,fixed_dwell,20,partial_raster,0.2,44,Nanowires,24.008243560791016,0.4487355569681318,23.848995208740234,0.19921875,0.02871593199961353
unet,fixed_dwell,20,partial_raster,0.2,45,Particles,36.260284423828125,0.9541167654884083,36.066375732421875,0.19921875,0.027606554000158212
unet,fixed_dwell,20,partial_raster,0.2,46,Patterned_surface,27.618310928344727,0.6119929832704599,27.2526912689209,0.19921875,0.024028805000853026
unet,fixed_dwell,20,partial_raster,0.2,47,Porous_Sponge,24.14229965209961,0.514400604014407,23.832609176635742,0.19921875,0.019422770999881322
unet,fixed_dwell,20,partial_raster,0.2,48,Powder,25.211565017700195,0.5255963134245767,25.0640869140625,0.19921875,0.026951011000164726
unet,fixed_dwell,20,partial_raster,0.2,49,Tips,19.095556259155273,0.28722652187755165,18.786540985107422,0.19921875,0.028985825000745535
unet,fixed_dwell,20,partial_raster,0.2,50,Biological,24.720277786254883,0.3341963909064858,24.55634117126465,0.19921875,0.02904218599996966
unet,fixed_dwell,20,partial_raster,0.2,51,Fibres,31.74677276611328,0.7195018271992677,31.709972381591797,0.19921875,0.028567735999786237
unet,fixed_dwell,20,partial_raster,0.2,52,Films_Coated_Surface,17.653636932373047,0.6137366833587962,17.083322525024414,0.19921875,0.027398936999816215
unet,fixed_dwell,20,partial_raster,0.2,53,MEMS_devices_and_electrodes,33.726600646972656,0.8993530966590079,33.18721389770508,0.19921875,0.019205710000278486
unet,fixed_dwell,20,partial_raster,0.2,54,Nanowires,31.135555267333984,0.7555887175436012,31.079214096069336,0.19921875,0.022715269999935117
unet,fixed_dwell,20,partial_raster,0.2,55,Particles,27.372615814208984,0.41514255224985186,27.288928985595703,0.19921875,0.02889569000035408
unet,fixed_dwell,20,partial_raster,0.2,56,Patterned_surface,24.509008407592773,0.601813556633025,24.270145416259766,0.19921875,0.029537970000092173
unet,fixed_dwell,20,partial_raster,0.2,57,Porous_Sponge,21.91495704650879,0.46955636032100856,21.49193572998047,0.19921875,0.02938756299954548
unet,fixed_dwell,20,partial_raster,0.2,58,Powder,19.357648849487305,0.3154988601144945,18.98361587524414,0.19921875,0.02899540100042941
unet,fixed_dwell,20,partial_raster,0.2,59,Tips,35.51909255981445,0.8487633941937204,35.49298095703125,0.19921875,0.02549288800037175
unet,fixed_dwell,20,partial_raster,0.2,60,Biological,28.38125991821289,0.5086181282886859,28.282779693603516,0.19921875,0.021613613999761583
unet,fixed_dwell,20,partial_raster,0.2,61,Fibres,33.55238342285156,0.8159968902352028,33.50812530517578,0.19921875,0.021980960999826493
unet,fixed_dwell,20,partial_raster,0.2,62,Films_Coated_Surface,18.55099868774414,0.5182646829421226,17.980392456054688,0.19921875,0.02746955499969772
unet,fixed_dwell,20,partial_raster,0.2,63,MEMS_devices_and_electrodes,22.717159271240234,0.6184685069239684,22.360742568969727,0.19921875,0.0293196300008276
unet,fixed_dwell,20,partial_raster,0.2,64,Nanowires,40.20021438598633,0.9338521340645968,40.21220397949219,0.19921875,0.029620570000588486
unet,fixed_dwell,20,partial_raster,0.2,65,Particles,35.932395935058594,0.8960981043985826,35.98432922363281,0.19921875,0.029021012999692175
unet,fixed_dwell,20,partial_raster,0.2,66,Patterned_surface,20.726966857910156,0.799535402232314,20.564132690429688,0.19921875,0.02823410199926002
unet,fixed_dwell,20,partial_raster,0.2,67,Porous_Sponge,18.99022674560547,0.5843391652774418,18.422956466674805,0.19921875,0.01934252099999867
unet,fixed_dwell,20,partial_raster,0.2,68,Powder,22.767744064331055,0.5565438787413685,22.463699340820312,0.19921875,0.022122337999462616
unet,fixed_dwell,20,partial_raster,0.2,69,Tips,36.036643981933594,0.8790200949128841,35.9105110168457,0.19921875,0.027876673999344348
unet,fixed_dwell,20,partial_raster,0.2,70,Biological,24.262802124023438,0.38880724514796916,24.19609260559082,0.19921875,0.027595849999670463
unet,fixed_dwell,20,partial_raster,0.2,71,Fibres,30.309736251831055,0.7300662887217909,30.26819610595703,0.19921875,0.028776242000276397
unet,fixed_dwell,20,partial_raster,0.2,72,Films_Coated_Surface,23.115427017211914,0.7207516657540067,22.589702606201172,0.19921875,0.029203840999798558
unet,fixed_dwell,20,partial_raster,0.2,73,MEMS_devices_and_electrodes,24.62132453918457,0.6926910191914124,24.290864944458008,0.19921875,0.028288059999795223
unet,fixed_dwell,20,partial_raster,0.2,74,Nanowires,36.22813415527344,0.844980168999418,36.21674346923828,0.19921875,0.026188169000306516
unet,fixed_dwell,20,partial_raster,0.2,75,Particles,35.24134063720703,0.8913887569348462,35.23554229736328,0.19921875,0.01970913799959817
unet,fixed_dwell,20,partial_raster,0.2,76,Patterned_surface,24.04400062561035,0.7262902339212749,23.603389739990234,0.19921875,0.03047513399997115
unet,fixed_dwell,20,partial_raster,0.2,77,Porous_Sponge,22.63678741455078,0.5291845127270369,22.23299217224121,0.19921875,0.021407240999906207
unet,fixed_dwell,20,partial_raster,0.2,78,Powder,24.025768280029297,0.6094132052161455,23.789243698120117,0.19921875,0.019565001000046323
unet,fixed_dwell,20,partial_raster,0.2,79,Tips,27.71685791015625,0.4587605590728703,27.68465232849121,0.19921875,0.02708580099988467
unet,fixed_dwell,20,partial_raster,0.2,80,Biological,29.637115478515625,0.5051891080759696,29.592998504638672,0.19921875,0.029542813999796635
unet,fixed_dwell,20,partial_raster,0.2,81,Fibres,31.67855453491211,0.6797393085928396,31.66533660888672,0.19921875,0.027997402000437432
unet,fixed_dwell,20,partial_raster,0.2,82,Films_Coated_Surface,23.138607025146484,0.6654540626824225,22.710477828979492,0.19921875,0.02918998199947964
unet,fixed_dwell,20,partial_raster,0.2,83,MEMS_devices_and_electrodes,22.462276458740234,0.4983600851134193,22.131616592407227,0.19921875,0.02976479900007689
unet,fixed_dwell,20,partial_raster,0.2,84,Nanowires,38.83339309692383,0.9705726727184466,38.77869415283203,0.19921875,0.028518716000689892
unet,fixed_dwell,20,partial_raster,0.2,85,Particles,24.798473358154297,0.5543806424652202,24.5325870513916,0.19921875,0.023740990000078455
unet,fixed_dwell,20,partial_raster,0.2,86,Patterned_surface,29.658479690551758,0.8433301514852022,29.114458084106445,0.19921875,0.016504340999745182
unet,fixed_dwell,20,partial_raster,0.2,87,Porous_Sponge,22.187896728515625,0.5103810989634485,21.736804962158203,0.19921875,0.02694074700048077
unet,fixed_dwell,20,partial_raster,0.2,88,Powder,27.06293296813965,0.7602411475929438,26.980905532836914,0.19921875,0.02972418799981824
unet,fixed_dwell,20,partial_raster,0.2,89,Tips,27.90732192993164,0.4271580402980099,27.85982894897461,0.19921875,0.02879032299915707
unet,fixed_dwell,20,partial_raster,0.2,90,Biological,28.90577507019043,0.48328832798921717,28.85826873779297,0.19921875,0.028884364000077767
unet,fixed_dwell,20,partial_raster,0.2,91,Fibres,32.83856964111328,0.818127890218387,32.86223602294922,0.19921875,0.028682528999524948
unet,fixed_dwell,20,partial_raster,0.2,92,Films_Coated_Surface,23.829069137573242,0.488420241006137,23.640230178833008,0.19921875,0.028720944999804487
unet,fixed_dwell,20,partial_raster,0.2,93,MEMS_devices_and_electrodes,29.612476348876953,0.8149046086478727,29.427921295166016,0.19921875,0.021344339000279433
unet,fixed_dwell,20,partial_raster,0.2,94,Nanowires,14.668959617614746,0.6286360327631597,13.928289413452148,0.19921875,0.019356339999831107
unet,fixed_dwell,20,partial_raster,0.2,95,Particles,27.68277359008789,0.5884135126852031,27.126140594482422,0.19921875,0.028595753000445256
unet,fixed_dwell,20,partial_raster,0.2,96,Patterned_surface,24.891698837280273,0.539908438429404,24.568477630615234,0.19921875,0.03001218700046593
unet,fixed_dwell,20,partial_raster,0.2,97,Porous_Sponge,25.655563354492188,0.6724669326480547,25.512462615966797,0.19921875,0.02921260600032838
unet,fixed_dwell,20,partial_raster,0.2,98,Powder,32.21827697753906,0.8805729140296189,32.151588439941406,0.19921875,0.027610667999397265
unet,fixed_dwell,20,partial_raster,0.2,99,Tips,31.36571502685547,0.6971228368917268,31.24637222290039,0.19921875,0.02715337100016768
unet,fixed_dwell,20,partial_raster,0.3,0,Biological,24.949665069580078,0.45246466925998136,24.778470993041992,0.30078125,0.02313737299937202
unet,fixed_dwell,20,partial_raster,0.3,1,Fibres,24.769676208496094,0.6838309873994499,24.54766845703125,0.30078125,0.017317672999524802
unet,fixed_dwell,20,partial_raster,0.3,2,Films_Coated_Surface,25.626707077026367,0.47399758072248227,25.478361129760742,0.30078125,0.021330685000066296
unet,fixed_dwell,20,partial_raster,0.3,3,MEMS_devices_and_electrodes,25.19940185546875,0.37360115924132486,24.814958572387695,0.30078125,0.028904738000164798
unet,fixed_dwell,20,partial_raster,0.3,4,Nanowires,20.612018585205078,0.7389068143484032,19.60303497314453,0.30078125,0.02866857400022127
unet,fixed_dwell,20,partial_raster,0.3,5,Particles,19.020828247070312,0.46316916572404515,18.150468826293945,0.30078125,0.028808736999963003
unet,fixed_dwell,20,partial_raster,0.3,6,Patterned_surface,26.44275665283203,0.5746309460215437,26.20871353149414,0.30078125,0.028409769000063534
unet,fixed_dwell,20,partial_raster,0.3,7,Porous_Sponge,24.82714080810547,0.5459256420546597,24.51224136352539,0.30078125,0.029128402000424103
unet,fixed_dwell,20,partial_raster,0.3,8,Powder,19.55368423461914,0.4568319975916696,18.963973999023438,0.30078125,0.02846853099981672
unet,fixed_dwell,20,partial_raster,0.3,9,Tips,33.7861213684082,0.9173586410713138,33.6025390625,0.30078125,0.025203520000104618
unet,fixed_dwell,20,partial_raster,0.3,10,Biological,27.666427612304688,0.45475848691280063,27.55447006225586,0.30078125,0.026561440000477887
unet,fixed_dwell,20,partial_raster,0.3,11,Fibres,29.165287017822266,0.7359092515145736,28.91573715209961,0.30078125,0.019340050999744562
unet,fixed_dwell,20,partial_raster,0.3,12,Films_Coated_Surface,26.99171257019043,0.5188849780685679,26.80355453491211,0.30078125,0.020986327000173333
unet,fixed_dwell,20,partial_raster,0.3,13,MEMS_devices_and_electrodes,25.582534790039062,0.4431029781416538,25.514440536499023,0.30078125,0.030063289999816334
unet,fixed_dwell,20,partial_raster,0.3,14,Nanowires,15.627857208251953,0.6252429509967719,14.559087753295898,0.30078125,0.02927013499993336
unet,fixed_dwell,20,partial_raster,0.3,15,Particles,38.874813079833984,0.9245931165161532,38.8898811340332,0.30078125,0.028855933000158984
unet,fixed_dwell,20,partial_raster,0.3,16,Patterned_surface,24.86281967163086,0.8132127720586841,24.53717803955078,0.30078125,0.028987724000216986
unet,fixed_dwell,20,partial_raster,0.3,17,Porous_Sponge,18.602584838867188,0.6001423669095404,17.73332405090332,0.30078125,0.02852021299986518
unet,fixed_dwell,20,partial_raster,0.3,18,Powder,22.5400390625,0.6128088457949455,22.240623474121094,0.30078125,0.028921813999659207
unet,fixed_dwell,20,partial_raster,0.3,19,Tips,27.572832107543945,0.8388715073094597,27.322772979736328,0.30078125,0.02974651900058234
unet,fixed_dwell,20,partial_raster,0.3,20,Biological,26.731319427490234,0.6319116501938055,26.568376541137695,0.30078125,0.029356263000408944
unet,fixed_dwell,20,partial_raster,0.3,21,Fibres,26.096893310546875,0.7799041696898433,25.80845069885254,0.30078125,0.02864107999994303
unet,fixed_dwell,20,partial_raster,0.3,22,Films_Coated_Surface,16.268936157226562,0.6302121239152297,15.331725120544434,0.30078125,0.027642508000099042
unet,fixed_dwell,20,partial_raster,0.3,23,MEMS_devices_and_electrodes,26.15161895751953,0.4157841528820452,25.896026611328125,0.30078125,0.019347144000676053
unet,fixed_dwell,20,partial_raster,0.3,24,Nanowires,14.230423927307129,0.41094869189680483,13.162799835205078,0.30078125,0.019167749999724037
unet,fixed_dwell,20,partial_raster,0.3,25,Particles,32.59687042236328,0.6511292430660981,32.53346252441406,0.30078125,0.027647685000374622
unet,fixed_dwell,20,partial_raster,0.3,26,Patterned_surface,20.079925537109375,0.4429628742412331,19.362520217895508,0.30078125,0.029670720000467554
unet,fixed_dwell,20,partial_raster,0.3,27,Porous_Sponge,24.77798080444336,0.38036921754192243,24.586029052734375,0.30078125,0.029118850000486418
unet,fixed_dwell,20,partial_raster,0.3,28,Powder,25.241487503051758,0.6995406182981192,24.972774505615234,0.30078125,0.029704796000260103
unet,fixed_dwell,20,partial_raster,0.3,29,Tips,41.72880172729492,0.9782501451617464,41.835941314697266,0.30078125,0.027650818999973126
unet,fixed_dwell,20,partial_raster,0.3,30,Biological,27.046497344970703,0.3968699558021828,26.945140838623047,0.30078125,0.029258467000545352
unet,fixed_dwell,20,partial_raster,0.3,31,Fibres,34.09800338745117,0.7559476227143116,34.09233856201172,0.30078125,0.028247512999769242
unet,fixed_dwell,20,partial_raster,0.3,32,Films_Coated_Surface,24.52456283569336,0.47007494814560546,24.303720474243164,0.30078125,0.028174535000289325
unet,fixed_dwell,20,partial_raster,0.3,33,MEMS_devices_and_electrodes,25.474056243896484,0.6525328291147676,24.756732940673828,0.30078125,0.025748101000317547
unet,fixed_dwell,20,partial_raster,0.3,34,Nanowires,29.687286376953125,0.8109599737016869,29.40966033935547,0.30078125,0.023649105999538733
unet,fixed_dwell,20,partial_raster,0.3,35,Particles,32.593074798583984,0.8382409105085004,32.509788513183594,0.30078125,0.016978534999907424
unet,fixed_dwell,20,partial_raster,0.3,36,Patterned_surface,31.33252716064453,0.8977989465274729,30.356510162353516,0.30078125,0.02530351299992617
unet,fixed_dwell,20,partial_raster,0.3,37,Porous_Sponge,17.66806411743164,0.5968041162838877,16.85560417175293,0.30078125,0.028724938999403093
unet,fixed_dwell,20,partial_raster,0.3,38,Powder,22.519742965698242,0.4435309571701485,22.065593719482422,0.30078125,0.02808944599928509
unet,fixed_dwell,20,partial_raster,0.3,39,Tips,36.5859489440918,0.8700035871908277,36.58612060546875,0.30078125,0.029820128999745066
unet,fixed_dwell,20,partial_raster,0.3,40,Biological,23.898935317993164,0.5235151004897841,23.704111099243164,0.30078125,0.028776828999980353
unet,fixed_dwell,20,partial_raster,0.3,41,Fibres,30.940963745117188,0.7899060092664716,30.896602630615234,0.30078125,0.028747317000124895
unet,fixed_dwell,20,partial_raster,0.3,42,Films_Coated_Surface,27.09322166442871,0.4538320328322774,26.97521209716797,0.30078125,0.028758997000295494
unet,fixed_dwell,20,partial_raster,0.3,43,MEMS_devices_and_electrodes,22.33300018310547,0.3740005186371496,22.176712036132812,0.30078125,0.028920562000166683
unet,fixed_dwell,20,partial_raster,0.3,44,Nanowires,24.56016731262207,0.483824985410617,24.364742279052734,0.30078125,0.02781471100024646
unet,fixed_dwell,20,partial_raster,0.3,45,Particles,37.59710693359375,0.9558409369129587,37.42411422729492,0.30078125,0.02591794599993591
unet,fixed_dwell,20,partial_raster,0.3,46,Patterned_surface,28.086307525634766,0.6303051348949341,27.505741119384766,0.30078125,0.021385175999967032
unet,fixed_dwell,20,partial_raster,0.3,47,Porous_Sponge,25.008771896362305,0.5605543235183023,24.72100257873535,0.30078125,0.020786754000255314
unet,fixed_dwell,20,partial_raster,0.3,48,Powder,25.75380516052246,0.5517555353506158,25.57828712463379,0.30078125,0.025728862000505615
unet,fixed_dwell,20,partial_raster,0.3,49,Tips,19.47486114501953,0.33604346809585184,19.02493667602539,0.30078125,0.028576480000083393
unet,fixed_dwell,20,partial_raster,0.3,50,Biological,25.029956817626953,0.37281874783297153,24.841228485107422,0.30078125,0.028934903999470407
unet,fixed_dwell,20,partial_raster,0.3,51,Fibres,32.15781784057617,0.7272605302708046,32.13080978393555,0.30078125,0.029604383999867423
unet,fixed_dwell,20,partial_raster,0.3,52,Films_Coated_Surface,19.474925994873047,0.7240320993115427,18.80658721923828,0.30078125,0.029318506999516103
unet,fixed_dwell,20,partial_raster,0.3,53,MEMS_devices_and_electrodes,34.51721954345703,0.8784751878153636,34.20676803588867,0.30078125,0.02776652800002921
unet,fixed_dwell,20,partial_raster,0.3,54,Nanowires,31.53022575378418,0.7603849636559773,31.452035903930664,0.30078125,0.028824957000324503
unet,fixed_dwell,20,partial_raster,0.3,55,Particles,27.535114288330078,0.42861347883687156,27.412660598754883,0.30078125,0.02860085100019205
unet,fixed_dwell,20,partial_raster,0.3,56,Patterned_surface,25.525129318237305,0.626070464944201,25.2822265625,0.30078125,0.02754814699983399
unet,fixed_dwell,20,partial_raster,0.3,57,Porous_Sponge,22.758926391601562,0.5077147500443935,22.19509506225586,0.30078125,0.02584256499994808
unet,fixed_dwell,20,partial_raster,0.3,58,Powder,19.64167022705078,0.4132095526642586,19.141937255859375,0.30078125,0.024118369000461826
unet,fixed_dwell,20,partial_raster,0.3,59,Tips,35.81478500366211,0.85022731259749,35.80316925048828,0.30078125,0.01818685899979755
unet,fixed_dwell,20,partial_raster,0.3,60,Biological,28.702831268310547,0.5178777986856026,28.59127426147461,0.30078125,0.02071714300018357
unet,fixed_dwell,20,partial_raster,0.3,61,Fibres,34.10499954223633,0.8263509408561515,34.08666229248047,0.30078125,0.028709664000416524
unet,fixed_dwell,20,partial_raster,0.3,62,Films_Coated_Surface,19.924715042114258,0.5899346122223077,19.146224975585938,0.30078125,0.02829463800026133
unet,fixed_dwell,20,partial_raster,0.3,63,MEMS_devices_and_electrodes,23.926815032958984,0.667391573068079,23.51066780090332,0.30078125,0.029894944000261603
unet,fixed_dwell,20,partial_raster,0.3,64,Nanowires,40.58329772949219,0.9338068503576084,40.62522888183594,0.30078125,0.02966002999983175
unet,fixed_dwell,20,partial_raster,0.3,65,Particles,36.230838775634766,0.8950302866010886,36.258113861083984,0.30078125,0.028481286999522126
unet,fixed_dwell,20,partial_raster,0.3,66,Patterned_surface,22.07575035095215,0.8465921697562885,22.103618621826172,0.30078125,0.02719853599955968
unet,fixed_dwell,20,partial_raster,0.3,67,Porous_Sponge,20.125221252441406,0.6534272098930508,19.340530395507812,0.30078125,0.02489049599989812
unet,fixed_dwell,20,partial_raster,0.3,68,Powder,23.53488540649414,0.5890457875780791,23.143463134765625,0.30078125,0.026146785000491946
unet,fixed_dwell,20,partial_raster,0.3,69,Tips,36.82941818237305,0.8815834247566046,36.7603645324707,0.30078125,0.024097387000438175
unet,fixed_dwell,20,partial_raster,0.3,70,Biological,24.733476638793945,0.4336495195773688,24.62779998779297,0.30078125,0.024185413999475713
unet,fixed_dwell,20,partial_raster,0.3,71,Fibres,31.18924903869629,0.7490536392064766,31.18461799621582,0.30078125,0.020063056999788387
unet,fixed_dwell,20,partial_raster,0.3,72,Films_Coated_Surface,24.801462173461914,0.7462819669553588,24.156108856201172,0.30078125,0.02059819799978868
unet,fixed_dwell,20,partial_raster,0.3,73,MEMS_devices_and_electrodes,25.42435646057129,0.7151131924369316,25.01239585876465,0.30078125,0.025653401000454323
unet,fixed_dwell,20,partial_raster,0.3,74,Nanowires,36.42454147338867,0.8457861893996254,36.376834869384766,0.30078125,0.02880298899981426
unet,fixed_dwell,20,partial_raster,0.3,75,Particles,35.842098236083984,0.8926221540010008,35.8428955078125,0.30078125,0.02875831300025311
unet,fixed_dwell,20,partial_raster,0.3,76,Patterned_surface,25.268444061279297,0.7463945290335938,24.70547866821289,0.30078125,0.027604433000306017
unet,fixed_dwell,20,partial_raster,0.3,77,Porous_Sponge,24.00090789794922,0.5614159244629471,23.5762882232666,0.30078125,0.029092102000504383
unet,fixed_dwell,20,partial_raster,0.3,78,Powder,25.02783203125,0.6500974769713876,24.7861328125,0.30078125,0.029043976000139082
unet,fixed_dwell,20,partial_raster,0.3,79,Tips,27.9210262298584,0.4597909838262648,27.859088897705078,0.30078125,0.027414958000008482
unet,fixed_dwell,20,partial_raster,0.3,80,Biological,29.74460792541504,0.5091607752206528,29.680953979492188,0.30078125,0.028799015000004147
unet,fixed_dwell,20,partial_raster,0.3,81,Fibres,31.888214111328125,0.6832031938816345,31.85554313659668,0.30078125,0.029939361000288045
unet,fixed_dwell,20,partial_raster,0.3,82,Films_Coated_Surface,24.738683700561523,0.7025451058760079,24.242881774902344,0.30078125,0.027549094000278274
unet,fixed_dwell,20,partial_raster,0.3,83,MEMS_devices_and_electrodes,22.727930068969727,0.536262202391858,22.227087020874023,0.30078125,0.023638356999981625
unet,fixed_dwell,20,partial_raster,0.3,84,Nanowires,39.852718353271484,0.9714006712543009,39.841835021972656,0.30078125,0.018872687999646587
unet,fixed_dwell,20,partial_raster,0.3,85,Particles,26.142099380493164,0.5817343219391647,25.91610336303711,0.30078125,0.02442661099939869
unet,fixed_dwell,20,partial_raster,0.3,86,Patterned_surface,29.51806640625,0.8424872939284466,28.53699493408203,0.30078125,0.02717602699976851
unet,fixed_dwell,20,partial_raster,0.3,87,Porous_Sponge,23.160888671875,0.5491478787430168,22.593585968017578,0.30078125,0.0281569099997796
unet,fixed_dwell,20,partial_raster,0.3,88,Powder,28.102819442749023,0.7907734901947274,28.00037384033203,0.30078125,0.029584953999801655
unet,fixed_dwell,20,partial_raster,0.3,89,Tips,27.999496459960938,0.42722852798650335,27.947879791259766,0.30078125,0.028812794999794278
unet,fixed_dwell,20,partial_raster,0.3,90,Biological,29.152013778686523,0.49030635629172836,29.073715209960938,0.30078125,0.02792315700025938
unet,fixed_dwell,20,partial_raster,0.3,91,Fibres,33.561893463134766,0.822914669140847,33.612335205078125,0.30078125,0.02843682499951683
unet,fixed_dwell,20,partial_raster,0.3,92,Films_Coated_Surface,24.566192626953125,0.5332057347706519,24.366775512695312,0.30078125,0.029064452999591595
unet,fixed_dwell,20,partial_raster,0.3,93,MEMS_devices_and_electrodes,30.596315383911133,0.8294029094763535,30.451433181762695,0.30078125,0.025163998000607535
unet,fixed_dwell,20,partial_raster,0.3,94,Nanowires,16.839096069335938,0.7454455694023552,15.827807426452637,0.30078125,0.02372043000013946
unet,fixed_dwell,20,partial_raster,0.3,95,Particles,28.30662727355957,0.5987423436796718,27.4971981048584,0.30078125,0.01990030100023432
unet,fixed_dwell,20,partial_raster,0.3,96,Patterned_surface,25.743181228637695,0.5795409808551331,25.36227798461914,0.30078125,0.02530024399948161
unet,fixed_dwell,20,partial_raster,0.3,97,Porous_Sponge,26.99979019165039,0.7450703283827009,26.8585205078125,0.30078125,0.028800867000427388
unet,fixed_dwell,20,partial_raster,0.3,98,Powder,33.34425735473633,0.8914912677134725,33.292869567871094,0.30078125,0.02775679400019726
unet,fixed_dwell,20,partial_raster,0.3,99,Tips,31.855125427246094,0.6992712563141954,31.730518341064453,0.30078125,0.02951091599970823
unet,fixed_dwell,20,line_hop,0.05,0,Biological,23.041481018066406,0.29650693833108593,22.96276092529297,0.14412811387900357,0.02334692099975655
unet,fixed_dwell,20,line_hop,0.05,1,Fibres,20.360143661499023,0.38808256472626607,20.24574089050293,0.14412811387900357,0.029023306999988563
unet,fixed_dwell,20,line_hop,0.05,2,Films_Coated_Surface,22.551532745361328,0.34061194561931235,22.455184936523438,0.14412811387900357,0.025116314999650058
unet,fixed_dwell,20,line_hop,0.05,3,MEMS_devices_and_electrodes,23.198450088500977,0.2731288404091274,23.086746215820312,0.14412811387900357,0.028617775000384427
unet,fixed_dwell,20,line_hop,0.05,4,Nanowires,15.427299499511719,0.25677952737010035,15.238367080688477,0.14412811387900357,0.025272427000345488
unet,fixed_dwell,20,line_hop,0.05,5,Particles,17.026752471923828,0.2237028333037656,16.87118148803711,0.14412811387900357,0.028815581999879214
unet,fixed_dwell,20,line_hop,0.05,6,Patterned_surface,21.45267677307129,0.4106037294424518,21.302778244018555,0.14412811387900357,0.028355379999993602
unet,fixed_dwell,20,line_hop,0.05,7,Porous_Sponge,20.977497100830078,0.36368118365299945,20.84263801574707,0.14412811387900357,0.028985244000068633
unet,fixed_dwell,20,line_hop,0.05,8,Powder,16.047061920166016,0.20242170663153433,15.897220611572266,0.14412811387900357,0.028921774000082223
unet,fixed_dwell,20,line_hop,0.05,9,Tips,31.52921485900879,0.9059461440587324,31.448204040527344,0.14412811387900357,0.025209362999703444
unet,fixed_dwell,20,line_hop,0.05,10,Biological,26.49590301513672,0.3902138063710479,26.45500946044922,0.14412811387900357,0.027964099000200804
unet,fixed_dwell,20,line_hop,0.05,11,Fibres,24.25217056274414,0.6334335388689749,24.12660789489746,0.14412811387900357,0.02028782700017473
unet,fixed_dwell,20,line_hop,0.05,12,Films_Coated_Surface,25.27255630493164,0.3875323442483583,25.19422721862793,0.14412811387900357,0.027967780999460956
unet,fixed_dwell,20,line_hop,0.05,13,MEMS_devices_and_electrodes,24.78949737548828,0.3225597267837923,24.70379638671875,0.14412811387900357,0.020707491999928607
unet,fixed_dwell,20,line_hop,0.05,14,Nanowires,12.914310455322266,0.1745877253659878,12.745369911193848,0.14412811387900357,0.028040361999956076
unet,fixed_dwell,20,line_hop,0.05,15,Particles,35.56257629394531,0.9223612841030085,35.536319732666016,0.14412811387900357,0.020648215999244712
unet,fixed_dwell,20,line_hop,0.05,16,Patterned_surface,19.796892166137695,0.4279059430032203,19.690196990966797,0.14412811387900357,0.028686997000477277
unet,fixed_dwell,20,line_hop,0.05,17,Porous_Sponge,12.84644603729248,0.22912743111379216,12.654095649719238,0.14412811387900357,0.023621821999768144
unet,fixed_dwell,20,line_hop,0.05,18,Powder,17.66252899169922,0.310268595192365,17.511655807495117,0.14412811387900357,0.02920382000047539
unet,fixed_dwell,20,line_hop,0.05,19,Tips,24.21072006225586,0.7496510484970292,24.114933013916016,0.14412811387900357,0.028811852000217186
unet,fixed_dwell,20,line_hop,0.05,20,Biological,20.806846618652344,0.5187514567141365,20.659589767456055,0.14412811387900357,0.027364560999558307
unet,fixed_dwell,20,line_hop,0.05,21,Fibres,20.04580307006836,0.3946110246434002,19.906166076660156,0.14412811387900357,0.02961240800050291
unet,fixed_dwell,20,line_hop,0.05,22,Films_Coated_Surface,12.540700912475586,0.2003418178870588,12.359532356262207,0.14412811387900357,0.028914371000610117
unet,fixed_dwell,20,line_hop,0.05,23,MEMS_devices_and_electrodes,24.979717254638672,0.36510652000689126,24.91585922241211,0.14412811387900357,0.029145127999981923
unet,fixed_dwell,20,line_hop,0.05,24,Nanowires,13.390593528747559,0.10422436346606695,13.234368324279785,0.14412811387900357,0.023968675000105577
unet,fixed_dwell,20,line_hop,0.05,25,Particles,29.901077270507812,0.6422431771069549,29.7988338470459,0.14412811387900357,0.027995565000310307
unet,fixed_dwell,20,line_hop,0.05,26,Patterned_surface,17.951963424682617,0.24844625201318574,17.81481170654297,0.14412811387900357,0.021003156999540806
unet,fixed_dwell,20,line_hop,0.05,27,Porous_Sponge,21.495784759521484,0.3128174446435861,21.379901885986328,0.14412811387900357,0.027907791999496112
unet,fixed_dwell,20,line_hop,0.05,28,Powder,19.81865119934082,0.4120532087084231,19.670448303222656,0.14412811387900357,0.02128764700046304
unet,fixed_dwell,20,line_hop,0.05,29,Tips,35.56721115112305,0.9684771427637475,35.46070098876953,0.14412811387900357,0.028454934999899706
unet,fixed_dwell,20,line_hop,0.05,30,Biological,26.052892684936523,0.35242090482290644,26.01575469970703,0.14412811387900357,0.019354183999894303
unet,fixed_dwell,20,line_hop,0.05,31,Fibres,32.519630432128906,0.7464919253218473,32.52000045776367,0.14412811387900357,0.02854548600043927
unet,fixed_dwell,20,line_hop,0.05,32,Films_Coated_Surface,22.858844757080078,0.3089827511945256,22.78277587890625,0.14412811387900357,0.019277207999948587
unet,fixed_dwell,20,line_hop,0.05,33,MEMS_devices_and_electrodes,21.69529151916504,0.5914214244121222,21.53266716003418,0.14412811387900357,0.029228479000266816
unet,fixed_dwell,20,line_hop,0.05,34,Nanowires,24.088037490844727,0.5589781444082105,23.950481414794922,0.14412811387900357,0.02335346100062452
unet,fixed_dwell,20,line_hop,0.05,35,Particles,28.95743179321289,0.8166122741773518,28.873043060302734,0.14412811387900357,0.02995615399959206
unet,fixed_dwell,20,line_hop,0.05,36,Patterned_surface,27.067859649658203,0.8305727793418783,26.904754638671875,0.14412811387900357,0.02922005399977934
unet,fixed_dwell,20,line_hop,0.05,37,Porous_Sponge,14.30111026763916,0.2952821704013642,14.140724182128906,0.14412811387900357,0.02987935999954061
unet,fixed_dwell,20,line_hop,0.05,38,Powder,19.447893142700195,0.2549697916697016,19.31783103942871,0.14412811387900357,0.02754346399979113
unet,fixed_dwell,20,line_hop,0.05,39,Tips,33.688045501708984,0.862539961485779,33.627376556396484,0.14412811387900357,0.025642745999903127
unet,fixed_dwell,20,line_hop,0.05,40,Biological,20.33778190612793,0.31962788748999377,20.217531204223633,0.14412811387900357,0.028807108999899356
unet,fixed_dwell,20,line_hop,0.05,41,Fibres,24.84027862548828,0.7148043931027368,24.722503662109375,0.14412811387900357,0.022872289999213535
unet,fixed_dwell,20,line_hop,0.05,42,Films_Coated_Surface,25.40064811706543,0.39228700891463436,25.341642379760742,0.14412811387900357,0.030022105999705673
unet,fixed_dwell,20,line_hop,0.05,43,MEMS_devices_and_electrodes,20.55142593383789,0.23728144067457765,20.501842498779297,0.14412811387900357,0.019226469000386714
unet,fixed_dwell,20,line_hop,0.05,44,Nanowires,21.033470153808594,0.3468130184947332,20.92420768737793,0.14412811387900357,0.028027795000525657
unet,fixed_dwell,20,line_hop,0.05,45,Particles,30.048202514648438,0.9427228919924044,29.892587661743164,0.14412811387900357,0.02400291499998275
unet,fixed_dwell,20,line_hop,0.05,46,Patterned_surface,26.887897491455078,0.5623514798748138,26.818693161010742,0.14412811387900357,0.028557445999467745
unet,fixed_dwell,20,line_hop,0.05,47,Porous_Sponge,21.137226104736328,0.3736168788756978,20.997291564941406,0.14412811387900357,0.021341836999454245
unet,fixed_dwell,20,line_hop,0.05,48,Powder,22.198345184326172,0.40696313664557643,22.084482192993164,0.14412811387900357,0.029899103000389005
unet,fixed_dwell,20,line_hop,0.05,49,Tips,17.497785568237305,0.14105883622488127,17.396568298339844,0.14412811387900357,0.027615134000370745
unet,fixed_dwell,20,line_hop,0.05,50,Biological,23.945276260375977,0.2695597148448932,23.886215209960938,0.14412811387900357,0.02923152800030948
unet,fixed_dwell,20,line_hop,0.05,51,Fibres,28.77200698852539,0.6804324888517557,28.720558166503906,0.14412811387900357,0.029649234999851615
unet,fixed_dwell,20,line_hop,0.05,52,Films_Coated_Surface,14.454689979553223,0.24783367685674237,14.277161598205566,0.14412811387900357,0.02572826100004022
unet,fixed_dwell,20,line_hop,0.05,53,MEMS_devices_and_electrodes,29.625080108642578,0.8708821115901724,29.45501708984375,0.14412811387900357,0.029248474000269198
unet,fixed_dwell,20,line_hop,0.05,54,Nanowires,27.092676162719727,0.7141951561900686,26.981014251708984,0.14412811387900357,0.027879336000296462
unet,fixed_dwell,20,line_hop,0.05,55,Particles,25.63004493713379,0.3906267878839065,25.550750732421875,0.14412811387900357,0.028687134999927366
unet,fixed_dwell,20,line_hop,0.05,56,Patterned_surface,18.507598876953125,0.4229031037017019,18.34483528137207,0.14412811387900357,0.01950072299950989
unet,fixed_dwell,20,line_hop,0.05,57,Porous_Sponge,19.81068229675293,0.37437531723257006,19.675748825073242,0.14412811387900357,0.02935775000059948
unet,fixed_dwell,20,line_hop,0.05,58,Powder,18.986419677734375,0.1471584120038752,18.88791847229004,0.14412811387900357,0.02792025599956105
unet,fixed_dwell,20,line_hop,0.05,59,Tips,32.19881820678711,0.835088722540478,32.139190673828125,0.14412811387900357,0.02862262100006774
unet,fixed_dwell,20,line_hop,0.05,60,Biological,27.131240844726562,0.4823642792735118,27.077251434326172,0.14412811387900357,0.028633933000492107
unet,fixed_dwell,20,line_hop,0.05,61,Fibres,31.033531188964844,0.7879702244121717,30.989662170410156,0.14412811387900357,0.029561442000158422
unet,fixed_dwell,20,line_hop,0.05,62,Films_Coated_Surface,15.825870513916016,0.2627441633969855,15.672310829162598,0.14412811387900357,0.02847454499988089
unet,fixed_dwell,20,line_hop,0.05,63,MEMS_devices_and_electrodes,19.6204776763916,0.47360348431719085,19.478466033935547,0.14412811387900357,0.025301591999777884
unet,fixed_dwell,20,line_hop,0.05,64,Nanowires,38.2353630065918,0.9289046427823898,38.21800231933594,0.14412811387900357,0.028718405999825336
unet,fixed_dwell,20,line_hop,0.05,65,Particles,34.487918853759766,0.8925674233216059,34.47313690185547,0.14412811387900357,0.022310966000077315
unet,fixed_dwell,20,line_hop,0.05,66,Patterned_surface,17.397802352905273,0.559105496566974,17.264209747314453,0.14412811387900357,0.029565982999884
unet,fixed_dwell,20,line_hop,0.05,67,Porous_Sponge,15.267725944519043,0.307791916398201,15.085775375366211,0.14412811387900357,0.026519646999986435
unet,fixed_dwell,20,line_hop,0.05,68,Powder,19.326448440551758,0.41831590033031524,19.18628692626953,0.14412811387900357,0.02806306099955691
unet,fixed_dwell,20,line_hop,0.05,69,Tips,33.251983642578125,0.8722346616673444,33.16441345214844,0.14412811387900357,0.0233759460006695
unet,fixed_dwell,20,line_hop,0.05,70,Biological,23.50156593322754,0.27939598295854434,23.441509246826172,0.14412811387900357,0.02923358099997131
unet,fixed_dwell,20,line_hop,0.05,71,Fibres,27.10556411743164,0.6754781259194473,27.02923011779785,0.14412811387900357,0.02936769599909894
unet,fixed_dwell,20,line_hop,0.05,72,Films_Coated_Surface,16.19846534729004,0.5245809080744345,16.005985260009766,0.14412811387900357,0.021061539000584162
unet,fixed_dwell,20,line_hop,0.05,73,MEMS_devices_and_electrodes,22.75271987915039,0.6253851914926989,22.647090911865234,0.14412811387900357,0.031034489000376198
unet,fixed_dwell,20,line_hop,0.05,74,Nanowires,34.75096893310547,0.837271072492754,34.729923248291016,0.14412811387900357,0.03033639699970081
unet,fixed_dwell,20,line_hop,0.05,75,Particles,31.36549186706543,0.8789835979172058,31.281707763671875,0.14412811387900357,0.021415430000160995
unet,fixed_dwell,20,line_hop,0.05,76,Patterned_surface,16.723255157470703,0.5764168044577457,16.5325927734375,0.14412811387900357,0.019942151000577724
unet,fixed_dwell,20,line_hop,0.05,77,Porous_Sponge,17.455524444580078,0.3346445685721551,17.278032302856445,0.14412811387900357,0.029620821000207798
unet,fixed_dwell,20,line_hop,0.05,78,Powder,19.869516372680664,0.4118699864492573,19.72304916381836,0.14412811387900357,0.026668032999623392
unet,fixed_dwell,20,line_hop,0.05,79,Tips,26.053916931152344,0.43726879735518215,26.002925872802734,0.14412811387900357,0.0285775479997028
unet,fixed_dwell,20,line_hop,0.05,80,Biological,28.926237106323242,0.49123600197426137,28.90079116821289,0.14412811387900357,0.028472541000155616
unet,fixed_dwell,20,line_hop,0.05,81,Fibres,30.698017120361328,0.6642228950323932,30.68486213684082,0.14412811387900357,0.027720290000615933
unet,fixed_dwell,20,line_hop,0.05,82,Films_Coated_Surface,18.54876708984375,0.525079670900911,18.386676788330078,0.14412811387900357,0.02888947100018413
unet,fixed_dwell,20,line_hop,0.05,83,MEMS_devices_and_electrodes,19.495620727539062,0.37223093441513694,19.356910705566406,0.14412811387900357,0.025770029999875987
unet,fixed_dwell,20,line_hop,0.05,84,Nanowires,34.17604446411133,0.9614383859217269,34.06806182861328,0.14412811387900357,0.027892015999896103
unet,fixed_dwell,20,line_hop,0.05,85,Particles,19.546619415283203,0.4023277087561973,19.388710021972656,0.14412811387900357,0.02900026799943589
unet,fixed_dwell,20,line_hop,0.05,86,Patterned_surface,24.832015991210938,0.8163962977107972,24.653743743896484,0.14412811387900357,0.027604779999819584
unet,fixed_dwell,20,line_hop,0.05,87,Porous_Sponge,19.126811981201172,0.405308291412762,18.972848892211914,0.14412811387900357,0.027713800000128685
unet,fixed_dwell,20,line_hop,0.05,88,Powder,21.8612117767334,0.6146526559211668,21.72064781188965,0.14412811387900357,0.029410562000521168
unet,fixed_dwell,20,line_hop,0.05,89,Tips,26.98735809326172,0.41851314548773133,26.953453063964844,0.14412811387900357,0.028031442000610696
unet,fixed_dwell,20,line_hop,0.05,90,Biological,28.229923248291016,0.4661851214440207,28.192424774169922,0.14412811387900357,0.029554933999861532
unet,fixed_dwell,20,line_hop,0.05,91,Fibres,29.596755981445312,0.7988805693823594,29.53929901123047,0.14412811387900357,0.02297130900024058
unet,fixed_dwell,20,line_hop,0.05,92,Films_Coated_Surface,20.85331153869629,0.32681039927508293,20.73096466064453,0.14412811387900357,0.027152374999786844
unet,fixed_dwell,20,line_hop,0.05,93,MEMS_devices_and_electrodes,24.38138771057129,0.7411838065926682,24.226806640625,0.14412811387900357,0.024851529999978084
unet,fixed_dwell,20,line_hop,0.05,94,Nanowires,11.134976387023926,0.23967053636464514,10.937209129333496,0.14412811387900357,0.028597690999959013
unet,fixed_dwell,20,line_hop,0.05,95,Particles,25.87101936340332,0.5652229925260916,25.734542846679688,0.14412811387900357,0.02394400399953156
unet,fixed_dwell,20,line_hop,0.05,96,Patterned_surface,22.170856475830078,0.4033336525427477,22.042526245117188,0.14412811387900357,0.029387094999947294
unet,fixed_dwell,20,line_hop,0.05,97,Porous_Sponge,22.28799057006836,0.4491571668316035,22.172523498535156,0.14412811387900357,0.02331584399962594
unet,fixed_dwell,20,line_hop,0.05,98,Powder,27.28726577758789,0.8174289947935741,27.168628692626953,0.14412811387900357,0.029301015999408264
unet,fixed_dwell,20,line_hop,0.05,99,Tips,29.491785049438477,0.680714269281029,29.424854278564453,0.14412811387900357,0.021799303000079817
unet,fixed_dwell,20,line_hop,0.1,0,Biological,23.659908294677734,0.3351458263694845,23.529075622558594,0.19750889679715303,0.029024562999438785
unet,fixed_dwell,20,line_hop,0.1,1,Fibres,21.7900447845459,0.4946488498910147,21.590007781982422,0.19750889679715303,0.0213821689994802
unet,fixed_dwell,20,line_hop,0.1,2,Films_Coated_Surface,23.491466522216797,0.3873532214529216,23.328147888183594,0.19750889679715303,0.02939343700018071
unet,fixed_dwell,20,line_hop,0.1,3,MEMS_devices_and_electrodes,24.162805557250977,0.30887590825137795,23.980682373046875,0.19750889679715303,0.02950838600008865
unet,fixed_dwell,20,line_hop,0.1,4,Nanowires,16.304609298706055,0.38700356459147706,15.918493270874023,0.19750889679715303,0.02574362899940752
unet,fixed_dwell,20,line_hop,0.1,5,Particles,17.280471801757812,0.27201979539276555,16.958154678344727,0.19750889679715303,0.028730468000503606
unet,fixed_dwell,20,line_hop,0.1,6,Patterned_surface,23.104537963867188,0.4669924928239593,22.848024368286133,0.19750889679715303,0.020759119000103965
unet,fixed_dwell,20,line_hop,0.1,7,Porous_Sponge,21.838836669921875,0.4054145807062121,21.589054107666016,0.19750889679715303,0.029043939000075625
unet,fixed_dwell,20,line_hop,0.1,8,Powder,17.401628494262695,0.28485602286435613,17.13104248046875,0.19750889679715303,0.021295415999702527
unet,fixed_dwell,20,line_hop,0.1,9,Tips,32.016082763671875,0.9079662168282946,31.833019256591797,0.19750889679715303,0.028567745000145806
unet,fixed_dwell,20,line_hop,0.1,10,Biological,26.902957916259766,0.40664791581391224,26.830110549926758,0.19750889679715303,0.02492145599990181
unet,fixed_dwell,20,line_hop,0.1,11,Fibres,26.037506103515625,0.6749577820705022,25.813526153564453,0.19750889679715303,0.02945335200001864
unet,fixed_dwell,20,line_hop,0.1,12,Films_Coated_Surface,25.561635971069336,0.41874390840290837,25.433067321777344,0.19750889679715303,0.02879984500032151
unet,fixed_dwell,20,line_hop,0.1,13,MEMS_devices_and_electrodes,25.19898223876953,0.3487074972842003,25.036392211914062,0.19750889679715303,0.023060811000505055
unet,fixed_dwell,20,line_hop,0.1,14,Nanowires,13.367403984069824,0.28631431117667283,13.020315170288086,0.19750889679715303,0.028889075999359193
unet,fixed_dwell,20,line_hop,0.1,15,Particles,36.97224426269531,0.9235678572337997,36.93594741821289,0.19750889679715303,0.01917555199997878
unet,fixed_dwell,20,line_hop,0.1,16,Patterned_surface,20.66277313232422,0.5409059072098186,20.458637237548828,0.19750889679715303,0.028864548000456125
unet,fixed_dwell,20,line_hop,0.1,17,Porous_Sponge,13.89443302154541,0.32614430978179904,13.516794204711914,0.19750889679715303,0.027883270000529592
unet,fixed_dwell,20,line_hop,0.1,18,Powder,19.00152015686035,0.3958347015614757,18.728076934814453,0.19750889679715303,0.02808486300000368
unet,fixed_dwell,20,line_hop,0.1,19,Tips,25.280902862548828,0.7833017401863874,25.12250518798828,0.19750889679715303,0.027953460999924573
unet,fixed_dwell,20,line_hop,0.1,20,Biological,23.26216697692871,0.5625334743590958,23.033540725708008,0.19750889679715303,0.019231279999985418
unet,fixed_dwell,20,line_hop,0.1,21,Fibres,21.386703491210938,0.5302245016938988,21.136722564697266,0.19750889679715303,0.027156009999998787
unet,fixed_dwell,20,line_hop,0.1,22,Films_Coated_Surface,12.985454559326172,0.2982604184252484,12.618690490722656,0.19750889679715303,0.02608589800001937
unet,fixed_dwell,20,line_hop,0.1,23,MEMS_devices_and_electrodes,25.572872161865234,0.3850928852200477,25.453157424926758,0.19750889679715303,0.0270902219999698
unet,fixed_dwell,20,line_hop,0.1,24,Nanowires,13.594953536987305,0.1687896641913166,13.2727632522583,0.19750889679715303,0.028420297999218747
unet,fixed_dwell,20,line_hop,0.1,25,Particles,31.895275115966797,0.6460756783574486,31.815868377685547,0.19750889679715303,0.028426877000129025
unet,fixed_dwell,20,line_hop,0.1,26,Patterned_surface,18.433841705322266,0.2928176184634056,18.16103744506836,0.19750889679715303,0.027714574000128778
unet,fixed_dwell,20,line_hop,0.1,27,Porous_Sponge,22.70883560180664,0.334281155187083,22.530319213867188,0.19750889679715303,0.023232257000017853
unet,fixed_dwell,20,line_hop,0.1,28,Powder,21.075029373168945,0.49084207135001184,20.806732177734375,0.19750889679715303,0.028372413999932178
unet,fixed_dwell,20,line_hop,0.1,29,Tips,37.69300842285156,0.971820716415051,37.592063903808594,0.19750889679715303,0.02053111599980184
unet,fixed_dwell,20,line_hop,0.1,30,Biological,26.478992462158203,0.36413944610455834,26.431562423706055,0.19750889679715303,0.028684846999567526
unet,fixed_dwell,20,line_hop,0.1,31,Fibres,33.25990295410156,0.7517104468740128,33.248870849609375,0.19750889679715303,0.02378182000029483
unet,fixed_dwell,20,line_hop,0.1,32,Films_Coated_Surface,23.143041610717773,0.3480265915865989,22.986906051635742,0.19750889679715303,0.028933046000020113
unet,fixed_dwell,20,line_hop,0.1,33,MEMS_devices_and_electrodes,22.644371032714844,0.6104365977470199,22.34063148498535,0.19750889679715303,0.029460269999617594
unet,fixed_dwell,20,line_hop,0.1,34,Nanowires,25.595571517944336,0.6497651207163939,25.34858512878418,0.19750889679715303,0.022519520999594533
unet,fixed_dwell,20,line_hop,0.1,35,Particles,30.303144454956055,0.8245274864656155,30.16229248046875,0.19750889679715303,0.027732614000342437
unet,fixed_dwell,20,line_hop,0.1,36,Patterned_surface,29.022354125976562,0.8582211078523793,28.723236083984375,0.19750889679715303,0.020747909999954572
unet,fixed_dwell,20,line_hop,0.1,37,Porous_Sponge,15.245265007019043,0.38780933111285504,14.929496765136719,0.19750889679715303,0.02879172600023594
unet,fixed_dwell,20,line_hop,0.1,38,Powder,20.377931594848633,0.3110004929847563,20.137155532836914,0.19750889679715303,0.02794092099975387
unet,fixed_dwell,20,line_hop,0.1,39,Tips,35.124000549316406,0.8655036678803262,35.075347900390625,0.19750889679715303,0.028928454000379134
unet,fixed_dwell,20,line_hop,0.1,40,Biological,21.412029266357422,0.3831450574280837,21.21823501586914,0.19750889679715303,0.029271606000293104
unet,fixed_dwell,20,line_hop,0.1,41,Fibres,28.197229385375977,0.7578687920879904,28.090511322021484,0.19750889679715303,0.025973004000661604
unet,fixed_dwell,20,line_hop,0.1,42,Films_Coated_Surface,26.11375617980957,0.40765022709838966,26.026580810546875,0.19750889679715303,0.027651225999761664
unet,fixed_dwell,20,line_hop,0.1,43,MEMS_devices_and_electrodes,21.30682945251465,0.2728963899332278,21.234834671020508,0.19750889679715303,0.024141738999787776
unet,fixed_dwell,20,line_hop,0.1,44,Nanowires,22.581350326538086,0.39117005296898016,22.41856575012207,0.19750889679715303,0.028424433000509453
unet,fixed_dwell,20,line_hop,0.1,45,Particles,33.83939743041992,0.9501115144250161,33.63927459716797,0.19750889679715303,0.025044983999578108
unet,fixed_dwell,20,line_hop,0.1,46,Patterned_surface,27.326135635375977,0.575583973587148,27.183076858520508,0.19750889679715303,0.028777136999451614
unet,fixed_dwell,20,line_hop,0.1,47,Porous_Sponge,22.111356735229492,0.42923003296405654,21.868993759155273,0.19750889679715303,0.021266146000016306
unet,fixed_dwell,20,line_hop,0.1,48,Powder,23.363855361938477,0.4531336759897261,23.16415786743164,0.19750889679715303,0.028423423999811348
unet,fixed_dwell,20,line_hop,0.1,49,Tips,18.2866268157959,0.2028364308706277,18.11257553100586,0.19750889679715303,0.023203226999612525
unet,fixed_dwell,20,line_hop,0.1,50,Biological,24.273454666137695,0.2870095679599834,24.168968200683594,0.19750889679715303,0.028764730999682797
unet,fixed_dwell,20,line_hop,0.1,51,Fibres,30.13899040222168,0.6992452380288797,30.059341430664062,0.19750889679715303,0.028754090000802535
unet,fixed_dwell,20,line_hop,0.1,52,Films_Coated_Surface,15.27692985534668,0.3837733945261352,14.931198120117188,0.19750889679715303,0.026072142999510106
unet,fixed_dwell,20,line_hop,0.1,53,MEMS_devices_and_electrodes,33.498050689697266,0.8900808487512988,33.37226486206055,0.19750889679715303,0.027656717999889224
unet,fixed_dwell,20,line_hop,0.1,54,Nanowires,29.096296310424805,0.7339720298678551,28.968082427978516,0.19750889679715303,0.02419902700057719
unet,fixed_dwell,20,line_hop,0.1,55,Particles,26.53936195373535,0.40042632271012063,26.438472747802734,0.19750889679715303,0.029308561999641825
unet,fixed_dwell,20,line_hop,0.1,56,Patterned_surface,20.860898971557617,0.5235152117248771,20.584915161132812,0.19750889679715303,0.021231724000244867
unet,fixed_dwell,20,line_hop,0.1,57,Porous_Sponge,20.396787643432617,0.40341559393503196,20.125782012939453,0.19750889679715303,0.02751541100042232
unet,fixed_dwell,20,line_hop,0.1,58,Powder,18.88519287109375,0.21797978770246496,18.86235237121582,0.19750889679715303,0.01982724400022562
unet,fixed_dwell,20,line_hop,0.1,59,Tips,34.146942138671875,0.8441900034168973,34.08860778808594,0.19750889679715303,0.029243108000628126
unet,fixed_dwell,20,line_hop,0.1,60,Biological,27.811344146728516,0.4918482905858701,27.755403518676758,0.19750889679715303,0.021254708000014944
unet,fixed_dwell,20,line_hop,0.1,61,Fibres,32.25162124633789,0.8010005875188568,32.17483901977539,0.19750889679715303,0.028871964999780175
unet,fixed_dwell,20,line_hop,0.1,62,Films_Coated_Surface,16.68355941772461,0.3549622512118079,16.371667861938477,0.19750889679715303,0.029234905000521394
unet,fixed_dwell,20,line_hop,0.1,63,MEMS_devices_and_electrodes,20.512697219848633,0.5264801494271746,20.230846405029297,0.19750889679715303,0.02769077999982983
unet,fixed_dwell,20,line_hop,0.1,64,Nanowires,39.02043914794922,0.9305962823831523,38.95194625854492,0.19750889679715303,0.029650503999619104
unet,fixed_dwell,20,line_hop,0.1,65,Particles,34.88450622558594,0.8945520138517783,34.7884407043457,0.19750889679715303,0.026334416000281635
unet,fixed_dwell,20,line_hop,0.1,66,Patterned_surface,18.096416473388672,0.63897434303626,17.869550704956055,0.19750889679715303,0.029100945999744
unet,fixed_dwell,20,line_hop,0.1,67,Porous_Sponge,16.569631576538086,0.41618935423137915,16.2287540435791,0.19750889679715303,0.027065557000241824
unet,fixed_dwell,20,line_hop,0.1,68,Powder,20.588579177856445,0.4647984288750791,20.332059860229492,0.19750889679715303,0.028245974999663304
unet,fixed_dwell,20,line_hop,0.1,69,Tips,34.950008392333984,0.8767195662180802,34.84478759765625,0.19750889679715303,0.029535489000409143
unet,fixed_dwell,20,line_hop,0.1,70,Biological,23.695968627929688,0.3179370241905247,23.566816329956055,0.19750889679715303,0.027505551999638556
unet,fixed_dwell,20,line_hop,0.1,71,Fibres,28.99704360961914,0.6990595970608762,28.904321670532227,0.19750889679715303,0.02677837700048258
unet,fixed_dwell,20,line_hop,0.1,72,Films_Coated_Surface,18.894573211669922,0.6289286210717693,18.530982971191406,0.19750889679715303,0.028742770999997447
unet,fixed_dwell,20,line_hop,0.1,73,MEMS_devices_and_electrodes,23.302295684814453,0.6443088757064099,23.090167999267578,0.19750889679715303,0.023175318000539846
unet,fixed_dwell,20,line_hop,0.1,74,Nanowires,35.477413177490234,0.8393329956181853,35.46199035644531,0.19750889679715303,0.028966333999960625
unet,fixed_dwell,20,line_hop,0.1,75,Particles,32.70895004272461,0.8825435704273431,32.5645866394043,0.19750889679715303,0.029569323000032455
unet,fixed_dwell,20,line_hop,0.1,76,Patterned_surface,18.511688232421875,0.6483908545537392,18.139911651611328,0.19750889679715303,0.02555562399993505
unet,fixed_dwell,20,line_hop,0.1,77,Porous_Sponge,19.677207946777344,0.4318094942340324,19.363975524902344,0.19750889679715303,0.02968269099983445
unet,fixed_dwell,20,line_hop,0.1,78,Powder,21.173402786254883,0.4831997942394682,20.9052677154541,0.19750889679715303,0.018529943999965326
unet,fixed_dwell,20,line_hop,0.1,79,Tips,26.9083309173584,0.44646097056152123,26.844436645507812,0.19750889679715303,0.028901380999741377
unet,fixed_dwell,20,line_hop,0.1,80,Biological,29.033185958862305,0.49360608646671145,28.993030548095703,0.19750889679715303,0.02511448899986135
unet,fixed_dwell,20,line_hop,0.1,81,Fibres,30.86160659790039,0.6678489095978011,30.793720245361328,0.19750889679715303,0.029512355999941065
unet,fixed_dwell,20,line_hop,0.1,82,Films_Coated_Surface,19.312580108642578,0.5556462660507221,18.97422981262207,0.19750889679715303,0.02790006400027778
unet,fixed_dwell,20,line_hop,0.1,83,MEMS_devices_and_electrodes,20.593936920166016,0.4323384158804152,20.383804321289062,0.19750889679715303,0.027289112999824283
unet,fixed_dwell,20,line_hop,0.1,84,Nanowires,35.83278274536133,0.9657233602718929,35.66551971435547,0.19750889679715303,0.03000821499972517
unet,fixed_dwell,20,line_hop,0.1,85,Particles,20.85953140258789,0.45661560647821947,20.543153762817383,0.19750889679715303,0.022481087999949523
unet,fixed_dwell,20,line_hop,0.1,86,Patterned_surface,27.4722843170166,0.8286711693400974,27.166664123535156,0.19750889679715303,0.02706233900062216
unet,fixed_dwell,20,line_hop,0.1,87,Porous_Sponge,20.362228393554688,0.44654147276812595,20.087017059326172,0.19750889679715303,0.022334145000058925
unet,fixed_dwell,20,line_hop,0.1,88,Powder,23.794004440307617,0.6778508769462294,23.55861473083496,0.19750889679715303,0.028677018000053067
unet,fixed_dwell,20,line_hop,0.1,89,Tips,27.678396224975586,0.42301505119870014,27.658687591552734,0.19750889679715303,0.021281551999891235
unet,fixed_dwell,20,line_hop,0.1,90,Biological,28.419275283813477,0.46982229044609203,28.34740447998047,0.19750889679715303,0.029345323000598
unet,fixed_dwell,20,line_hop,0.1,91,Fibres,31.113386154174805,0.8137626814106705,31.043912887573242,0.19750889679715303,0.029088553999827127
unet,fixed_dwell,20,line_hop,0.1,92,Films_Coated_Surface,22.022415161132812,0.3862551075955801,21.81045913696289,0.19750889679715303,0.02921758999946178
unet,fixed_dwell,20,line_hop,0.1,93,MEMS_devices_and_electrodes,26.83892250061035,0.7777525380284611,26.614782333374023,0.19750889679715303,0.02905184600058419
unet,fixed_dwell,20,line_hop,0.1,94,Nanowires,12.187707901000977,0.39086512455962236,11.79591178894043,0.19750889679715303,0.022485532000246167
unet,fixed_dwell,20,line_hop,0.1,95,Particles,26.416339874267578,0.5741975690127427,26.117225646972656,0.19750889679715303,0.02849870699992607
unet,fixed_dwell,20,line_hop,0.1,96,Patterned_surface,23.217470169067383,0.4563429278209573,22.985305786132812,0.19750889679715303,0.017209017000823223
unet,fixed_dwell,20,line_hop,0.1,97,Porous_Sponge,23.316164016723633,0.5231146750693997,23.107873916625977,0.19750889679715303,0.02871065199997247
unet,fixed_dwell,20,line_hop,0.1,98,Powder,29.15457534790039,0.8462398080119585,28.958026885986328,0.19750889679715303,0.021482290000676585
unet,fixed_dwell,20,line_hop,0.1,99,Tips,29.961803436279297,0.6868323439471116,29.820024490356445,0.19750889679715303,0.028418889999556995
unet,fixed_dwell,20,line_hop,0.15,0,Biological,24.044530868530273,0.36967535242908106,23.856260299682617,0.2615658362989324,0.020851862999734294
unet,fixed_dwell,20,line_hop,0.15,1,Fibres,22.699039459228516,0.5624040647412726,22.44753074645996,0.2615658362989324,0.028760010000041802
unet,fixed_dwell,20,line_hop,0.15,2,Films_Coated_Surface,24.27973747253418,0.4140466085630452,24.09001350402832,0.2615658362989324,0.028778017000149703
unet,fixed_dwell,20,line_hop,0.15,3,MEMS_devices_and_electrodes,24.502471923828125,0.32889012239678034,24.259521484375,0.2615658362989324,0.021807072999763477
unet,fixed_dwell,20,line_hop,0.15,4,Nanowires,17.55133056640625,0.5070568413284202,16.975072860717773,0.2615658362989324,0.027306520999445638
unet,fixed_dwell,20,line_hop,0.15,5,Particles,17.746360778808594,0.32849355641375805,17.28217315673828,0.2615658362989324,0.028710180999951262
unet,fixed_dwell,20,line_hop,0.15,6,Patterned_surface,23.781993865966797,0.48856641531874245,23.414995193481445,0.2615658362989324,0.019447372000286123
unet,fixed_dwell,20,line_hop,0.15,7,Porous_Sponge,22.867454528808594,0.44652906115907,22.533458709716797,0.2615658362989324,0.015034079000542988
unet,fixed_dwell,20,line_hop,0.15,8,Powder,18.27362823486328,0.33806971591538804,17.914134979248047,0.2615658362989324,0.024804386000141676
unet,fixed_dwell,20,line_hop,0.15,9,Tips,32.82180404663086,0.9109282700159093,32.65612030029297,0.2615658362989324,0.027293793000353617
unet,fixed_dwell,20,line_hop,0.15,10,Biological,27.01300048828125,0.40888326917607787,26.90955924987793,0.2615658362989324,0.021455260000038834
unet,fixed_dwell,20,line_hop,0.15,11,Fibres,27.262500762939453,0.7006757698646308,26.981487274169922,0.2615658362989324,0.029374325000389945
unet,fixed_dwell,20,line_hop,0.15,12,Films_Coated_Surface,25.97540855407715,0.43778114642878635,25.78162384033203,0.2615658362989324,0.02883242100051575
unet,fixed_dwell,20,line_hop,0.15,13,MEMS_devices_and_electrodes,25.339963912963867,0.37620849401720874,25.168926239013672,0.2615658362989324,0.023365185000329802
unet,fixed_dwell,20,line_hop,0.15,14,Nanowires,13.928518295288086,0.39646698860884216,13.38508129119873,0.2615658362989324,0.02503296200029581
unet,fixed_dwell,20,line_hop,0.15,15,Particles,37.8638801574707,0.9237080288400529,37.844966888427734,0.2615658362989324,0.029125557000043045
unet,fixed_dwell,20,line_hop,0.15,16,Patterned_surface,22.248855590820312,0.687754681562635,21.94492530822754,0.2615658362989324,0.03299539099953108
unet,fixed_dwell,20,line_hop,0.15,17,Porous_Sponge,15.119047164916992,0.41862212000228555,14.562189102172852,0.2615658362989324,0.02875492499970278
unet,fixed_dwell,20,line_hop,0.15,18,Powder,20.038028717041016,0.4791739687419516,19.672082901000977,0.2615658362989324,0.029343671000788163
unet,fixed_dwell,20,line_hop,0.15,19,Tips,25.985366821289062,0.8006514023656583,25.75027847290039,0.2615658362989324,0.02750375699997676
unet,fixed_dwell,20,line_hop,0.15,20,Biological,24.124366760253906,0.5860721417366338,23.816814422607422,0.2615658362989324,0.025593609999305045
unet,fixed_dwell,20,line_hop,0.15,21,Fibres,22.845308303833008,0.6423506379498964,22.48847198486328,0.2615658362989324,0.029268170000250393
unet,fixed_dwell,20,line_hop,0.15,22,Films_Coated_Surface,13.69433879852295,0.3925651881270924,13.153620719909668,0.2615658362989324,0.01848389499991754
unet,fixed_dwell,20,line_hop,0.15,23,MEMS_devices_and_electrodes,25.716569900512695,0.4040974692858934,25.522899627685547,0.2615658362989324,0.02947430099993653
unet,fixed_dwell,20,line_hop,0.15,24,Nanowires,13.783259391784668,0.24866440587268043,13.297489166259766,0.2615658362989324,0.029223268999885477
unet,fixed_dwell,20,line_hop,0.15,25,Particles,32.28365707397461,0.6483198763354017,32.216590881347656,0.2615658362989324,0.023001560000011523
unet,fixed_dwell,20,line_hop,0.15,26,Patterned_surface,18.851585388183594,0.3309049682431955,18.445438385009766,0.2615658362989324,0.028856101999735984
unet,fixed_dwell,20,line_hop,0.15,27,Porous_Sponge,23.267047882080078,0.34783731610453067,23.034696578979492,0.2615658362989324,0.02634503900026175
unet,fixed_dwell,20,line_hop,0.15,28,Powder,22.29376983642578,0.5621742269440221,21.915843963623047,0.2615658362989324,0.02619349799988413
unet,fixed_dwell,20,line_hop,0.15,29,Tips,39.508949279785156,0.9746638057683992,39.4129638671875,0.2615658362989324,0.02853443399999378
unet,fixed_dwell,20,line_hop,0.15,30,Biological,26.442344665527344,0.3689103175554002,26.34933853149414,0.2615658362989324,0.02985928399994009
unet,fixed_dwell,20,line_hop,0.15,31,Fibres,33.91535949707031,0.753788897906847,33.892433166503906,0.2615658362989324,0.03022477499962406
unet,fixed_dwell,20,line_hop,0.15,32,Films_Coated_Surface,23.44149398803711,0.3834370872367003,23.218278884887695,0.2615658362989324,0.020336632000180543
unet,fixed_dwell,20,line_hop,0.15,33,MEMS_devices_and_electrodes,23.897266387939453,0.6278266518241057,23.469314575195312,0.2615658362989324,0.029224720000456728
unet,fixed_dwell,20,line_hop,0.15,34,Nanowires,26.624404907226562,0.704116897422463,26.272724151611328,0.2615658362989324,0.02904291300001205
unet,fixed_dwell,20,line_hop,0.15,35,Particles,30.573938369750977,0.824770129459377,30.37366485595703,0.2615658362989324,0.025916387000506802
unet,fixed_dwell,20,line_hop,0.15,36,Patterned_surface,29.565563201904297,0.8749547782831332,29.096078872680664,0.2615658362989324,0.026547835000201303
unet,fixed_dwell,20,line_hop,0.15,37,Porous_Sponge,16.073640823364258,0.45306375890048667,15.620713233947754,0.2615658362989324,0.028998043000683538
unet,fixed_dwell,20,line_hop,0.15,38,Powder,21.02165985107422,0.3506163092118378,20.6900634765625,0.2615658362989324,0.02857190599934256
unet,fixed_dwell,20,line_hop,0.15,39,Tips,35.82556915283203,0.8678223560978964,35.73999786376953,0.2615658362989324,0.021386381999946025
unet,fixed_dwell,20,line_hop,0.15,40,Biological,21.899250030517578,0.42357491005472914,21.60556983947754,0.2615658362989324,0.028858142999524716
unet,fixed_dwell,20,line_hop,0.15,41,Fibres,28.788766860961914,0.7721069491081884,28.635046005249023,0.2615658362989324,0.029259704000651254
unet,fixed_dwell,20,line_hop,0.15,42,Films_Coated_Surface,26.30873680114746,0.4205251373055641,26.183977127075195,0.2615658362989324,0.029244978999486193
unet,fixed_dwell,20,line_hop,0.15,43,MEMS_devices_and_electrodes,21.985511779785156,0.3030116778557594,21.856494903564453,0.2615658362989324,0.02023967700006324
unet,fixed_dwell,20,line_hop,0.15,44,Nanowires,22.997732162475586,0.4154998676014776,22.761747360229492,0.2615658362989324,0.029073841999888828
unet,fixed_dwell,20,line_hop,0.15,45,Particles,34.4057502746582,0.9504788496323879,34.14800262451172,0.2615658362989324,0.028823193999414798
unet,fixed_dwell,20,line_hop,0.15,46,Patterned_surface,27.686729431152344,0.6010694918835732,27.48307228088379,0.2615658362989324,0.027990257000055863
unet,fixed_dwell,20,line_hop,0.15,47,Porous_Sponge,23.0104923248291,0.46349607182553865,22.675495147705078,0.2615658362989324,0.02501949700035766
unet,fixed_dwell,20,line_hop,0.15,48,Powder,24.198514938354492,0.48811811365196905,23.968000411987305,0.2615658362989324,0.02817368800060649
unet,fixed_dwell,20,line_hop,0.15,49,Tips,18.721595764160156,0.23315004416734186,18.47507095336914,0.2615658362989324,0.025269163999837474
unet,fixed_dwell,20,line_hop,0.15,50,Biological,24.509044647216797,0.29953470295749496,24.379135131835938,0.2615658362989324,0.0232984510003007
unet,fixed_dwell,20,line_hop,0.15,51,Fibres,31.02972984313965,0.7119110091683183,30.950817108154297,0.2615658362989324,0.03001442599997972
unet,fixed_dwell,20,line_hop,0.15,52,Films_Coated_Surface,16.237186431884766,0.4905602931681396,15.734550476074219,0.2615658362989324,0.027079847999630147
unet,fixed_dwell,20,line_hop,0.15,53,MEMS_devices_and_electrodes,33.5228271484375,0.8942482028639238,33.17225646972656,0.2615658362989324,0.01913419500033342
unet,fixed_dwell,20,line_hop,0.15,54,Nanowires,30.36565589904785,0.7473954740684199,30.241594314575195,0.2615658362989324,0.028968864999114885
unet,fixed_dwell,20,line_hop,0.15,55,Particles,26.959781646728516,0.40731862312564515,26.84821891784668,0.2615658362989324,0.029408301999865216
unet,fixed_dwell,20,line_hop,0.15,56,Patterned_surface,22.403661727905273,0.5691273649093731,22.039169311523438,0.2615658362989324,0.021521321999898646
unet,fixed_dwell,20,line_hop,0.15,57,Porous_Sponge,21.134220123291016,0.43751140635646324,20.777847290039062,0.2615658362989324,0.025859424999907787
unet,fixed_dwell,20,line_hop,0.15,58,Powder,19.121402740478516,0.2701163088569993,18.935239791870117,0.2615658362989324,0.02729675199952908
unet,fixed_dwell,20,line_hop,0.15,59,Tips,34.92406463623047,0.8473508705678089,34.87282943725586,0.2615658362989324,0.029182098000092083
unet,fixed_dwell,20,line_hop,0.15,60,Biological,27.98424530029297,0.4962732164400567,27.85016632080078,0.2615658362989324,0.020015289000184566
unet,fixed_dwell,20,line_hop,0.15,61,Fibres,32.767967224121094,0.8093601161057604,32.70158767700195,0.2615658362989324,0.0271419809996587
unet,fixed_dwell,20,line_hop,0.15,62,Films_Coated_Surface,17.463762283325195,0.42873149633153773,16.995121002197266,0.2615658362989324,0.028138952000517747
unet,fixed_dwell,20,line_hop,0.15,63,MEMS_devices_and_electrodes,21.322772979736328,0.5663801846592722,20.912254333496094,0.2615658362989324,0.023050752000017383
unet,fixed_dwell,20,line_hop,0.15,64,Nanowires,39.8905143737793,0.9327987532026571,39.85769271850586,0.2615658362989324,0.028886565999528102
unet,fixed_dwell,20,line_hop,0.15,65,Particles,35.3672981262207,0.8941822476027935,35.304901123046875,0.2615658362989324,0.0269497789995512
unet,fixed_dwell,20,line_hop,0.15,66,Patterned_surface,18.845979690551758,0.6955939636896112,18.515533447265625,0.2615658362989324,0.020899731000099564
unet,fixed_dwell,20,line_hop,0.15,67,Porous_Sponge,17.654979705810547,0.4977553725036913,17.162128448486328,0.2615658362989324,0.0294990210004471
unet,fixed_dwell,20,line_hop,0.15,68,Powder,21.62874984741211,0.5117911433032519,21.293193817138672,0.2615658362989324,0.02946086599968112
unet,fixed_dwell,20,line_hop,0.15,69,Tips,35.46281051635742,0.8783339936141766,35.37480545043945,0.2615658362989324,0.020467617000576865
unet,fixed_dwell,20,line_hop,0.15,70,Biological,24.04684066772461,0.35269810805252966,23.892927169799805,0.2615658362989324,0.029442752999784716
unet,fixed_dwell,20,line_hop,0.15,71,Fibres,29.826507568359375,0.7132157371484932,29.730730056762695,0.2615658362989324,0.029541349999817612
unet,fixed_dwell,20,line_hop,0.15,72,Films_Coated_Surface,20.725780487060547,0.675051064347423,20.2074031829834,0.2615658362989324,0.025397027000508388
unet,fixed_dwell,20,line_hop,0.15,73,MEMS_devices_and_electrodes,23.719043731689453,0.6661124476180814,23.39325714111328,0.2615658362989324,0.02784063099988998
unet,fixed_dwell,20,line_hop,0.15,74,Nanowires,35.89754867553711,0.8430169100138142,35.84476089477539,0.2615658362989324,0.029371499000262702
unet,fixed_dwell,20,line_hop,0.15,75,Particles,33.90456771850586,0.8871549731442238,33.75093460083008,0.2615658362989324,0.029206058999989182
unet,fixed_dwell,20,line_hop,0.15,76,Patterned_surface,21.159976959228516,0.6937159455089796,20.659435272216797,0.2615658362989324,0.023463255999558896
unet,fixed_dwell,20,line_hop,0.15,77,Porous_Sponge,20.622047424316406,0.47475615786215547,20.17557144165039,0.2615658362989324,0.028525626999908127
unet,fixed_dwell,20,line_hop,0.15,78,Powder,22.572200775146484,0.5486319578915694,22.23940658569336,0.2615658362989324,0.026110165000318375
unet,fixed_dwell,20,line_hop,0.15,79,Tips,27.453527450561523,0.45394077973174884,27.391023635864258,0.2615658362989324,0.026307097000426438
unet,fixed_dwell,20,line_hop,0.15,80,Biological,29.46283721923828,0.5018911225882811,29.429039001464844,0.2615658362989324,0.02953300199988007
unet,fixed_dwell,20,line_hop,0.15,81,Fibres,31.37781524658203,0.6757017168195653,31.336219787597656,0.2615658362989324,0.028891717000078643
unet,fixed_dwell,20,line_hop,0.15,82,Films_Coated_Surface,20.855562210083008,0.6124948033637964,20.387174606323242,0.2615658362989324,0.02073961699989013
unet,fixed_dwell,20,line_hop,0.15,83,MEMS_devices_and_electrodes,21.90399932861328,0.46511722282309864,21.58977508544922,0.2615658362989324,0.02865616700000828
unet,fixed_dwell,20,line_hop,0.15,84,Nanowires,38.66997146606445,0.969573681032242,38.56965637207031,0.2615658362989324,0.028939264999280567
unet,fixed_dwell,20,line_hop,0.15,85,Particles,22.498615264892578,0.5070991980738911,22.11005973815918,0.2615658362989324,0.02173811300053785
unet,fixed_dwell,20,line_hop,0.15,86,Patterned_surface,28.725778579711914,0.8340926334034288,28.286218643188477,0.2615658362989324,0.022213210999325383
unet,fixed_dwell,20,line_hop,0.15,87,Porous_Sponge,21.176902770996094,0.478287037065122,20.792213439941406,0.2615658362989324,0.028295860999605793
unet,fixed_dwell,20,line_hop,0.15,88,Powder,25.274593353271484,0.7217708614738029,24.987201690673828,0.2615658362989324,0.025644692000241776
unet,fixed_dwell,20,line_hop,0.15,89,Tips,27.852895736694336,0.42448365575100533,27.828872680664062,0.2615658362989324,0.02828608400068333
unet,fixed_dwell,20,line_hop,0.15,90,Biological,28.7562255859375,0.4760257521817768,28.668067932128906,0.2615658362989324,0.028801183999348723
unet,fixed_dwell,20,line_hop,0.15,91,Fibres,32.149986267089844,0.8161757842034059,32.07301330566406,0.2615658362989324,0.021504944999833242
unet,fixed_dwell,20,line_hop,0.15,92,Films_Coated_Surface,22.727643966674805,0.4382962818143638,22.479373931884766,0.2615658362989324,0.02883628600011434
unet,fixed_dwell,20,line_hop,0.15,93,MEMS_devices_and_electrodes,28.12966537475586,0.7976562818191681,27.838302612304688,0.2615658362989324,0.03162771600000269
unet,fixed_dwell,20,line_hop,0.15,94,Nanowires,12.920011520385742,0.49720734771381414,12.325030326843262,0.2615658362989324,0.023379257999295078
unet,fixed_dwell,20,line_hop,0.15,95,Particles,26.954238891601562,0.5798770178259246,26.496089935302734,0.2615658362989324,0.029999776000295242
unet,fixed_dwell,20,line_hop,0.15,96,Patterned_surface,23.87974739074707,0.48976180217023113,23.544797897338867,0.2615658362989324,0.02781002899973828
unet,fixed_dwell,20,line_hop,0.15,97,Porous_Sponge,24.065486907958984,0.5952270283184063,23.73927879333496,0.2615658362989324,0.02155813399986073
unet,fixed_dwell,20,line_hop,0.15,98,Powder,30.670726776123047,0.8627310681854764,30.46502685546875,0.2615658362989324,0.02877678300046682
unet,fixed_dwell,20,line_hop,0.15,99,Tips,30.671493530273438,0.68977489845306,30.52963638305664,0.2615658362989324,0.027646681999613065
unet,fixed_dwell,20,line_hop,0.2,0,Biological,24.29368782043457,0.38536918662685493,24.056737899780273,0.31494661921708184,0.02201123099985125
unet,fixed_dwell,20,line_hop,0.2,1,Fibres,23.3872127532959,0.6151994259718048,23.062379837036133,0.31494661921708184,0.02739242000006925
unet,fixed_dwell,20,line_hop,0.2,2,Films_Coated_Surface,24.57230567932129,0.4277835630954896,24.320335388183594,0.31494661921708184,0.029793425000207208
unet,fixed_dwell,20,line_hop,0.2,3,MEMS_devices_and_electrodes,24.734397888183594,0.3559497366503614,24.44614601135254,0.31494661921708184,0.01896873100031371
unet,fixed_dwell,20,line_hop,0.2,4,Nanowires,18.269765853881836,0.5813850686527333,17.51276969909668,0.31494661921708184,0.02777390600022045
unet,fixed_dwell,20,line_hop,0.2,5,Particles,18.00748634338379,0.36604696384340857,17.381790161132812,0.31494661921708184,0.027401934999943478
unet,fixed_dwell,20,line_hop,0.2,6,Patterned_surface,24.83118438720703,0.5220670506240845,24.430809020996094,0.31494661921708184,0.02059285399991495
unet,fixed_dwell,20,line_hop,0.2,7,Porous_Sponge,23.345224380493164,0.4775490713425506,22.929899215698242,0.31494661921708184,0.030098123000243504
unet,fixed_dwell,20,line_hop,0.2,8,Powder,18.57424545288086,0.36879906610340685,18.110084533691406,0.31494661921708184,0.029891047999626608
unet,fixed_dwell,20,line_hop,0.2,9,Tips,33.00120544433594,0.9130798010227997,32.70208740234375,0.31494661921708184,0.02156755499981955
unet,fixed_dwell,20,line_hop,0.2,10,Biological,27.283863067626953,0.42807508951336065,27.148616790771484,0.31494661921708184,0.02917909799998597
unet,fixed_dwell,20,line_hop,0.2,11,Fibres,27.545982360839844,0.7100125424499308,27.17715835571289,0.31494661921708184,0.028855243000180053
unet,fixed_dwell,20,line_hop,0.2,12,Films_Coated_Surface,26.294666290283203,0.4633348934345251,26.05656623840332,0.31494661921708184,0.023445443000127852
unet,fixed_dwell,20,line_hop,0.2,13,MEMS_devices_and_electrodes,25.642786026000977,0.38947192546106446,25.373306274414062,0.31494661921708184,0.028498541999397276
unet,fixed_dwell,20,line_hop,0.2,14,Nanowires,14.306596755981445,0.46012535662670423,13.56946086883545,0.31494661921708184,0.02744831299969519
unet,fixed_dwell,20,line_hop,0.2,15,Particles,37.878421783447266,0.9236936036029838,37.79479217529297,0.31494661921708184,0.01804443800028821
unet,fixed_dwell,20,line_hop,0.2,16,Patterned_surface,23.134464263916016,0.7451522693319119,22.78415870666504,0.31494661921708184,0.028712406000522606
unet,fixed_dwell,20,line_hop,0.2,17,Porous_Sponge,15.969236373901367,0.47433739409011905,15.238967895507812,0.31494661921708184,0.02783119200012152
unet,fixed_dwell,20,line_hop,0.2,18,Powder,20.621061325073242,0.5099812814050156,20.149438858032227,0.31494661921708184,0.019270834000053583
unet,fixed_dwell,20,line_hop,0.2,19,Tips,26.344511032104492,0.8114060088967998,26.06072425842285,0.31494661921708184,0.02866183199967054
unet,fixed_dwell,20,line_hop,0.2,20,Biological,24.69000816345215,0.6017978286040121,24.294605255126953,0.31494661921708184,0.02940691000003426
unet,fixed_dwell,20,line_hop,0.2,21,Fibres,23.930646896362305,0.697164363564409,23.509567260742188,0.31494661921708184,0.018634235000718036
unet,fixed_dwell,20,line_hop,0.2,22,Films_Coated_Surface,14.234893798828125,0.4581446070520881,13.520115852355957,0.31494661921708184,0.03103063900016423
unet,fixed_dwell,20,line_hop,0.2,23,MEMS_devices_and_electrodes,25.908231735229492,0.39838414178914694,25.75425148010254,0.31494661921708184,0.028691977000562474
unet,fixed_dwell,20,line_hop,0.2,24,Nanowires,13.959037780761719,0.29646938752529606,13.293013572692871,0.31494661921708184,0.019378529000277922
unet,fixed_dwell,20,line_hop,0.2,25,Particles,32.458274841308594,0.6500255490614761,32.39293670654297,0.31494661921708184,0.027718814999388997
unet,fixed_dwell,20,line_hop,0.2,26,Patterned_surface,19.199182510375977,0.3657610111199189,18.65926742553711,0.31494661921708184,0.0295123899995815
unet,fixed_dwell,20,line_hop,0.2,27,Porous_Sponge,23.860578536987305,0.3606633877193428,23.609786987304688,0.31494661921708184,0.021532541999476962
unet,fixed_dwell,20,line_hop,0.2,28,Powder,22.85445213317871,0.5996924913124655,22.364688873291016,0.31494661921708184,0.028481291999923997
unet,fixed_dwell,20,line_hop,0.2,29,Tips,39.46323013305664,0.9752377729117567,39.25871658325195,0.31494661921708184,0.028089909999835072
unet,fixed_dwell,20,line_hop,0.2,30,Biological,26.770307540893555,0.3783640347695972,26.69170570373535,0.31494661921708184,0.021217398000771936
unet,fixed_dwell,20,line_hop,0.2,31,Fibres,33.72138214111328,0.7540434405616078,33.661251068115234,0.31494661921708184,0.02840434500012634
unet,fixed_dwell,20,line_hop,0.2,32,Films_Coated_Surface,23.852060317993164,0.4147969073302547,23.577716827392578,0.31494661921708184,0.028445889000067837
unet,fixed_dwell,20,line_hop,0.2,33,MEMS_devices_and_electrodes,24.41961097717285,0.6369984668985016,23.851028442382812,0.31494661921708184,0.023729608000394364
unet,fixed_dwell,20,line_hop,0.2,34,Nanowires,27.497928619384766,0.7375877648671695,27.052444458007812,0.31494661921708184,0.027844088000165357
unet,fixed_dwell,20,line_hop,0.2,35,Particles,31.819555282592773,0.8317972093017608,31.62062644958496,0.31494661921708184,0.019774692000282812
unet,fixed_dwell,20,line_hop,0.2,36,Patterned_surface,30.435291290283203,0.8827127224074917,29.820575714111328,0.31494661921708184,0.028867347999948834
unet,fixed_dwell,20,line_hop,0.2,37,Porous_Sponge,16.483882904052734,0.502029190734606,15.879559516906738,0.31494661921708184,0.02706851099992491
unet,fixed_dwell,20,line_hop,0.2,38,Powder,21.51082992553711,0.37766770865181626,21.09148406982422,0.31494661921708184,0.020788241999980528
unet,fixed_dwell,20,line_hop,0.2,39,Tips,36.09396743774414,0.8668864259134651,36.049163818359375,0.31494661921708184,0.028341788000034285
unet,fixed_dwell,20,line_hop,0.2,40,Biological,22.69341278076172,0.4571425354931416,22.371118545532227,0.31494661921708184,0.032008905000111554
unet,fixed_dwell,20,line_hop,0.2,41,Fibres,29.41585922241211,0.777151077030375,29.16019058227539,0.31494661921708184,0.02506301399989752
unet,fixed_dwell,20,line_hop,0.2,42,Films_Coated_Surface,26.54573631286621,0.43107307540895495,26.389564514160156,0.31494661921708184,0.02511986599984084
unet,fixed_dwell,20,line_hop,0.2,43,MEMS_devices_and_electrodes,22.059219360351562,0.3281526233278133,21.93413734436035,0.31494661921708184,0.028668216000369284
unet,fixed_dwell,20,line_hop,0.2,44,Nanowires,23.81009864807129,0.44644134942103264,23.579586029052734,0.31494661921708184,0.028757878999385866
unet,fixed_dwell,20,line_hop,0.2,45,Particles,35.634361267089844,0.9527201597060035,35.401084899902344,0.31494661921708184,0.02323703000001842
unet,fixed_dwell,20,line_hop,0.2,46,Patterned_surface,27.90464210510254,0.6238940782657251,27.61948585510254,0.31494661921708184,0.027792496999609284
unet,fixed_dwell,20,line_hop,0.2,47,Porous_Sponge,23.541160583496094,0.4914738292920749,23.114479064941406,0.31494661921708184,0.0280171659996995
unet,fixed_dwell,20,line_hop,0.2,48,Powder,24.765663146972656,0.5116851912247969,24.498767852783203,0.31494661921708184,0.023969270999259606
unet,fixed_dwell,20,line_hop,0.2,49,Tips,18.93581199645996,0.27601917067149645,18.596406936645508,0.31494661921708184,0.029542907000177365
unet,fixed_dwell,20,line_hop,0.2,50,Biological,24.626373291015625,0.3175270773203593,24.443464279174805,0.31494661921708184,0.025125331000708684
unet,fixed_dwell,20,line_hop,0.2,51,Fibres,31.572582244873047,0.7199621338336526,31.48341178894043,0.31494661921708184,0.028222495000591152
unet,fixed_dwell,20,line_hop,0.2,52,Films_Coated_Surface,17.017642974853516,0.5684690093058274,16.369224548339844,0.31494661921708184,0.028872842000055243
unet,fixed_dwell,20,line_hop,0.2,53,MEMS_devices_and_electrodes,34.97974395751953,0.8945670561231991,34.872474670410156,0.31494661921708184,0.020469091999984812
unet,fixed_dwell,20,line_hop,0.2,54,Nanowires,30.65322494506836,0.750468010201069,30.48624038696289,0.31494661921708184,0.029051504999188182
unet,fixed_dwell,20,line_hop,0.2,55,Particles,27.080127716064453,0.4121222898400346,26.92279815673828,0.31494661921708184,0.02735692399983236
unet,fixed_dwell,20,line_hop,0.2,56,Patterned_surface,23.659822463989258,0.5934477239761408,23.263065338134766,0.31494661921708184,0.028440109000257507
unet,fixed_dwell,20,line_hop,0.2,57,Porous_Sponge,21.66686248779297,0.4625379949602421,21.19951629638672,0.31494661921708184,0.028665221000665042
unet,fixed_dwell,20,line_hop,0.2,58,Powder,19.27902603149414,0.31530021535837316,18.97816276550293,0.31494661921708184,0.026419880000503326
unet,fixed_dwell,20,line_hop,0.2,59,Tips,35.53160095214844,0.8492423393403129,35.48133087158203,0.31494661921708184,0.02838073200018698
unet,fixed_dwell,20,line_hop,0.2,60,Biological,28.340152740478516,0.504633086804701,28.219717025756836,0.31494661921708184,0.029815944999427302
unet,fixed_dwell,20,line_hop,0.2,61,Fibres,33.180545806884766,0.8154441364474253,33.0395393371582,0.31494661921708184,0.017083403000469843
unet,fixed_dwell,20,line_hop,0.2,62,Films_Coated_Surface,18.068086624145508,0.48199709571939625,17.44915199279785,0.31494661921708184,0.02940919600041525
unet,fixed_dwell,20,line_hop,0.2,63,MEMS_devices_and_electrodes,21.962766647338867,0.6020841996418833,21.442676544189453,0.31494661921708184,0.02918311699977494
unet,fixed_dwell,20,line_hop,0.2,64,Nanowires,39.84617614746094,0.9331202077844463,39.78910827636719,0.31494661921708184,0.021339683999940462
unet,fixed_dwell,20,line_hop,0.2,65,Particles,35.715606689453125,0.8944714885340327,35.65188217163086,0.31494661921708184,0.028718864999973448
unet,fixed_dwell,20,line_hop,0.2,66,Patterned_surface,19.50718879699707,0.7436151548588573,19.10346221923828,0.31494661921708184,0.02915406499960227
unet,fixed_dwell,20,line_hop,0.2,67,Porous_Sponge,18.26312828063965,0.546302627429102,17.623828887939453,0.31494661921708184,0.02505639099945256
unet,fixed_dwell,20,line_hop,0.2,68,Powder,22.125225067138672,0.5421166483777998,21.70758056640625,0.31494661921708184,0.030149041999720794
unet,fixed_dwell,20,line_hop,0.2,69,Tips,36.311954498291016,0.8805224835928718,36.2042121887207,0.31494661921708184,0.021642064999468857
unet,fixed_dwell,20,line_hop,0.2,70,Biological,24.272525787353516,0.37244617465740326,24.071086883544922,0.31494661921708184,0.027420665999670746
unet,fixed_dwell,20,line_hop,0.2,71,Fibres,30.50067901611328,0.7312944983877907,30.444047927856445,0.31494661921708184,0.028892026999528753
unet,fixed_dwell,20,line_hop,0.2,72,Films_Coated_Surface,21.789491653442383,0.6984572804134977,21.137298583984375,0.31494661921708184,0.022460224000496964
unet,fixed_dwell,20,line_hop,0.2,73,MEMS_devices_and_electrodes,24.189699172973633,0.6794211363603562,23.77997589111328,0.31494661921708184,0.028626432999772078
unet,fixed_dwell,20,line_hop,0.2,74,Nanowires,35.946292877197266,0.8419981013532453,35.93450927734375,0.31494661921708184,0.025973908999731066
unet,fixed_dwell,20,line_hop,0.2,75,Particles,34.58485794067383,0.8904002165129479,34.37555694580078,0.31494661921708184,0.029094833999806724
unet,fixed_dwell,20,line_hop,0.2,76,Patterned_surface,22.424861907958984,0.7135354298115597,21.80824089050293,0.31494661921708184,0.02769087100023171
unet,fixed_dwell,20,line_hop,0.2,77,Porous_Sponge,21.634803771972656,0.5065729256105178,21.098758697509766,0.31494661921708184,0.027782183000454097
unet,fixed_dwell,20,line_hop,0.2,78,Powder,23.207298278808594,0.5840428369023539,22.790687561035156,0.31494661921708184,0.024773402000391798
unet,fixed_dwell,20,line_hop,0.2,79,Tips,27.708477020263672,0.4575760948105502,27.652759552001953,0.31494661921708184,0.028737425999679544
unet,fixed_dwell,20,line_hop,0.2,80,Biological,29.547813415527344,0.5027065730405029,29.484403610229492,0.31494661921708184,0.028658826999162557
unet,fixed_dwell,20,line_hop,0.2,81,Fibres,31.620004653930664,0.6810782818088884,31.59185028076172,0.31494661921708184,0.022392811999452533
unet,fixed_dwell,20,line_hop,0.2,82,Films_Coated_Surface,22.170812606811523,0.6407349710040487,21.60840606689453,0.31494661921708184,0.029119050999725005
unet,fixed_dwell,20,line_hop,0.2,83,MEMS_devices_and_electrodes,22.256072998046875,0.4920448013629423,21.8464298248291,0.31494661921708184,0.029031795999799215
unet,fixed_dwell,20,line_hop,0.2,84,Nanowires,38.519317626953125,0.9699039536252122,38.409950256347656,0.31494661921708184,0.023060174000420375
unet,fixed_dwell,20,line_hop,0.2,85,Particles,23.196603775024414,0.5254130821623247,22.66298484802246,0.31494661921708184,0.029271990000779624
unet,fixed_dwell,20,line_hop,0.2,86,Patterned_surface,29.71578598022461,0.8378851214293678,29.214801788330078,0.31494661921708184,0.02858649800054991
unet,fixed_dwell,20,line_hop,0.2,87,Porous_Sponge,21.725555419921875,0.49734679436690016,21.225109100341797,0.31494661921708184,0.02255248599976767
unet,fixed_dwell,20,line_hop,0.2,88,Powder,26.155933380126953,0.7440707813103848,25.822851181030273,0.31494661921708184,0.028888042999824393
unet,fixed_dwell,20,line_hop,0.2,89,Tips,27.90431785583496,0.42646244158404556,27.875783920288086,0.31494661921708184,0.02881914499994309
unet,fixed_dwell,20,line_hop,0.2,90,Biological,28.95237159729004,0.48055621483196337,28.869609832763672,0.31494661921708184,0.023035974999402242
unet,fixed_dwell,20,line_hop,0.2,91,Fibres,32.59659194946289,0.8208572060066277,32.49068832397461,0.31494661921708184,0.027584397999817156
unet,fixed_dwell,20,line_hop,0.2,92,Films_Coated_Surface,23.33584976196289,0.47626935382108404,23.020416259765625,0.31494661921708184,0.028762173999894003
unet,fixed_dwell,20,line_hop,0.2,93,MEMS_devices_and_electrodes,29.041059494018555,0.8092296955900489,28.762222290039062,0.31494661921708184,0.020957843999894976
unet,fixed_dwell,20,line_hop,0.2,94,Nanowires,13.831130981445312,0.5783769181484126,13.050309181213379,0.31494661921708184,0.029488164999747823
unet,fixed_dwell,20,line_hop,0.2,95,Particles,27.146907806396484,0.5849884898639376,26.54350471496582,0.31494661921708184,0.029438454000228376
unet,fixed_dwell,20,line_hop,0.2,96,Patterned_surface,24.464031219482422,0.5179023765981265,24.0550537109375,0.31494661921708184,0.021187735999774304
unet,fixed_dwell,20,line_hop,0.2,97,Porous_Sponge,24.898380279541016,0.6405125383073675,24.53441619873047,0.31494661921708184,0.029501058999812813
unet,fixed_dwell,20,line_hop,0.2,98,Powder,31.43600082397461,0.8709354629862898,31.19426918029785,0.31494661921708184,0.028871637000520423
unet,fixed_dwell,20,line_hop,0.2,99,Tips,31.332355499267578,0.6960040758505549,31.2376708984375,0.31494661921708184,0.02362955599983252
unet,fixed_dwell,20,line_hop,0.3,0,Biological,24.765079498291016,0.42902832457305196,24.458232879638672,0.44306049822064064,0.027798451999842655
unet,fixed_dwell,20,line_hop,0.3,1,Fibres,24.22954750061035,0.6685387156935615,23.800886154174805,0.44306049822064064,0.028972886000701692
unet,fixed_dwell,20,line_hop,0.3,2,Films_Coated_Surface,25.340988159179688,0.46400722893190327,25.068132400512695,0.44306049822064064,0.027701633999640762
unet,fixed_dwell,20,line_hop,0.3,3,MEMS_devices_and_electrodes,25.047874450683594,0.3912617802254426,24.634037017822266,0.44306049822064064,0.019943209999837563
unet,fixed_dwell,20,line_hop,0.3,4,Nanowires,19.752395629882812,0.6894179040655204,18.63109588623047,0.44306049822064064,0.02981548899970221
unet,fixed_dwell,20,line_hop,0.3,5,Particles,18.701183319091797,0.4358044055471326,17.751052856445312,0.44306049822064064,0.02880391700000473
unet,fixed_dwell,20,line_hop,0.3,6,Patterned_surface,25.737045288085938,0.5566679504227942,25.24169158935547,0.44306049822064064,0.02527266199922451
unet,fixed_dwell,20,line_hop,0.3,7,Porous_Sponge,24.39928436279297,0.5332397213357151,23.93470001220703,0.44306049822064064,0.0231208119994335
unet,fixed_dwell,20,line_hop,0.3,8,Powder,19.329927444458008,0.4526956350675841,18.684728622436523,0.44306049822064064,0.02750316399942676
unet,fixed_dwell,20,line_hop,0.3,9,Tips,33.73135757446289,0.9156635181846111,33.448516845703125,0.44306049822064064,0.029147801999897638
unet,fixed_dwell,20,line_hop,0.3,10,Biological,27.55310821533203,0.4457860235330597,27.36911964416504,0.44306049822064064,0.02167204400029732
unet,fixed_dwell,20,line_hop,0.3,11,Fibres,28.53923988342285,0.727274826951314,28.06596565246582,0.44306049822064064,0.0253457349999735
unet,fixed_dwell,20,line_hop,0.3,12,Films_Coated_Surface,26.849382400512695,0.5078429858760691,26.544078826904297,0.44306049822064064,0.028790901999855123
unet,fixed_dwell,20,line_hop,0.3,13,MEMS_devices_and_electrodes,25.824106216430664,0.4308795741863511,25.524696350097656,0.44306049822064064,0.028317929999502667
unet,fixed_dwell,20,line_hop,0.3,14,Nanowires,15.317588806152344,0.5871288888839253,14.200695991516113,0.44306049822064064,0.02157879599963053
unet,fixed_dwell,20,line_hop,0.3,15,Particles,38.39716339111328,0.9235468597663596,38.353702545166016,0.44306049822064064,0.02603567300047871
unet,fixed_dwell,20,line_hop,0.3,16,Patterned_surface,24.366008758544922,0.7993337168843851,23.90285873413086,0.44306049822064064,0.02914349700040475
unet,fixed_dwell,20,line_hop,0.3,17,Porous_Sponge,17.48311996459961,0.560666628529325,16.436893463134766,0.44306049822064064,0.028860866000286478
unet,fixed_dwell,20,line_hop,0.3,18,Powder,21.69863510131836,0.5877583283940147,21.084896087646484,0.44306049822064064,0.028244024000741774
unet,fixed_dwell,20,line_hop,0.3,19,Tips,27.201644897460938,0.8325511975051085,26.818979263305664,0.44306049822064064,0.018776747000629257
unet,fixed_dwell,20,line_hop,0.3,20,Biological,26.04152488708496,0.6253605415180836,25.576915740966797,0.44306049822064064,0.027721020999706525
unet,fixed_dwell,20,line_hop,0.3,21,Fibres,25.338443756103516,0.7558499353202056,24.849912643432617,0.44306049822064064,0.027991847000521375
unet,fixed_dwell,20,line_hop,0.3,22,Films_Coated_Surface,15.447649002075195,0.5800289127911418,14.346553802490234,0.44306049822064064,0.029883143000006385
unet,fixed_dwell,20,line_hop,0.3,23,MEMS_devices_and_electrodes,26.205787658691406,0.4476419949611156,25.85070037841797,0.44306049822064064,0.01637365199985652
unet,fixed_dwell,20,line_hop,0.3,24,Nanowires,14.37448501586914,0.4087570259035533,13.35964298248291,0.44306049822064064,0.02833286399982171
unet,fixed_dwell,20,line_hop,0.3,25,Particles,32.51661682128906,0.6534214567702511,32.371612548828125,0.44306049822064064,0.02890556700003799
unet,fixed_dwell,20,line_hop,0.3,26,Patterned_surface,19.871906280517578,0.427572740440032,19.09055519104004,0.44306049822064064,0.02879074300017237
unet,fixed_dwell,20,line_hop,0.3,27,Porous_Sponge,24.53158187866211,0.3926334512125197,24.27635955810547,0.44306049822064064,0.027392988999963563
unet,fixed_dwell,20,line_hop,0.3,28,Powder,24.381799697875977,0.6734334475681881,23.807910919189453,0.44306049822064064,0.024659373000758933
unet,fixed_dwell,20,line_hop,0.3,29,Tips,41.25909423828125,0.9767624392575194,41.30924606323242,0.44306049822064064,0.0241652080003405
unet,fixed_dwell,20,line_hop,0.3,30,Biological,26.92241668701172,0.39465537751414426,26.789321899414062,0.44306049822064064,0.024853142000210937
unet,fixed_dwell,20,line_hop,0.3,31,Fibres,34.142765045166016,0.7556603688020769,34.10143280029297,0.44306049822064064,0.024800576999950863
unet,fixed_dwell,20,line_hop,0.3,32,Films_Coated_Surface,24.297870635986328,0.45949366551404236,23.983671188354492,0.44306049822064064,0.02958813400073268
unet,fixed_dwell,20,line_hop,0.3,33,MEMS_devices_and_electrodes,25.49630355834961,0.6512228622674666,24.80577278137207,0.44306049822064064,0.029831468999873323
unet,fixed_dwell,20,line_hop,0.3,34,Nanowires,28.96113395690918,0.7942628711602961,28.409976959228516,0.44306049822064064,0.029018393000114884
unet,fixed_dwell,20,line_hop,0.3,35,Particles,32.404598236083984,0.8350841023183755,32.18931579589844,0.44306049822064064,0.025269323000429722
unet,fixed_dwell,20,line_hop,0.3,36,Patterned_surface,32.01005172729492,0.8966161728142988,31.139450073242188,0.44306049822064064,0.024265253000521625
unet,fixed_dwell,20,line_hop,0.3,37,Porous_Sponge,17.291296005249023,0.5750720370694407,16.409793853759766,0.44306049822064064,0.0228303979993143
unet,fixed_dwell,20,line_hop,0.3,38,Powder,22.30567169189453,0.4359120407133736,21.744224548339844,0.44306049822064064,0.023920170000565122
unet,fixed_dwell,20,line_hop,0.3,39,Tips,36.61624526977539,0.869642875003199,36.5377082824707,0.44306049822064064,0.02402599100059888
unet,fixed_dwell,20,line_hop,0.3,40,Biological,23.396656036376953,0.5056211355024425,22.99175262451172,0.44306049822064064,0.027508613999998488
unet,fixed_dwell,20,line_hop,0.3,41,Fibres,30.372390747070312,0.7875574038922727,30.151241302490234,0.44306049822064064,0.018460978000803152
unet,fixed_dwell,20,line_hop,0.3,42,Films_Coated_Surface,26.902305603027344,0.4540453613850693,26.728994369506836,0.44306049822064064,0.024550841999371187
unet,fixed_dwell,20,line_hop,0.3,43,MEMS_devices_and_electrodes,22.484970092773438,0.37269900680489043,22.334003448486328,0.44306049822064064,0.025367160999849148
unet,fixed_dwell,20,line_hop,0.3,44,Nanowires,24.34839630126953,0.47520513311755364,24.068994522094727,0.44306049822064064,0.028897803999825555
unet,fixed_dwell,20,line_hop,0.3,45,Particles,36.81456756591797,0.953061745730153,36.63432693481445,0.44306049822064064,0.028596535999895423
unet,fixed_dwell,20,line_hop,0.3,46,Patterned_surface,28.443405151367188,0.6435347536348595,28.114906311035156,0.44306049822064064,0.027875795999534603
unet,fixed_dwell,20,line_hop,0.3,47,Porous_Sponge,24.632413864135742,0.5378531106173645,24.139636993408203,0.44306049822064064,0.026672368000618007
unet,fixed_dwell,20,line_hop,0.3,48,Powder,25.432735443115234,0.5450666213983959,25.09159278869629,0.44306049822064064,0.023320417999457277
unet,fixed_dwell,20,line_hop,0.3,49,Tips,19.312036514282227,0.3361574984518068,18.81604766845703,0.44306049822064064,0.02382461199977115
unet,fixed_dwell,20,line_hop,0.3,50,Biological,24.869096755981445,0.3726282893618298,24.607627868652344,0.44306049822064064,0.02532515599978069
unet,fixed_dwell,20,line_hop,0.3,51,Fibres,32.06676483154297,0.7269957809709167,31.962322235107422,0.44306049822064064,0.029895358999965538
unet,fixed_dwell,20,line_hop,0.3,52,Films_Coated_Surface,18.40110206604004,0.6719031800367615,17.504383087158203,0.44306049822064064,0.028770025999619975
unet,fixed_dwell,20,line_hop,0.3,53,MEMS_devices_and_electrodes,36.30474853515625,0.9113396203135529,35.84002685546875,0.44306049822064064,0.029901810999945155
unet,fixed_dwell,20,line_hop,0.3,54,Nanowires,31.248233795166016,0.7586316667876115,31.033092498779297,0.44306049822064064,0.02391699600048014
unet,fixed_dwell,20,line_hop,0.3,55,Particles,27.40729522705078,0.42301462795817757,27.249099731445312,0.44306049822064064,0.02502547099993535
unet,fixed_dwell,20,line_hop,0.3,56,Patterned_surface,24.574583053588867,0.6152339716363572,24.044055938720703,0.44306049822064064,0.024083627000436536
unet,fixed_dwell,20,line_hop,0.3,57,Porous_Sponge,22.43609619140625,0.49946931313296944,21.759387969970703,0.44306049822064064,0.01649897300012526
unet,fixed_dwell,20,line_hop,0.3,58,Powder,19.375385284423828,0.40564040142600466,19.033254623413086,0.44306049822064064,0.025040561000423622
unet,fixed_dwell,20,line_hop,0.3,59,Tips,35.62672424316406,0.8492856792701611,35.588279724121094,0.44306049822064064,0.022925506999854406
unet,fixed_dwell,20,line_hop,0.3,60,Biological,28.65218734741211,0.5143131448524934,28.497697830200195,0.44306049822064064,0.024588840999967942
unet,fixed_dwell,20,line_hop,0.3,61,Fibres,33.945953369140625,0.8227545003351436,33.82562255859375,0.44306049822064064,0.02387352200003079
unet,fixed_dwell,20,line_hop,0.3,62,Films_Coated_Surface,19.453548431396484,0.5640557983393035,18.561748504638672,0.44306049822064064,0.02866153599916288
unet,fixed_dwell,20,line_hop,0.3,63,MEMS_devices_and_electrodes,22.996135711669922,0.6403094375004986,22.272056579589844,0.44306049822064064,0.02926796099927742
unet,fixed_dwell,20,line_hop,0.3,64,Nanowires,40.30986404418945,0.9333488509482877,40.2797737121582,0.44306049822064064,0.027342484999280714
unet,fixed_dwell,20,line_hop,0.3,65,Particles,36.223228454589844,0.893665322054268,36.22291946411133,0.44306049822064064,0.028621369000575214
unet,fixed_dwell,20,line_hop,0.3,66,Patterned_surface,20.858869552612305,0.8069821549751178,20.3934383392334,0.44306049822064064,0.02650378999987879
unet,fixed_dwell,20,line_hop,0.3,67,Porous_Sponge,19.482759475708008,0.6220235779867355,18.577072143554688,0.44306049822064064,0.02482231599969964
unet,fixed_dwell,20,line_hop,0.3,68,Powder,23.12099838256836,0.5808491672859873,22.624780654907227,0.44306049822064064,0.02398819599966373
unet,fixed_dwell,20,line_hop,0.3,69,Tips,36.5705451965332,0.8811063716354229,36.44474792480469,0.44306049822064064,0.024052837999988697
unet,fixed_dwell,20,line_hop,0.3,70,Biological,24.65866470336914,0.4194846316098509,24.3809814453125,0.44306049822064064,0.022697783999319654
unet,fixed_dwell,20,line_hop,0.3,71,Fibres,30.816303253173828,0.7396056212097035,30.69135284423828,0.44306049822064064,0.025020635999680962
unet,fixed_dwell,20,line_hop,0.3,72,Films_Coated_Surface,24.08209228515625,0.7390089982436326,23.238210678100586,0.44306049822064064,0.028246373000001768
unet,fixed_dwell,20,line_hop,0.3,73,MEMS_devices_and_electrodes,24.89027976989746,0.7017750802603331,24.271060943603516,0.44306049822064064,0.028887429999485903
unet,fixed_dwell,20,line_hop,0.3,74,Nanowires,36.31690216064453,0.8431938913443897,36.34878921508789,0.44306049822064064,0.02971440100009204
unet,fixed_dwell,20,line_hop,0.3,75,Particles,35.75648880004883,0.8922833095077879,35.64299774169922,0.44306049822064064,0.027889879000213114
unet,fixed_dwell,20,line_hop,0.3,76,Patterned_surface,23.853246688842773,0.7330772322247794,22.986465454101562,0.44306049822064064,0.027243836000707233
unet,fixed_dwell,20,line_hop,0.3,77,Porous_Sponge,23.174671173095703,0.5479168016604845,22.51891326904297,0.44306049822064064,0.025324993999674916
unet,fixed_dwell,20,line_hop,0.3,78,Powder,24.471538543701172,0.6333500585532985,23.959501266479492,0.44306049822064064,0.024011106000216387
unet,fixed_dwell,20,line_hop,0.3,79,Tips,27.808109283447266,0.4601195630111826,27.73586082458496,0.44306049822064064,0.028362635000121372
unet,fixed_dwell,20,line_hop,0.3,80,Biological,29.651844024658203,0.5087804218509582,29.541088104248047,0.44306049822064064,0.02976904699971783
unet,fixed_dwell,20,line_hop,0.3,81,Fibres,31.885047912597656,0.6843063461946288,31.861766815185547,0.44306049822064064,0.02684045000023616
unet,fixed_dwell,20,line_hop,0.3,82,Films_Coated_Surface,23.591636657714844,0.6867050655733993,22.774505615234375,0.44306049822064064,0.023039637999318074
unet,fixed_dwell,20,line_hop,0.3,83,MEMS_devices_and_electrodes,22.78070831298828,0.5326176665416956,22.251087188720703,0.44306049822064064,0.02425987599963264
unet,fixed_dwell,20,line_hop,0.3,84,Nanowires,39.29541778564453,0.971146032469835,39.075740814208984,0.44306049822064064,0.025153636999675655
unet,fixed_dwell,20,line_hop,0.3,85,Particles,24.770612716674805,0.5603838010093788,24.1470947265625,0.44306049822064064,0.023531218999778503
unet,fixed_dwell,20,line_hop,0.3,86,Patterned_surface,31.181547164916992,0.8445068054587762,30.54287338256836,0.44306049822064064,0.02808142800040514
unet,fixed_dwell,20,line_hop,0.3,87,Porous_Sponge,22.69393539428711,0.5374431933496713,22.015575408935547,0.44306049822064064,0.029688921999877493
unet,fixed_dwell,20,line_hop,0.3,88,Powder,27.56212615966797,0.7814129326126984,27.216064453125,0.44306049822064064,0.02930251900033909
unet,fixed_dwell,20,line_hop,0.3,89,Tips,27.95969009399414,0.4272030377549393,27.919429779052734,0.44306049822064064,0.025320587999885902
unet,fixed_dwell,20,line_hop,0.3,90,Biological,29.06756591796875,0.48935197677850156,28.954547882080078,0.44306049822064064,0.024944800999946892
unet,fixed_dwell,20,line_hop,0.3,91,Fibres,33.5047721862793,0.8233766321756107,33.42930221557617,0.44306049822064064,0.024331476999577717
unet,fixed_dwell,20,line_hop,0.3,92,Films_Coated_Surface,24.19147491455078,0.5207297338161362,23.787343978881836,0.44306049822064064,0.025177481999890006
unet,fixed_dwell,20,line_hop,0.3,93,MEMS_devices_and_electrodes,30.179031372070312,0.8273960622527378,29.867321014404297,0.44306049822064064,0.02426968600047985
unet,fixed_dwell,20,line_hop,0.3,94,Nanowires,15.597036361694336,0.693864028971754,14.437451362609863,0.44306049822064064,0.02788176099966222
unet,fixed_dwell,20,line_hop,0.3,95,Particles,28.121795654296875,0.5979238877014469,27.291440963745117,0.44306049822064064,0.02976795199992921
unet,fixed_dwell,20,line_hop,0.3,96,Patterned_surface,25.333568572998047,0.5673418983027134,24.771888732910156,0.44306049822064064,0.028512103999673855
unet,fixed_dwell,20,line_hop,0.3,97,Porous_Sponge,26.382810592651367,0.7227819907140904,25.92306137084961,0.44306049822064064,0.028094741000131762
unet,fixed_dwell,20,line_hop,0.3,98,Powder,32.856468200683594,0.8885879410850677,32.57524871826172,0.44306049822064064,0.023512488999585912
unet,fixed_dwell,20,line_hop,0.3,99,Tips,31.886127471923828,0.6996574204054558,31.773086547851562,0.44306049822064064,0.02341006699953141
unet,fixed_dose,2,uniform,0.05,0,Biological,23.702911376953125,0.3478515649549072,23.642452239990234,0.34190808496441283,0.028597464000085893
unet,fixed_dose,2,uniform,0.05,1,Fibres,22.35416603088379,0.5256789230171826,22.27023696899414,0.3418733318505338,0.02974798900049791
unet,fixed_dose,2,uniform,0.05,2,Films_Coated_Surface,24.084095001220703,0.4073835633424716,24.02442169189453,0.3417690725088968,0.028170365999358182
unet,fixed_dose,2,uniform,0.05,3,MEMS_devices_and_electrodes,24.51444435119629,0.30835884189861706,24.416522979736328,0.3424988879003559,0.02937358500003029
unet,fixed_dose,2,uniform,0.05,4,Nanowires,17.253843307495117,0.45407769462998665,17.071422576904297,0.3418385787366548,0.02862451399960264
unet,fixed_dose,2,uniform,0.05,5,Particles,17.286531448364258,0.26973565172660013,17.136343002319336,0.3428637955960854,0.02971350000007078
unet,fixed_dose,2,uniform,0.05,6,Patterned_surface,24.393741607666016,0.4966038262228086,24.323131561279297,0.3418038256227758,0.02934213600019575
unet,fixed_dose,2,uniform,0.05,7,Porous_Sponge,22.975130081176758,0.4428189170100034,22.890422821044922,0.3416995662811388,0.029756556999927852
unet,fixed_dose,2,uniform,0.05,8,Powder,18.06264305114746,0.311042638279565,17.927762985229492,0.3426205237989324,0.028741473999616574
unet,fixed_dose,2,uniform,0.05,9,Tips,31.935932159423828,0.9063544935031005,31.887786865234375,0.3418212021797153,0.027773390999755065
unet,fixed_dose,2,uniform,0.05,10,Biological,26.839553833007812,0.4055666482555952,26.793210983276367,0.3429159252669039,0.028346813000098336
unet,fixed_dose,2,uniform,0.05,11,Fibres,27.053409576416016,0.6939165086411445,26.98322296142578,0.34216873331850534,0.02448610600004031
unet,fixed_dose,2,uniform,0.05,12,Films_Coated_Surface,25.81814956665039,0.4218549265003208,25.756694793701172,0.34190808496441283,0.02723642999990261
unet,fixed_dose,2,uniform,0.05,13,MEMS_devices_and_electrodes,25.36872673034668,0.3341370208702656,25.27423095703125,0.3421166036476868,0.02363431799949467
unet,fixed_dose,2,uniform,0.05,14,Nanowires,13.392958641052246,0.3162314960229517,13.221173286437988,0.34202972086298933,0.014851629000077082
unet,fixed_dose,2,uniform,0.05,15,Particles,37.521095275878906,0.9226599803009359,37.54978561401367,0.34216873331850534,0.015995253000255616
unet,fixed_dose,2,uniform,0.05,16,Patterned_surface,20.683000564575195,0.5605631857510746,20.585357666015625,0.3416821897241993,0.016128219999700377
unet,fixed_dose,2,uniform,0.05,17,Porous_Sponge,14.981547355651855,0.3882785721016509,14.804349899291992,0.34220348643238435,0.01603356400028133
unet,fixed_dose,2,uniform,0.05,18,Powder,20.01875114440918,0.44177656422383565,19.920135498046875,0.34216873331850534,0.01626261199999135
unet,fixed_dose,2,uniform,0.05,19,Tips,25.639421463012695,0.7858054070305028,25.587921142578125,0.34140416481316727,0.0158650060002401
unet,fixed_dose,2,uniform,0.05,20,Biological,24.495689392089844,0.5825555508421402,24.424236297607422,0.3417343193950178,0.015912973000013153
unet,fixed_dose,2,uniform,0.05,21,Fibres,22.895261764526367,0.620758344593978,22.84379768371582,0.34208185053380785,0.015617559000020265
unet,fixed_dose,2,uniform,0.05,22,Films_Coated_Surface,13.289093971252441,0.3399983730639575,13.124127388000488,0.3418212021797153,0.015011340000455675
unet,fixed_dose,2,uniform,0.05,23,MEMS_devices_and_electrodes,25.594289779663086,0.37609398606650746,25.54659652709961,0.34178644906583633,0.015082927000548807
unet,fixed_dose,2,uniform,0.05,24,Nanowires,13.58436107635498,0.17485137663161346,13.441939353942871,0.3423772520017793,0.014989375000368454
unet,fixed_dose,2,uniform,0.05,25,Particles,32.13217544555664,0.6466581129125993,32.09588623046875,0.34216873331850534,0.014985234999585373
unet,fixed_dose,2,uniform,0.05,26,Patterned_surface,18.59654998779297,0.3105439785244614,18.45905303955078,0.3429506783807829,0.014839829999800713
unet,fixed_dose,2,uniform,0.05,27,Porous_Sponge,23.88475227355957,0.3433114360434142,23.83795928955078,0.3419775911921708,0.014972598999520415
unet,fixed_dose,2,uniform,0.05,28,Powder,22.519227981567383,0.5505797731627409,22.44613265991211,0.34222086298932386,0.014849586999844178
unet,fixed_dose,2,uniform,0.05,29,Tips,38.771812438964844,0.971701187780527,38.802284240722656,0.3418212021797153,0.014950204000342637
unet,fixed_dose,2,uniform,0.05,30,Biological,26.472579956054688,0.3656671317020828,26.431095123291016,0.3424120051156584,0.014877055999932054
unet,fixed_dose,2,uniform,0.05,31,Fibres,33.771888732910156,0.7531502974949602,33.78266525268555,0.34258577068505336,0.015385241999865684
unet,fixed_dose,2,uniform,0.05,32,Films_Coated_Surface,23.366615295410156,0.368989764631974,23.341468811035156,0.3422556161032028,0.029869953999877907
unet,fixed_dose,2,uniform,0.05,33,MEMS_devices_and_electrodes,24.100522994995117,0.6203389274181063,23.985986709594727,0.3418733318505338,0.028013224000460468
unet,fixed_dose,2,uniform,0.05,34,Nanowires,26.423629760742188,0.6797040925223498,26.34893226623535,0.34275953625444844,0.017925347000527836
unet,fixed_dose,2,uniform,0.05,35,Particles,30.423032760620117,0.822168131948836,30.381872177124023,0.34138678825622776,0.027870273000189627
unet,fixed_dose,2,uniform,0.05,36,Patterned_surface,30.518672943115234,0.8711989276619642,30.443811416625977,0.34215135676156583,0.029463954000675585
unet,fixed_dose,2,uniform,0.05,37,Porous_Sponge,15.88621997833252,0.3901030411704229,15.744403839111328,0.3418038256227758,0.028675601000031747
unet,fixed_dose,2,uniform,0.05,38,Powder,21.037141799926758,0.31581670673166207,20.92994499206543,0.34152580071174377,0.02960041500045918
unet,fixed_dose,2,uniform,0.05,39,Tips,35.042232513427734,0.8651464810192554,35.03997039794922,0.34234249888790036,0.02421369599960599
unet,fixed_dose,2,uniform,0.05,40,Biological,22.010921478271484,0.41384683864639515,21.948440551757812,0.3429680549377224,0.020662457999605977
unet,fixed_dose,2,uniform,0.05,41,Fibres,28.141210556030273,0.7576016792081874,28.103235244750977,0.3417169428380783,0.028509086999292776
unet,fixed_dose,2,uniform,0.05,42,Films_Coated_Surface,26.254283905029297,0.41344313713965125,26.224382400512695,0.3423946285587189,0.02922945099999197
unet,fixed_dose,2,uniform,0.05,43,MEMS_devices_and_electrodes,22.083003997802734,0.2764574386232586,22.091550827026367,0.34248151134341637,0.029408959000647883
unet,fixed_dose,2,uniform,0.05,44,Nanowires,23.00643539428711,0.3966985548055945,22.93201446533203,0.34126515235765126,0.023357390999990457
unet,fixed_dose,2,uniform,0.05,45,Particles,35.47930145263672,0.9508601535995955,35.4909553527832,0.34275953625444844,0.020852913999988232
unet,fixed_dose,2,uniform,0.05,46,Patterned_surface,27.611684799194336,0.5774505235485966,27.56547737121582,0.3426900300266904,0.029225195000435633
unet,fixed_dose,2,uniform,0.05,47,Porous_Sponge,23.009187698364258,0.45219489025571197,22.918628692626953,0.3428116659252669,0.030144521999318385
unet,fixed_dose,2,uniform,0.05,48,Powder,24.06037139892578,0.4706194896439667,24.007509231567383,0.3419775911921708,0.027899035000700678
unet,fixed_dose,2,uniform,0.05,49,Tips,18.332317352294922,0.2071143278858095,18.213579177856445,0.3426726534697509,0.02974337799969362
unet,fixed_dose,2,uniform,0.05,50,Biological,24.36724090576172,0.2879537205082202,24.31734848022461,0.3418212021797153,0.025225878000128432
unet,fixed_dose,2,uniform,0.05,51,Fibres,30.404613494873047,0.700307597166424,30.397851943969727,0.34136941169928825,0.019099789000392775
unet,fixed_dose,2,uniform,0.05,52,Films_Coated_Surface,16.346080780029297,0.48139398116512633,16.20079231262207,0.34242938167259784,0.02775777500028198
unet,fixed_dose,2,uniform,0.05,53,MEMS_devices_and_electrodes,34.312835693359375,0.9008227922377933,34.26194763183594,0.34246413478647686,0.028881729999739036
unet,fixed_dose,2,uniform,0.05,54,Nanowires,29.96943473815918,0.7396005008083677,29.93745994567871,0.34244675822953735,0.029954640000141808
unet,fixed_dose,2,uniform,0.05,55,Particles,26.888235092163086,0.4063574134342675,26.847965240478516,0.34218610987544484,0.02960271499978262
unet,fixed_dose,2,uniform,0.05,56,Patterned_surface,22.657527923583984,0.5376614313143083,22.569271087646484,0.3421166036476868,0.028505892999419302
unet,fixed_dose,2,uniform,0.05,57,Porous_Sponge,20.925886154174805,0.42087840803173565,20.813753128051758,0.34232512233096085,0.023603087999617856
unet,fixed_dose,2,uniform,0.05,58,Powder,19.222461700439453,0.18411112642222807,19.098407745361328,0.3418385787366548,0.02114024000002246
unet,fixed_dose,2,uniform,0.05,59,Tips,34.90367126464844,0.8459786288642179,34.91181945800781,0.3419602146352313,0.0287215179996565
unet,fixed_dose,2,uniform,0.05,60,Biological,27.844961166381836,0.49460819142989965,27.799959182739258,0.34230774577402134,0.029712025000662834
unet,fixed_dose,2,uniform,0.05,61,Fibres,32.45524978637695,0.803585947992497,32.438568115234375,0.3418385787366548,0.027720321000742842
unet,fixed_dose,2,uniform,0.05,62,Films_Coated_Surface,17.14527702331543,0.3910341889083231,17.034740447998047,0.34190808496441283,0.028610277999177924
unet,fixed_dose,2,uniform,0.05,63,MEMS_devices_and_electrodes,21.422809600830078,0.540895996516046,21.300979614257812,0.34218610987544484,0.021518058999390632
unet,fixed_dose,2,uniform,0.05,64,Nanowires,39.52078628540039,0.9319400065707941,39.540443420410156,0.34202972086298933,0.023533041000519006
unet,fixed_dose,2,uniform,0.05,65,Particles,35.238121032714844,0.8929152628080965,35.26871871948242,0.3419602146352313,0.029646775999935926
unet,fixed_dose,2,uniform,0.05,66,Patterned_surface,16.99758529663086,0.5507601002881911,16.833988189697266,0.3411956461298932,0.027257734000158962
unet,fixed_dose,2,uniform,0.05,67,Porous_Sponge,17.53982162475586,0.4698317425255306,17.375864028930664,0.3418038256227758,0.02752732799945079
unet,fixed_dose,2,uniform,0.05,68,Powder,21.715930938720703,0.4915995418120736,21.624710083007812,0.3419949677491103,0.027781540999967547
unet,fixed_dose,2,uniform,0.05,69,Tips,35.15313720703125,0.8768743224134007,35.14518356323242,0.34302018460854095,0.017401488000359677
unet,fixed_dose,2,uniform,0.05,70,Biological,23.841354370117188,0.3283949857742134,23.814903259277344,0.3420123443060498,0.027212932999646
unet,fixed_dose,2,uniform,0.05,71,Fibres,29.242321014404297,0.7053492002727626,29.22591781616211,0.3418212021797153,0.02893651799968211
unet,fixed_dose,2,uniform,0.05,72,Films_Coated_Surface,20.484546661376953,0.6544362971469468,20.34065055847168,0.3418559552935943,0.028488029999607534
unet,fixed_dose,2,uniform,0.05,73,MEMS_devices_and_electrodes,23.45433807373047,0.6491335534742796,23.356029510498047,0.3428637955960854,0.026459611000063887
unet,fixed_dose,2,uniform,0.05,74,Nanowires,35.38134002685547,0.83931581846346,35.37739944458008,0.34136941169928825,0.019153527999151265
unet,fixed_dose,2,uniform,0.05,75,Particles,33.55300521850586,0.8846599236380145,33.5509147644043,0.3429159252669039,0.028726090999953158
unet,fixed_dose,2,uniform,0.05,76,Patterned_surface,21.878280639648438,0.6697808766098989,21.756746292114258,0.34190808496441283,0.028404527000020607
unet,fixed_dose,2,uniform,0.05,77,Porous_Sponge,21.199846267700195,0.4659192889293512,21.082698822021484,0.3417690725088968,0.02892575600071723
unet,fixed_dose,2,uniform,0.05,78,Powder,22.45180892944336,0.5344405371392207,22.36988067626953,0.34202972086298933,0.028860403999715345
unet,fixed_dose,2,uniform,0.05,79,Tips,27.431686401367188,0.452508095547552,27.41299819946289,0.3426900300266904,0.021364123999774165
unet,fixed_dose,2,uniform,0.05,80,Biological,29.288070678710938,0.4950511777526321,29.26652717590332,0.34230774577402134,0.023526977000074112
unet,fixed_dose,2,uniform,0.05,81,Fibres,31.130598068237305,0.6699816337004123,31.134244918823242,0.3419602146352313,0.029990983000061533
unet,fixed_dose,2,uniform,0.05,82,Films_Coated_Surface,21.057537078857422,0.5893213793811319,20.944997787475586,0.3417343193950178,0.028221204999681504
unet,fixed_dose,2,uniform,0.05,83,MEMS_devices_and_electrodes,21.6727237701416,0.4389544464431625,21.56383514404297,0.34208185053380785,0.028489078999882622
unet,fixed_dose,2,uniform,0.05,84,Nanowires,37.7503662109375,0.9669774398282451,37.77151107788086,0.3415431772686833,0.029161890000068524
unet,fixed_dose,2,uniform,0.05,85,Particles,22.407970428466797,0.49375362133748796,22.30241584777832,0.34178644906583633,0.021448456999678456
unet,fixed_dose,2,uniform,0.05,86,Patterned_surface,29.199979782104492,0.8346786166870047,29.09999656677246,0.3418038256227758,0.02311827700032154
unet,fixed_dose,2,uniform,0.05,87,Porous_Sponge,20.893959045410156,0.46095245960441894,20.782691955566406,0.3421339802046263,0.027609196999947017
unet,fixed_dose,2,uniform,0.05,88,Powder,25.29345703125,0.7118827501846118,25.259721755981445,0.34178644906583633,0.026958803000525222
unet,fixed_dose,2,uniform,0.05,89,Tips,27.628068923950195,0.4233406673562683,27.602279663085938,0.34150842415480426,0.027841729000101623
unet,fixed_dose,2,uniform,0.05,90,Biological,28.649917602539062,0.47421351807346973,28.622875213623047,0.34204709741992884,0.02764344400020491
unet,fixed_dose,2,uniform,0.05,91,Fibres,31.468433380126953,0.8100449679735738,31.463510513305664,0.3419949677491103,0.01995625800009293
unet,fixed_dose,2,uniform,0.05,92,Films_Coated_Surface,22.790523529052734,0.4195188562705433,22.72844123840332,0.34190808496441283,0.02407537399994908
unet,fixed_dose,2,uniform,0.05,93,MEMS_devices_and_electrodes,28.312896728515625,0.7936778908946908,28.267507553100586,0.34204709741992884,0.027618814000561542
unet,fixed_dose,2,uniform,0.05,94,Nanowires,12.897613525390625,0.46609919993413274,12.713171005249023,0.3419949677491103,0.027571993000492512
unet,fixed_dose,2,uniform,0.05,95,Particles,26.715166091918945,0.5747500560160261,26.573421478271484,0.3423946285587189,0.02807769399987592
unet,fixed_dose,2,uniform,0.05,96,Patterned_surface,23.892654418945312,0.4710279256908822,23.803863525390625,0.3417169428380783,0.02126440800020646
unet,fixed_dose,2,uniform,0.05,97,Porous_Sponge,24.121746063232422,0.5679092739796786,24.089794158935547,0.34312444395017794,0.02353852200030815
unet,fixed_dose,2,uniform,0.05,98,Powder,30.316837310791016,0.8510495396571444,30.315675735473633,0.3416995662811388,0.027363574000446533
unet,fixed_dose,2,uniform,0.05,99,Tips,30.40313720703125,0.6880582541808022,30.356294631958008,0.3418385787366548,0.02764837999984593
unet,fixed_dose,2,uniform,0.1,0,Biological,23.87696075439453,0.3304843651402971,23.808134078979492,0.5814334964412812,0.02945462099978613
unet,fixed_dose,2,uniform,0.1,1,Fibres,22.800655364990234,0.5461672015172597,22.70886993408203,0.5805125389234876,0.02993871200033027
unet,fixed_dose,2,uniform,0.1,2,Films_Coated_Surface,24.324342727661133,0.40975955569285544,24.259944915771484,0.5808426935053381,0.028796382999644266
unet,fixed_dose,2,uniform,0.1,3,MEMS_devices_and_electrodes,24.718902587890625,0.30887068652174204,24.59008026123047,0.5802518905693951,0.02342178500020964
unet,fixed_dose,2,uniform,0.1,4,Nanowires,18.554946899414062,0.5782313196197473,18.25249671936035,0.5817984041370107,0.01867269100057456
unet,fixed_dose,2,uniform,0.1,5,Particles,17.57819366455078,0.30373714026157334,17.353015899658203,0.5825282195284698,0.02515376900009869
unet,fixed_dose,2,uniform,0.1,6,Patterned_surface,24.748435974121094,0.5056266220509479,24.663393020629883,0.5814856261120998,0.028456553000069107
unet,fixed_dose,2,uniform,0.1,7,Porous_Sponge,23.377899169921875,0.45648750967244917,23.274812698364258,0.5822154415035588,0.02895560300021316
unet,fixed_dose,2,uniform,0.1,8,Powder,18.50790023803711,0.33336936458723604,18.313987731933594,0.5802518905693951,0.029648746999555442
unet,fixed_dose,2,uniform,0.1,9,Tips,32.545799255371094,0.9092475770871374,32.4636344909668,0.5812944839857652,0.028573468000104185
unet,fixed_dose,2,uniform,0.1,10,Biological,26.956153869628906,0.4006929946616039,26.926881790161133,0.5816246385676157,0.031880663000265486
unet,fixed_dose,2,uniform,0.1,11,Fibres,27.36178970336914,0.6953628280649601,27.293338775634766,0.5816767682384343,0.032033643000431766
unet,fixed_dose,2,uniform,0.1,12,Films_Coated_Surface,25.81904411315918,0.4134813453821329,25.75104522705078,0.5823892070729537,0.02925453700026992
unet,fixed_dose,2,uniform,0.1,13,MEMS_devices_and_electrodes,25.529788970947266,0.34538477605159223,25.40688705444336,0.5812597308718862,0.02927024899963726
unet,fixed_dose,2,uniform,0.1,14,Nanowires,14.109262466430664,0.44065356448688925,13.816781044006348,0.5791571674822065,0.027054836999923282
unet,fixed_dose,2,uniform,0.1,15,Particles,37.86347579956055,0.9231250700565211,37.88227844238281,0.5803213967971531,0.023001225999905728
unet,fixed_dose,2,uniform,0.1,16,Patterned_surface,21.06889533996582,0.5876019867816505,20.950021743774414,0.5808600700622776,0.019741651000003912
unet,fixed_dose,2,uniform,0.1,17,Porous_Sponge,16.40281105041504,0.47178419739927324,16.120698928833008,0.580668927935943,0.025643003999903158
unet,fixed_dose,2,uniform,0.1,18,Powder,20.47125244140625,0.4794964066850661,20.361051559448242,0.5804082795818506,0.02893819099972461
unet,fixed_dose,2,uniform,0.1,19,Tips,25.762205123901367,0.788851556182387,25.687952041625977,0.5805299154804271,0.029129818999535928
unet,fixed_dose,2,uniform,0.1,20,Biological,25.05795669555664,0.5895378687827467,24.98805809020996,0.5801476312277581,0.030056067000259645
unet,fixed_dose,2,uniform,0.1,21,Fibres,23.406354904174805,0.6396433540230364,23.37580680847168,0.5806863044928826,0.030084840999734297
unet,fixed_dose,2,uniform,0.1,22,Films_Coated_Surface,14.305380821228027,0.4454510248035857,14.046177864074707,0.5807210576067616,0.027862392000315594
unet,fixed_dose,2,uniform,0.1,23,MEMS_devices_and_electrodes,25.718839645385742,0.3789806147267151,25.654266357421875,0.5806515513790036,0.027546953000637586
unet,fixed_dose,2,uniform,0.1,24,Nanowires,13.890966415405273,0.24851942688282638,13.697613716125488,0.5819026634786477,0.025736624000273878
unet,fixed_dose,2,uniform,0.1,25,Particles,32.28023147583008,0.6459640941005019,32.246429443359375,0.5813813667704627,0.01748014199984027
unet,fixed_dose,2,uniform,0.1,26,Patterned_surface,19.013856887817383,0.3439465880958672,18.815900802612305,0.5824239601868328,0.023755952999636065
unet,fixed_dose,2,uniform,0.1,27,Porous_Sponge,23.96802520751953,0.3427979991050454,23.925556182861328,0.5824413367437723,0.02783042999999452
unet,fixed_dose,2,uniform,0.1,28,Powder,22.92551040649414,0.5710905723502134,22.857925415039062,0.5808600700622776,0.029437676000270585
unet,fixed_dose,2,uniform,0.1,29,Tips,39.39312744140625,0.9737678637514623,39.44074249267578,0.5809469528469751,0.028527002000373614
unet,fixed_dose,2,uniform,0.1,30,Biological,26.475217819213867,0.3632518709218931,26.437456130981445,0.5806863044928826,0.02925696600050287
unet,fixed_dose,2,uniform,0.1,31,Fibres,33.64982986450195,0.7514647939023738,33.670352935791016,0.5806167982651247,0.028191510000397102
unet,fixed_dose,2,uniform,0.1,32,Films_Coated_Surface,23.512184143066406,0.3591864440474232,23.438894271850586,0.5799217359875446,0.023207686000205285
unet,fixed_dose,2,uniform,0.1,33,MEMS_devices_and_electrodes,24.664823532104492,0.6302788930540855,24.46857452392578,0.5797827235320285,0.01970442699985142
unet,fixed_dose,2,uniform,0.1,34,Nanowires,27.009382247924805,0.7002921711493961,26.925064086914062,0.5814856261120998,0.02844770600040647
unet,fixed_dose,2,uniform,0.1,35,Particles,31.06110382080078,0.824783352769788,31.033571243286133,0.5809990825177936,0.0293749120000939
unet,fixed_dose,2,uniform,0.1,36,Patterned_surface,31.286334991455078,0.8780695220240338,31.134563446044922,0.5807384341637011,0.029014808000283665
unet,fixed_dose,2,uniform,0.1,37,Porous_Sponge,16.36513328552246,0.4220360884182326,16.160566329956055,0.5807905638345197,0.02867336399958731
unet,fixed_dose,2,uniform,0.1,38,Powder,21.31686782836914,0.329113718882988,21.183927536010742,0.5800086187722421,0.028368430000227818
unet,fixed_dose,2,uniform,0.1,39,Tips,35.7636604309082,0.8668619781266033,35.7724723815918,0.57938306272242,0.02812057599930995
unet,fixed_dose,2,uniform,0.1,40,Biological,22.237337112426758,0.415664103714899,22.163616180419922,0.5809295762900356,0.02599812700009352
unet,fixed_dose,2,uniform,0.1,41,Fibres,28.504220962524414,0.7622341280559156,28.451007843017578,0.5817115213523132,0.01983228799963399
unet,fixed_dose,2,uniform,0.1,42,Films_Coated_Surface,26.289196014404297,0.41017509489667725,26.25766372680664,0.5814508729982207,0.021409188000689028
unet,fixed_dose,2,uniform,0.1,43,MEMS_devices_and_electrodes,22.323625564575195,0.2896957970156601,22.30756378173828,0.5820416759341638,0.02842063599928224
unet,fixed_dose,2,uniform,0.1,44,Nanowires,23.34815788269043,0.40762693844328907,23.27185821533203,0.5819026634786477,0.02948973799993837
unet,fixed_dose,2,uniform,0.1,45,Particles,35.32658386230469,0.951378939246004,35.32972717285156,0.5809990825177936,0.027726110000003246
unet,fixed_dose,2,uniform,0.1,46,Patterned_surface,27.523681640625,0.5722860635146512,27.473852157592773,0.5813466136565837,0.030485291000331927
unet,fixed_dose,2,uniform,0.1,47,Porous_Sponge,23.510459899902344,0.46871539754386066,23.40777587890625,0.5806341748220641,0.0298025210004198
unet,fixed_dose,2,uniform,0.1,48,Powder,24.30401039123535,0.47943766066077054,24.247543334960938,0.5808774466192171,0.027742094999666733
unet,fixed_dose,2,uniform,0.1,49,Tips,18.617359161376953,0.21392211706064895,18.480915069580078,0.579834853202847,0.026249279000694514
unet,fixed_dose,2,uniform,0.1,50,Biological,24.35626983642578,0.2812291474662538,24.311283111572266,0.580390903024911,0.019493836000037845
unet,fixed_dose,2,uniform,0.1,51,Fibres,30.316287994384766,0.6990964936428808,30.305593490600586,0.5811902246441282,0.02373664100014139
unet,fixed_dose,2,uniform,0.1,52,Films_Coated_Surface,17.228967666625977,0.5698288970401987,17.025043487548828,0.5825108429715303,0.02855137400001695
unet,fixed_dose,2,uniform,0.1,53,MEMS_devices_and_electrodes,35.09840393066406,0.9050664529697884,35.04673385620117,0.5807731872775801,0.028767845000402303
unet,fixed_dose,2,uniform,0.1,54,Nanowires,30.078853607177734,0.7420636599907049,30.050676345825195,0.5815030026690392,0.028306797000368533
unet,fixed_dose,2,uniform,0.1,55,Particles,27.026302337646484,0.4055475123755394,26.989654541015625,0.5812423543149466,0.02871142699950724
unet,fixed_dose,2,uniform,0.1,56,Patterned_surface,23.322790145874023,0.557838078807636,23.223373413085938,0.5812249777580071,0.028216921999955957
unet,fixed_dose,2,uniform,0.1,57,Porous_Sponge,21.353271484375,0.4339842004941427,21.18239402770996,0.5803213967971531,0.02581487399947946
unet,fixed_dose,2,uniform,0.1,58,Powder,19.323322296142578,0.17116993195955515,19.174129486083984,0.5814682495551602,0.02394885899957444
unet,fixed_dose,2,uniform,0.1,59,Tips,34.42441177368164,0.8439713679722588,34.424739837646484,0.5812076012010677,0.01875472899973829
unet,fixed_dose,2,uniform,0.1,60,Biological,28.00100326538086,0.4912123512698756,27.982187271118164,0.5815203792259787,0.024948040999333898
unet,fixed_dose,2,uniform,0.1,61,Fibres,32.52201461791992,0.799229216214561,32.508541107177734,0.5822154415035588,0.02907709699957195
unet,fixed_dose,2,uniform,0.1,62,Films_Coated_Surface,18.122867584228516,0.45092432376363845,17.939374923706055,0.5815030026690392,0.027655836999656458
unet,fixed_dose,2,uniform,0.1,63,MEMS_devices_and_electrodes,22.08420753479004,0.5686690003693783,21.938922882080078,0.579800100088968,0.028968874999918626
unet,fixed_dose,2,uniform,0.1,64,Nanowires,39.69758987426758,0.9316037578338344,39.71410369873047,0.5812597308718862,0.030189570999937132
unet,fixed_dose,2,uniform,0.1,65,Particles,35.397056579589844,0.8932746658050099,35.40974426269531,0.5815898854537368,0.030189004999556346
unet,fixed_dose,2,uniform,0.1,66,Patterned_surface,18.011886596679688,0.6248268596906753,17.77667808532715,0.5805299154804271,0.021887029000026814
unet,fixed_dose,2,uniform,0.1,67,Porous_Sponge,18.41534423828125,0.5218853460664896,18.16433334350586,0.5814856261120998,0.021133602000190876
unet,fixed_dose,2,uniform,0.1,68,Powder,22.13433837890625,0.5103477645941905,22.02899169921875,0.5807905638345197,0.02601658999992651
unet,fixed_dose,2,uniform,0.1,69,Tips,35.9058723449707,0.8773107935868595,35.90663528442383,0.5811033418594307,0.024759703000199806
unet,fixed_dose,2,uniform,0.1,70,Biological,23.982810974121094,0.30701449848803,23.913406372070312,0.5814508729982207,0.028529819999675965
unet,fixed_dose,2,uniform,0.1,71,Fibres,29.389446258544922,0.6980985019060473,29.352752685546875,0.5806167982651247,0.02716407200023241
unet,fixed_dose,2,uniform,0.1,72,Films_Coated_Surface,22.22801399230957,0.6867218236233131,22.033166885375977,0.5812944839857652,0.029273944999658852
unet,fixed_dose,2,uniform,0.1,73,MEMS_devices_and_electrodes,23.930654525756836,0.6670801270680734,23.80162239074707,0.5819895462633452,0.028790286000003107
unet,fixed_dose,2,uniform,0.1,74,Nanowires,35.60881805419922,0.8413424192587442,35.599491119384766,0.5822154415035588,0.02809646999958204
unet,fixed_dose,2,uniform,0.1,75,Particles,33.85683059692383,0.8859916298544975,33.85092544555664,0.5805472920373665,0.025910237000061898
unet,fixed_dose,2,uniform,0.1,76,Patterned_surface,23.181533813476562,0.6953929673482467,23.019845962524414,0.5812249777580071,0.019483501999275177
unet,fixed_dose,2,uniform,0.1,77,Porous_Sponge,22.169326782226562,0.4916218735346793,22.026874542236328,0.5833101645907474,0.023096176999388263
unet,fixed_dose,2,uniform,0.1,78,Powder,22.93246841430664,0.5496690441241424,22.83832359313965,0.5805472920373665,0.028403096000147343
unet,fixed_dose,2,uniform,0.1,79,Tips,27.374422073364258,0.44869448607065693,27.353710174560547,0.5807210576067616,0.029554701000051864
unet,fixed_dose,2,uniform,0.1,80,Biological,29.331161499023438,0.49728272321223427,29.314464569091797,0.5822675711743773,0.02927953600010369
unet,fixed_dose,2,uniform,0.1,81,Fibres,31.005346298217773,0.6698570167207429,30.993976593017578,0.5811207184163701,0.029522895999434695
unet,fixed_dose,2,uniform,0.1,82,Films_Coated_Surface,22.026161193847656,0.6177547998624068,21.85761260986328,0.5814334964412812,0.029697318999751587
unet,fixed_dose,2,uniform,0.1,83,MEMS_devices_and_electrodes,22.08097267150879,0.4612397429282987,21.948352813720703,0.5812597308718862,0.02812560999973357
unet,fixed_dose,2,uniform,0.1,84,Nanowires,36.93379592895508,0.965104803259212,36.92345428466797,0.5811380949733096,0.019921156999771483
unet,fixed_dose,2,uniform,0.1,85,Particles,23.64290428161621,0.524408674932171,23.5250244140625,0.5808253169483987,0.021405456999673333
unet,fixed_dose,2,uniform,0.1,86,Patterned_surface,30.31694793701172,0.8386734138399715,30.18221092224121,0.5805125389234876,0.028225283000210766
unet,fixed_dose,2,uniform,0.1,87,Porous_Sponge,21.620113372802734,0.4815787943280508,21.444534301757812,0.5800259953291815,0.029254871000375715
unet,fixed_dose,2,uniform,0.1,88,Powder,25.602758407592773,0.7202248987116493,25.556909561157227,0.5821111821619217,0.02879486599977099
unet,fixed_dose,2,uniform,0.1,89,Tips,27.636186599731445,0.4226765723786243,27.621623992919922,0.5832232818060499,0.028765725000084785
unet,fixed_dose,2,uniform,0.1,90,Biological,28.723995208740234,0.4713087460745394,28.698789596557617,0.5813813667704627,0.028261832000680442
unet,fixed_dose,2,uniform,0.1,91,Fibres,31.60318374633789,0.8125632443160505,31.585525512695312,0.5816072620106761,0.02549849000024551
unet,fixed_dose,2,uniform,0.1,92,Films_Coated_Surface,23.048439025878906,0.4311420547599879,22.985076904296875,0.5812249777580071,0.019530031000613235
unet,fixed_dose,2,uniform,0.1,93,MEMS_devices_and_electrodes,28.649166107177734,0.7956488790336852,28.600879669189453,0.5810164590747332,0.02311651099989831
unet,fixed_dose,2,uniform,0.1,94,Nanowires,14.321688652038574,0.5886973007007591,14.019981384277344,0.5822849477313168,0.028705991000606446
unet,fixed_dose,2,uniform,0.1,95,Particles,27.300691604614258,0.579284524884961,27.06426239013672,0.5826151023131673,0.027572699999836914
unet,fixed_dose,2,uniform,0.1,96,Patterned_surface,24.188060760498047,0.4903594638515707,24.071449279785156,0.5812944839857652,0.028611333999833732
unet,fixed_dose,2,uniform,0.1,97,Porous_Sponge,24.328201293945312,0.5860511865891572,24.328554153442383,0.5813466136565837,0.02928085999974428
unet,fixed_dose,2,uniform,0.1,98,Powder,30.466936111450195,0.8594741042143165,30.439550399780273,0.5814334964412812,0.027728875999855518
unet,fixed_dose,2,uniform,0.1,99,Tips,30.86420249938965,0.6883956269066924,30.801679611206055,0.5805820451512456,0.017036957000527764
unet,fixed_dose,2,uniform,0.15,0,Biological,24.028106689453125,0.36038210670071325,23.956600189208984,0.7992243104982206,0.026988532999894232
unet,fixed_dose,2,uniform,0.15,1,Fibres,22.795000076293945,0.5546662333704477,22.694114685058594,0.7973128892348755,0.030008386000190512
unet,fixed_dose,2,uniform,0.15,2,Films_Coated_Surface,24.369407653808594,0.4110112977962311,24.30904197692871,0.7980774577402135,0.029549892999966687
unet,fixed_dose,2,uniform,0.15,3,MEMS_devices_and_electrodes,24.760841369628906,0.3116828722935033,24.624462127685547,0.7974519016903916,0.027642760000162525
unet,fixed_dose,2,uniform,0.15,4,Nanowires,19.280155181884766,0.6328965986777176,18.904508590698242,0.7966525800711745,0.029812414999469183
unet,fixed_dose,2,uniform,0.15,5,Particles,17.86600112915039,0.33112904997691894,17.567508697509766,0.7994675822953737,0.028870740000456863
unet,fixed_dose,2,uniform,0.15,6,Patterned_surface,24.87098503112793,0.508254478336672,24.79047393798828,0.7979384452846976,0.02534966799976246
unet,fixed_dose,2,uniform,0.15,7,Porous_Sponge,23.472015380859375,0.4626815801374557,23.361896514892578,0.7974866548042705,0.021748617000412196
unet,fixed_dose,2,uniform,0.15,8,Powder,18.546239852905273,0.35993989262257714,18.303701400756836,0.7986161310053381,0.019689099000061105
unet,fixed_dose,2,uniform,0.15,9,Tips,32.80343246459961,0.9094904935545848,32.71179962158203,0.7962702958185054,0.02726653400077339
unet,fixed_dose,2,uniform,0.15,10,Biological,26.979415893554688,0.40515047012470895,26.93372917175293,0.7954535976423488,0.029188387999965926
unet,fixed_dose,2,uniform,0.15,11,Fibres,27.432634353637695,0.6953298168566241,27.361331939697266,0.7977646797153026,0.029800216999319673
unet,fixed_dose,2,uniform,0.15,12,Films_Coated_Surface,25.850852966308594,0.41189076330981905,25.790250778198242,0.7982164701957296,0.030033295000066573
unet,fixed_dose,2,uniform,0.15,13,MEMS_devices_and_electrodes,25.498245239257812,0.3414433474036075,25.380157470703125,0.797677796930605,0.027716251999663655
unet,fixed_dose,2,uniform,0.15,14,Nanowires,14.697402954101562,0.5127455497699458,14.303832054138184,0.7987551434608542,0.02762034199986374
unet,fixed_dose,2,uniform,0.15,15,Particles,37.19047164916992,0.9211768384193362,37.19227600097656,0.7964266848309609,0.019229268999879423
unet,fixed_dose,2,uniform,0.15,16,Patterned_surface,21.743324279785156,0.6443021838741428,21.59956169128418,0.7966525800711745,0.0214738810000199
unet,fixed_dose,2,uniform,0.15,17,Porous_Sponge,16.980567932128906,0.49718679645781044,16.635709762573242,0.7988941559163703,0.025233598000340862
unet,fixed_dose,2,uniform,0.15,18,Powder,20.713613510131836,0.4856104801554023,20.595109939575195,0.8007708240658363,0.028603065999959654
unet,fixed_dose,2,uniform,0.15,19,Tips,25.94388771057129,0.7965533888260767,25.876893997192383,0.7979558218416372,0.02872285500052385
unet,fixed_dose,2,uniform,0.15,20,Biological,24.87200927734375,0.5867420703471283,24.806644439697266,0.7982164701957296,0.030014670000127808
unet,fixed_dose,2,uniform,0.15,21,Fibres,23.4400634765625,0.6547423728392374,23.378429412841797,0.7994154526245552,0.029629360000399174
unet,fixed_dose,2,uniform,0.15,22,Films_Coated_Surface,14.84777545928955,0.5010593006049615,14.53521728515625,0.7984423654359432,0.02898141300011048
unet,fixed_dose,2,uniform,0.15,23,MEMS_devices_and_electrodes,25.77019691467285,0.38771011985965687,25.67071533203125,0.7979905749555161,0.029294135999407445
unet,fixed_dose,2,uniform,0.15,24,Nanowires,14.112546920776367,0.2882219499652165,13.827507019042969,0.7975040313612101,0.029296278999936476
unet,fixed_dose,2,uniform,0.15,25,Particles,32.13041687011719,0.644982375361469,32.09421157836914,0.797712550044484,0.028908901999784575
unet,fixed_dose,2,uniform,0.15,26,Patterned_surface,19.255849838256836,0.3609492127627968,19.038799285888672,0.797330265791815,0.028057862000423484
unet,fixed_dose,2,uniform,0.15,27,Porous_Sponge,23.945781707763672,0.3466259394976781,23.88920021057129,0.7967568394128115,0.020136268999522144
unet,fixed_dose,2,uniform,0.15,28,Powder,23.082921981811523,0.5865527814811389,23.001182556152344,0.7974519016903916,0.018543923999459366
unet,fixed_dose,2,uniform,0.15,29,Tips,39.075321197509766,0.9724327106300209,39.08778381347656,0.7984597419928826,0.029551643000559125
unet,fixed_dose,2,uniform,0.15,30,Biological,26.457775115966797,0.36420620355007766,26.40460968017578,0.7970348643238435,0.029691106999962358
unet,fixed_dose,2,uniform,0.15,31,Fibres,33.06947326660156,0.7483558213403818,33.065643310546875,0.7984249888790037,0.02716179699928034
unet,fixed_dose,2,uniform,0.15,32,Films_Coated_Surface,23.59576988220215,0.36474429085167165,23.53287696838379,0.7985292482206406,0.029189857999881497
unet,fixed_dose,2,uniform,0.15,33,MEMS_devices_and_electrodes,25.184314727783203,0.6336585865759122,24.95250701904297,0.7994502057384343,0.027653875999931188
unet,fixed_dose,2,uniform,0.15,34,Nanowires,27.11396026611328,0.7080011501845107,27.023775100708008,0.7993980760676158,0.02984592899974814
unet,fixed_dose,2,uniform,0.15,35,Particles,30.990962982177734,0.824249128939675,30.96259307861328,0.796878475311388,0.029145272000278055
unet,fixed_dose,2,uniform,0.15,36,Patterned_surface,31.114559173583984,0.8822705089529675,30.942575454711914,0.7987725200177936,0.025262690000090515
unet,fixed_dose,2,uniform,0.15,37,Porous_Sponge,16.670391082763672,0.4598979679003802,16.395742416381836,0.7972607595640571,0.02351799400003074
unet,fixed_dose,2,uniform,0.15,38,Powder,21.535484313964844,0.3333820031550816,21.399150848388672,0.7958880115658363,0.022380121999958646
unet,fixed_dose,2,uniform,0.15,39,Tips,35.43512725830078,0.8647497785717579,35.42881393432617,0.7970348643238435,0.022032699000192224
unet,fixed_dose,2,uniform,0.15,40,Biological,22.300565719604492,0.4265190240867326,22.22305679321289,0.7987203903469752,0.01835579399994458
unet,fixed_dose,2,uniform,0.15,41,Fibres,28.675107955932617,0.7604630406135224,28.642032623291016,0.7979905749555161,0.025658655999905022
unet,fixed_dose,2,uniform,0.15,42,Films_Coated_Surface,26.272104263305664,0.406919341749338,26.234203338623047,0.7981469639679717,0.028215135000209557
unet,fixed_dose,2,uniform,0.15,43,MEMS_devices_and_electrodes,22.448415756225586,0.287069176272147,22.350296020507812,0.7984423654359432,0.030494378000184952
unet,fixed_dose,2,uniform,0.15,44,Nanowires,23.328269958496094,0.4026746194620755,23.2352294921875,0.7985987544483987,0.02754959400044754
unet,fixed_dose,2,uniform,0.15,45,Particles,35.23231887817383,0.9491398972001726,35.20379638671875,0.7969306049822065,0.030566526000257
unet,fixed_dose,2,uniform,0.15,46,Patterned_surface,27.607440948486328,0.5766672165699126,27.566709518432617,0.7981990936387902,0.029592941000373685
unet,fixed_dose,2,uniform,0.15,47,Porous_Sponge,23.724700927734375,0.48137104504285383,23.617443084716797,0.7974171485765125,0.0288649849999274
unet,fixed_dose,2,uniform,0.15,48,Powder,24.311342239379883,0.474851525460195,24.251089096069336,0.8001626445729538,0.028642708000006678
unet,fixed_dose,2,uniform,0.15,49,Tips,18.774831771850586,0.23004513353130915,18.612571716308594,0.797295512677936,0.028885642999739503
unet,fixed_dose,2,uniform,0.15,50,Biological,24.383758544921875,0.28760400405827224,24.329334259033203,0.7995718416370108,0.029821265999999014
unet,fixed_dose,2,uniform,0.15,51,Fibres,30.708913803100586,0.705148016539792,30.701892852783203,0.7979905749555161,0.028679197000201384
unet,fixed_dose,2,uniform,0.15,52,Films_Coated_Surface,17.620973587036133,0.5978572553974717,17.389820098876953,0.7974519016903916,0.025340712999422976
unet,fixed_dose,2,uniform,0.15,53,MEMS_devices_and_electrodes,35.164100646972656,0.904997922625445,35.13198471069336,0.7981990936387902,0.020902735000163375
unet,fixed_dose,2,uniform,0.15,54,Nanowires,30.19052505493164,0.740409224963661,30.140003204345703,0.7977994328291815,0.022183879000294837
unet,fixed_dose,2,uniform,0.15,55,Particles,27.05643653869629,0.40528580440260686,27.00457000732422,0.7980253280693951,0.0291312889994515
unet,fixed_dose,2,uniform,0.15,56,Patterned_surface,23.570941925048828,0.5617475065189701,23.456443786621094,0.797677796930605,0.029554175000157556
unet,fixed_dose,2,uniform,0.15,57,Porous_Sponge,21.537120819091797,0.4421518395176153,21.358055114746094,0.7972433830071175,0.028537763999338495
unet,fixed_dose,2,uniform,0.15,58,Powder,19.43238067626953,0.22655499284726982,19.23566246032715,0.7979210687277581,0.028548511000735743
unet,fixed_dose,2,uniform,0.15,59,Tips,34.68938446044922,0.8450427372859293,34.675811767578125,0.7988420262455517,0.028419975000360864
unet,fixed_dose,2,uniform,0.15,60,Biological,27.938236236572266,0.49255624391943315,27.898099899291992,0.7973823954626336,0.029936046000329952
unet,fixed_dose,2,uniform,0.15,61,Fibres,32.531707763671875,0.8001187205225458,32.48509979248047,0.7962529192615659,0.031047616000250855
unet,fixed_dose,2,uniform,0.15,62,Films_Coated_Surface,18.249584197998047,0.45862091647115055,18.048404693603516,0.7985466247775801,0.027701928000169573
unet,fixed_dose,2,uniform,0.15,63,MEMS_devices_and_electrodes,22.32034683227539,0.5871844774470149,22.158061981201172,0.7989289090302492,0.021364981999795418
unet,fixed_dose,2,uniform,0.15,64,Nanowires,39.2624397277832,0.9310852310456605,39.26637649536133,0.7970348643238435,0.020467011000619095
unet,fixed_dose,2,uniform,0.15,65,Particles,35.71916198730469,0.8939075427863382,35.75002670288086,0.7974866548042705,0.02690973200060398
unet,fixed_dose,2,uniform,0.15,66,Patterned_surface,18.536041259765625,0.6571236813202229,18.281902313232422,0.7978515625000001,0.02978680800060829
unet,fixed_dose,2,uniform,0.15,67,Porous_Sponge,18.786930084228516,0.5447854795044833,18.49256706237793,0.7982164701957296,0.027740452000216465
unet,fixed_dose,2,uniform,0.15,68,Powder,22.345813751220703,0.5133149244959373,22.225534439086914,0.7980600811832741,0.028710588000649295
unet,fixed_dose,2,uniform,0.15,69,Tips,35.788429260253906,0.8780421183402531,35.793155670166016,0.7962529192615659,0.029579613999885623
unet,fixed_dose,2,uniform,0.15,70,Biological,24.007259368896484,0.3025334885012188,23.941665649414062,0.7964093082740215,0.029330620000109775
unet,fixed_dose,2,uniform,0.15,71,Fibres,29.43475914001465,0.701170504287951,29.402254104614258,0.7980948342971531,0.029307120999874314
unet,fixed_dose,2,uniform,0.15,72,Films_Coated_Surface,22.83787727355957,0.6901719482586388,22.63162612915039,0.7998151134341638,0.029076632000396785
unet,fixed_dose,2,uniform,0.15,73,MEMS_devices_and_electrodes,23.940446853637695,0.6670565605958085,23.782573699951172,0.7980253280693951,0.02819326799999544
unet,fixed_dose,2,uniform,0.15,74,Nanowires,35.59110641479492,0.8413524588282392,35.57732009887695,0.797469278247331,0.0289091169997846
unet,fixed_dose,2,uniform,0.15,75,Particles,34.20219421386719,0.8855947704787016,34.20891189575195,0.7980427046263346,0.02525139699991996
unet,fixed_dose,2,uniform,0.15,76,Patterned_surface,23.67763328552246,0.7029619863513379,23.510242462158203,0.7961312833629893,0.02340799600005994
unet,fixed_dose,2,uniform,0.15,77,Porous_Sponge,22.417076110839844,0.4948740067842362,22.265716552734375,0.7976951734875445,0.01813319299981231
unet,fixed_dose,2,uniform,0.15,78,Powder,23.124773025512695,0.5600604957536786,23.024673461914062,0.7969132284252669,0.02295497199975216
unet,fixed_dose,2,uniform,0.15,79,Tips,27.421466827392578,0.4493857651086376,27.397449493408203,0.7981122108540926,0.027873200000612997
unet,fixed_dose,2,uniform,0.15,80,Biological,29.37732696533203,0.4987391757917209,29.345561981201172,0.7970001112099644,0.02911372200014739
unet,fixed_dose,2,uniform,0.15,81,Fibres,31.010677337646484,0.6657663095853888,30.987159729003906,0.7993285698398577,0.02902250099941739
unet,fixed_dose,2,uniform,0.15,82,Films_Coated_Surface,22.687644958496094,0.6269711651710977,22.528785705566406,0.7989115324733097,0.030839316999845323
unet,fixed_dose,2,uniform,0.15,83,MEMS_devices_and_electrodes,22.117229461669922,0.4754584779678548,22.086997985839844,0.7975040313612101,0.029939926999759336
unet,fixed_dose,2,uniform,0.15,84,Nanowires,37.43220520019531,0.9664623226769821,37.44390869140625,0.797365018905694,0.028910975999679067
unet,fixed_dose,2,uniform,0.15,85,Particles,23.783618927001953,0.528821875636571,23.669734954833984,0.7984076123220641,0.029375678000178596
unet,fixed_dose,2,uniform,0.15,86,Patterned_surface,30.153711318969727,0.8346322787171432,30.007976531982422,0.7977646797153026,0.029102784000315296
unet,fixed_dose,2,uniform,0.15,87,Porous_Sponge,21.840255737304688,0.4865169867703869,21.63304328918457,0.7967220862989324,0.027973803999884694
unet,fixed_dose,2,uniform,0.15,88,Powder,25.684814453125,0.7215382868056938,25.637279510498047,0.7981469639679717,0.02631338199989841
unet,fixed_dose,2,uniform,0.15,89,Tips,27.658294677734375,0.4235760738665615,27.634464263916016,0.7989810387010677,0.021498803999747906
unet,fixed_dose,2,uniform,0.15,90,Biological,28.69735336303711,0.47363413152833983,28.674861907958984,0.7984423654359432,0.020035882999764
unet,fixed_dose,2,uniform,0.15,91,Fibres,31.845781326293945,0.8114807500633735,31.840496063232422,0.7984597419928826,0.026227348999782407
unet,fixed_dose,2,uniform,0.15,92,Films_Coated_Surface,23.072690963745117,0.4413140082186253,23.018400192260742,0.7962181661476869,0.0287133960000574
unet,fixed_dose,2,uniform,0.15,93,MEMS_devices_and_electrodes,28.765586853027344,0.79987874410195,28.72125244140625,0.7981295874110321,0.028635923000365437
unet,fixed_dose,2,uniform,0.15,94,Nanowires,15.09965705871582,0.6370665462698684,14.72531509399414,0.7991200511565837,0.02941034400009812
unet,fixed_dose,2,uniform,0.15,95,Particles,27.665536880493164,0.5821347389892568,27.390972137451172,0.797330265791815,0.028554344999975
unet,fixed_dose,2,uniform,0.15,96,Patterned_surface,24.37038230895996,0.49385642151610293,24.247379302978516,0.797677796930605,0.028284379000069748
unet,fixed_dose,2,uniform,0.15,97,Porous_Sponge,24.304546356201172,0.5779446684761262,24.316862106323242,0.7964961910587189,0.028439981000701664
unet,fixed_dose,2,uniform,0.15,98,Powder,30.722003936767578,0.8593531062891013,30.69080352783203,0.7991374277135231,0.023190890000478248
unet,fixed_dose,2,uniform,0.15,99,Tips,30.720962524414062,0.6856426019558797,30.68803596496582,0.7957837522241994,0.017739416000040364
unet,fixed_dose,2,uniform,0.2,0,Biological,24.001123428344727,0.351686807220173,23.926828384399414,0.9913464746441282,0.020292348000111815
unet,fixed_dose,2,uniform,0.2,1,Fibres,22.854604721069336,0.5632931511178291,22.737350463867188,0.9929798709964414,0.02311610600008862
unet,fixed_dose,2,uniform,0.2,2,Films_Coated_Surface,24.446821212768555,0.4130924298664824,24.375638961791992,0.9932752724644129,0.027684546000273258
unet,fixed_dose,2,uniform,0.2,3,MEMS_devices_and_electrodes,24.757797241210938,0.32480702618257773,24.594364166259766,0.9913812277580072,0.029024407000179053
unet,fixed_dose,2,uniform,0.2,4,Nanowires,19.742713928222656,0.6644699778484734,19.355934143066406,0.9927887288701068,0.02724470500015741
unet,fixed_dose,2,uniform,0.2,5,Particles,17.992111206054688,0.34557818722723127,17.64706802368164,0.9923543149466193,0.028499400000328023
unet,fixed_dose,2,uniform,0.2,6,Patterned_surface,24.847566604614258,0.5097300029096182,24.753915786743164,0.9905123999110322,0.029678476999833947
unet,fixed_dose,2,uniform,0.2,7,Porous_Sponge,23.422212600708008,0.46487267503607343,23.29922866821289,0.9940224644128114,0.02760811099960847
unet,fixed_dose,2,uniform,0.2,8,Powder,18.7382869720459,0.3544598212626441,18.488882064819336,0.9904776467971531,0.03185551200022019
unet,fixed_dose,2,uniform,0.2,9,Tips,32.72975540161133,0.9092529808134078,32.6244010925293,0.9879754225978649,0.02757920599924546
unet,fixed_dose,2,uniform,0.2,10,Biological,26.97725486755371,0.40361604371332216,26.93122100830078,0.9930146241103205,0.029240861000289442
unet,fixed_dose,2,uniform,0.2,11,Fibres,27.472965240478516,0.6976334620131421,27.3857479095459,0.9944916314501779,0.02996601099948748
unet,fixed_dose,2,uniform,0.2,12,Films_Coated_Surface,25.953466415405273,0.4276628117079404,25.876705169677734,0.9910163200622776,0.029412580000098387
unet,fixed_dose,2,uniform,0.2,13,MEMS_devices_and_electrodes,25.535266876220703,0.3581385214125797,25.37096405029297,0.9905992826957297,0.02895898800034047
unet,fixed_dose,2,uniform,0.2,14,Nanowires,15.000160217285156,0.545695436599857,14.53172779083252,0.9907730482651247,0.027985189999526483
unet,fixed_dose,2,uniform,0.2,15,Particles,37.17334747314453,0.9206426426574847,37.19702911376953,0.9910858262900356,0.02761269100028585
unet,fixed_dose,2,uniform,0.2,16,Patterned_surface,21.71154022216797,0.6401434617078368,21.56045150756836,0.9929103647686833,0.02874116899965884
unet,fixed_dose,2,uniform,0.2,17,Porous_Sponge,17.327552795410156,0.5122459357560025,16.954547882080078,0.9950129281583631,0.0276235679993988
unet,fixed_dose,2,uniform,0.2,18,Powder,20.77877426147461,0.4987723907963765,20.64789581298828,0.9925107039590748,0.027771858999585675
unet,fixed_dose,2,uniform,0.2,19,Tips,25.73493003845215,0.7896503294800994,25.651456832885742,0.9903212577846976,0.023301649000131874
unet,fixed_dose,2,uniform,0.2,20,Biological,24.958274841308594,0.5888335283381905,24.888010025024414,0.9908946841637012,0.023424447999786935
unet,fixed_dose,2,uniform,0.2,21,Fibres,23.636886596679688,0.6621329966895861,23.616724014282227,0.9884098365213524,0.021465365999574715
unet,fixed_dose,2,uniform,0.2,22,Films_Coated_Surface,15.228681564331055,0.5260543434321793,14.874549865722656,0.9930320006672598,0.021393243000602524
unet,fixed_dose,2,uniform,0.2,23,MEMS_devices_and_electrodes,25.74969482421875,0.38904124152662023,25.632160186767578,0.9904602702402135,0.018760167000436923
unet,fixed_dose,2,uniform,0.2,24,Nanowires,14.238508224487305,0.3221646528808682,13.945642471313477,0.9919546541370108,0.021686740000404825
unet,fixed_dose,2,uniform,0.2,25,Particles,32.29848098754883,0.6459384563281767,32.27627944946289,0.9922326790480428,0.0251780870003131
unet,fixed_dose,2,uniform,0.2,26,Patterned_surface,19.372657775878906,0.36843800243045294,19.1095027923584,0.9892439112544485,0.02635211500000878
unet,fixed_dose,2,uniform,0.2,27,Porous_Sponge,23.957387924194336,0.3444294450017845,23.90597915649414,0.9906340358096085,0.026279874000465497
unet,fixed_dose,2,uniform,0.2,28,Powder,23.07477569580078,0.5755465958022676,22.97449493408203,0.9917808885676156,0.028389025000251422
unet,fixed_dose,2,uniform,0.2,29,Tips,39.10685348510742,0.9710832907430126,39.09062194824219,0.9930493772241993,0.03138549599952967
unet,fixed_dose,2,uniform,0.2,30,Biological,26.532245635986328,0.3635282195687644,26.49310302734375,0.9910336966192171,0.029008431999500317
unet,fixed_dose,2,uniform,0.2,31,Fibres,33.25735092163086,0.7485072945746682,33.263057708740234,0.9897130782918151,0.028668549000030907
unet,fixed_dose,2,uniform,0.2,32,Films_Coated_Surface,23.580677032470703,0.3720314143909827,23.521080017089844,0.9891744050266905,0.029264746000080777
unet,fixed_dose,2,uniform,0.2,33,MEMS_devices_and_electrodes,25.31427764892578,0.6364861191521332,25.06610679626465,0.9914681105427047,0.03000780099955591
unet,fixed_dose,2,uniform,0.2,34,Nanowires,27.30492401123047,0.713042898421677,27.21883773803711,0.9923716915035588,0.027497261999997136
unet,fixed_dose,2,uniform,0.2,35,Particles,30.916425704956055,0.8226822347041053,30.856224060058594,0.9917982651245553,0.029670259000340593
unet,fixed_dose,2,uniform,0.2,36,Patterned_surface,31.439876556396484,0.8844141129080093,31.227140426635742,0.9921457962633452,0.03011279500060482
unet,fixed_dose,2,uniform,0.2,37,Porous_Sponge,16.882017135620117,0.4765235644513094,16.564184188842773,0.9888790035587189,0.029020322000178567
unet,fixed_dose,2,uniform,0.2,38,Powder,21.5768985748291,0.3390096958049989,21.441463470458984,0.9899737266459075,0.025032745000316936
unet,fixed_dose,2,uniform,0.2,39,Tips,35.189125061035156,0.8629991485363918,35.1912956237793,0.9901474922153026,0.021565922999798204
unet,fixed_dose,2,uniform,0.2,40,Biological,22.328454971313477,0.4368368763765498,22.259111404418945,0.9916940057829181,0.017436309999538935
unet,fixed_dose,2,uniform,0.2,41,Fibres,28.490901947021484,0.7604964398200994,28.433568954467773,0.9909294372775801,0.02311518700025772
unet,fixed_dose,2,uniform,0.2,42,Films_Coated_Surface,26.334932327270508,0.41309570542233154,26.293354034423828,0.9904428936832741,0.02888287499990838
unet,fixed_dose,2,uniform,0.2,43,MEMS_devices_and_electrodes,22.32355308532715,0.3008558869319521,22.321102142333984,0.9908251779359432,0.028791843999897537
unet,fixed_dose,2,uniform,0.2,44,Nanowires,23.46454620361328,0.39745165143812766,23.392972946166992,0.9910510731761566,0.028705733999231597
unet,fixed_dose,2,uniform,0.2,45,Particles,36.01538848876953,0.9496324878557824,36.02924728393555,0.9910684497330963,0.0291705469999215
unet,fixed_dose,2,uniform,0.2,46,Patterned_surface,27.46207046508789,0.5685433593032486,27.424137115478516,0.9915549933274022,0.027302325000164274
unet,fixed_dose,2,uniform,0.2,47,Porous_Sponge,23.68194580078125,0.4853818609948893,23.57712745666504,0.9920415369217084,0.02763888999925257
unet,fixed_dose,2,uniform,0.2,48,Powder,24.442081451416016,0.478051547898441,24.374637603759766,0.989400300266904,0.02897687800032145
unet,fixed_dose,2,uniform,0.2,49,Tips,18.760765075683594,0.22467369095278428,18.587265014648438,0.9923195618327403,0.028714920999846072
unet,fixed_dose,2,uniform,0.2,50,Biological,24.47378921508789,0.29536063379493155,24.421892166137695,0.9924064446174378,0.02754054199976963
unet,fixed_dose,2,uniform,0.2,51,Fibres,30.70282745361328,0.7002847247669711,30.707242965698242,0.9928756116548043,0.02570722500058764
unet,fixed_dose,2,uniform,0.2,52,Films_Coated_Surface,17.81281852722168,0.6125737964299265,17.562591552734375,0.994178853425267,0.025858563999463513
unet,fixed_dose,2,uniform,0.2,53,MEMS_devices_and_electrodes,35.31448745727539,0.9048255920591444,35.26275634765625,0.990199621886121,0.02388974200039229
unet,fixed_dose,2,uniform,0.2,54,Nanowires,29.94447898864746,0.7366318382300033,29.89851188659668,0.9910336966192171,0.02438499799973215
unet,fixed_dose,2,uniform,0.2,55,Particles,27.145065307617188,0.4066175368035139,27.109516143798828,0.9913812277580072,0.021052473000054306
unet,fixed_dose,2,uniform,0.2,56,Patterned_surface,23.68236541748047,0.5666360986106909,23.572214126586914,0.9906687889234875,0.017693954000606027
unet,fixed_dose,2,uniform,0.2,57,Porous_Sponge,21.76032257080078,0.44806551448219173,21.551015853881836,0.9893829237099645,0.025297164000221528
unet,fixed_dose,2,uniform,0.2,58,Powder,19.402576446533203,0.23917961544910035,19.199560165405273,0.9922153024911033,0.02938103399992542
unet,fixed_dose,2,uniform,0.2,59,Tips,34.55399703979492,0.8436325422036918,34.53884506225586,0.9909468138345197,0.029218225000477105
unet,fixed_dose,2,uniform,0.2,60,Biological,27.962892532348633,0.4926837844485823,27.92209243774414,0.9928061054270464,0.029237007999654452
unet,fixed_dose,2,uniform,0.2,61,Fibres,32.44285202026367,0.7976736986693068,32.434356689453125,0.9928408585409253,0.029419308000797173
unet,fixed_dose,2,uniform,0.2,62,Films_Coated_Surface,18.729902267456055,0.48330674850420274,18.515064239501953,0.9932926490213524,0.027568770000470977
unet,fixed_dose,2,uniform,0.2,63,MEMS_devices_and_electrodes,22.332473754882812,0.5789241386800538,22.148408889770508,0.9918156416814947,0.029485985999599507
unet,fixed_dose,2,uniform,0.2,64,Nanowires,39.158233642578125,0.9291731153537807,39.167640686035156,0.9908599310498222,0.028528990999802772
unet,fixed_dose,2,uniform,0.2,65,Particles,35.33584976196289,0.8910207755004613,35.36363220214844,0.9942657362099645,0.027807497999674524
unet,fixed_dose,2,uniform,0.2,66,Patterned_surface,18.906408309936523,0.6854115457392019,18.662918090820312,0.9911032028469751,0.02705160599998635
unet,fixed_dose,2,uniform,0.2,67,Porous_Sponge,19.012218475341797,0.5577975601213138,18.6826171875,0.9912595918594307,0.023409774999890942
unet,fixed_dose,2,uniform,0.2,68,Powder,22.378887176513672,0.5134209131559598,22.269573211669922,0.9889658863434164,0.023796129999936966
unet,fixed_dose,2,uniform,0.2,69,Tips,35.3768424987793,0.8752335195329569,35.35882568359375,0.9909468138345197,0.016407998999966367
unet,fixed_dose,2,uniform,0.2,70,Biological,24.051952362060547,0.31608802419680854,23.976221084594727,0.9894871830516014,0.02448315800029377
unet,fixed_dose,2,uniform,0.2,71,Fibres,29.31833267211914,0.700830036411984,29.284648895263672,0.993310025578292,0.027801317999546882
unet,fixed_dose,2,uniform,0.2,72,Films_Coated_Surface,23.244707107543945,0.70015391355264,23.020030975341797,0.9916592526690393,0.028964411000742984
unet,fixed_dose,2,uniform,0.2,73,MEMS_devices_and_electrodes,24.110370635986328,0.6674477816090928,23.9755802154541,0.9908773076067616,0.02974763099973643
unet,fixed_dose,2,uniform,0.2,74,Nanowires,35.535064697265625,0.8407189035306468,35.53148651123047,0.9913464746441282,0.02895391399943037
unet,fixed_dose,2,uniform,0.2,75,Particles,33.7419548034668,0.8835235990399205,33.74262237548828,0.9895566892793595,0.029106332000083057
unet,fixed_dose,2,uniform,0.2,76,Patterned_surface,24.081863403320312,0.7066649680314387,23.901586532592773,0.9900779859875445,0.028921869000441802
unet,fixed_dose,2,uniform,0.2,77,Porous_Sponge,22.472000122070312,0.4968012078990983,22.303775787353516,0.9917113823398578,0.027613197000391665
unet,fixed_dose,2,uniform,0.2,78,Powder,23.270977020263672,0.5669066195017658,23.179588317871094,0.9904255171263345,0.02866594700026326
unet,fixed_dose,2,uniform,0.2,79,Tips,27.35175895690918,0.4490591021734626,27.333972930908203,0.9935880504893239,0.028848892000496562
unet,fixed_dose,2,uniform,0.2,80,Biological,29.228219985961914,0.49500456298638923,29.1971378326416,0.9888790035587189,0.027521816000444232
unet,fixed_dose,2,uniform,0.2,81,Fibres,30.914628982543945,0.6637902875001821,30.913799285888672,0.9914681105427047,0.02845279200028017
unet,fixed_dose,2,uniform,0.2,82,Films_Coated_Surface,22.817996978759766,0.634510031687479,22.637561798095703,0.9923543149466193,0.0295208299994556
unet,fixed_dose,2,uniform,0.2,83,MEMS_devices_and_electrodes,22.358110427856445,0.4743644289042616,22.199800491333008,0.9911379559608541,0.02907262400003674
unet,fixed_dose,2,uniform,0.2,84,Nanowires,37.289066314697266,0.9650162637143991,37.295318603515625,0.9915376167704627,0.027770554999733577
unet,fixed_dose,2,uniform,0.2,85,Particles,23.89426040649414,0.5301112531933803,23.761634826660156,0.9932057662366549,0.02305508599965833
unet,fixed_dose,2,uniform,0.2,86,Patterned_surface,29.795490264892578,0.8295136666528771,29.62029266357422,0.9899215969750891,0.021131211000465555
unet,fixed_dose,2,uniform,0.2,87,Porous_Sponge,21.932262420654297,0.4918377459319562,21.723400115966797,0.9911727090747331,0.01768673799961107
unet,fixed_dose,2,uniform,0.2,88,Powder,25.615123748779297,0.725126433106743,25.57107925415039,0.9929972475533808,0.02132654700017156
unet,fixed_dose,2,uniform,0.2,89,Tips,27.702564239501953,0.4217559428098966,27.669946670532227,0.9908251779359432,0.027275085999463045
unet,fixed_dose,2,uniform,0.2,90,Biological,28.688047409057617,0.47189313418606865,28.654361724853516,0.9915723698843418,0.027710041999853274
unet,fixed_dose,2,uniform,0.2,91,Fibres,31.899627685546875,0.813144794617648,31.884815216064453,0.9930146241103205,0.027603175999502128
unet,fixed_dose,2,uniform,0.2,92,Films_Coated_Surface,23.239295959472656,0.440293044378892,23.161428451538086,0.9913117215302492,0.02928691799934313
unet,fixed_dose,2,uniform,0.2,93,MEMS_devices_and_electrodes,28.854393005371094,0.7991289440587535,28.807586669921875,0.9902169984430607,0.02782432499952847
unet,fixed_dose,2,uniform,0.2,94,Nanowires,15.540881156921387,0.6601838286694968,15.126766204833984,0.9928234819839858,0.028647713999816915
unet,fixed_dose,2,uniform,0.2,95,Particles,27.91242790222168,0.5815904559355385,27.614669799804688,0.9913117215302492,0.02766920200065215
unet,fixed_dose,2,uniform,0.2,96,Patterned_surface,24.50502586364746,0.4900293875038047,24.366472244262695,0.9908599310498222,0.027812821999759763
unet,fixed_dose,2,uniform,0.2,97,Porous_Sponge,24.4630069732666,0.5912522407038756,24.481142044067383,0.9892091581405695,0.028381672000250546
unet,fixed_dose,2,uniform,0.2,98,Powder,30.797733306884766,0.8598742782177704,30.771541595458984,0.9885314724199289,0.027884459999768296
unet,fixed_dose,2,uniform,0.2,99,Tips,30.627534866333008,0.683901058608386,30.567466735839844,0.9912422153024912,0.025928653999471862
unet,fixed_dose,2,uniform,0.3,0,Biological,24.022005081176758,0.34803346319780565,23.943721771240234,1.3103244550711746,0.02586265599984472
unet,fixed_dose,2,uniform,0.3,1,Fibres,22.982280731201172,0.5668307925733016,22.864173889160156,1.3101506895017796,0.027904141999897547
unet,fixed_dose,2,uniform,0.3,2,Films_Coated_Surface,24.40507698059082,0.41140103108541437,24.34737777709961,1.3147902302046264,0.030209651999939524
unet,fixed_dose,2,uniform,0.3,3,MEMS_devices_and_electrodes,24.797380447387695,0.3251408740808434,24.642839431762695,1.3111237766903914,0.02522896699974808
unet,fixed_dose,2,uniform,0.3,4,Nanowires,20.124221801757812,0.6899991633703317,19.6885929107666,1.3163541203291813,0.02559177999955864
unet,fixed_dose,2,uniform,0.3,5,Particles,18.169965744018555,0.3616279112822445,17.810592651367188,1.312183746663701,0.02798740100024588
unet,fixed_dose,2,uniform,0.3,6,Patterned_surface,24.941486358642578,0.5164330355266268,24.864398956298828,1.3099247942615662,0.029171523000513844
unet,fixed_dose,2,uniform,0.3,7,Porous_Sponge,23.50323486328125,0.46967299132686036,23.39055061340332,1.3111064001334523,0.027982315000372182
unet,fixed_dose,2,uniform,0.3,8,Powder,18.87885284423828,0.33780730660323083,18.651519775390625,1.3124965246886122,0.028597389999958978
unet,fixed_dose,2,uniform,0.3,9,Tips,33.192962646484375,0.9092675681314192,33.0865592956543,1.3135391181049823,0.02903914699982124
unet,fixed_dose,2,uniform,0.3,10,Biological,26.96162223815918,0.4024112859601338,26.907333374023438,1.3108457517793595,0.028545633000248927
unet,fixed_dose,2,uniform,0.3,11,Fibres,27.517822265625,0.6940692091555953,27.43284034729004,1.311836215524911,0.028843599000538234
unet,fixed_dose,2,uniform,0.3,12,Films_Coated_Surface,25.965206146240234,0.42432760252031393,25.903945922851562,1.3095425100088969,0.028901807000693225
unet,fixed_dose,2,uniform,0.3,13,MEMS_devices_and_electrodes,25.475643157958984,0.3732873593898635,25.40297508239746,1.3128093027135233,0.028892836000522948
unet,fixed_dose,2,uniform,0.3,14,Nanowires,15.504070281982422,0.5687788051755873,14.91714859008789,1.3091080960854096,0.0288858000003529
unet,fixed_dose,2,uniform,0.3,15,Particles,37.36811447143555,0.9191654803392193,37.410255432128906,1.3115060609430607,0.02864355300062016
unet,fixed_dose,2,uniform,0.3,16,Patterned_surface,21.898029327392578,0.6516642819817794,21.74245834350586,1.3109847642348758,0.029128786999535805
unet,fixed_dose,2,uniform,0.3,17,Porous_Sponge,17.73906898498535,0.5255657093644099,17.33077621459961,1.3126876668149468,0.029905005999353307
unet,fixed_dose,2,uniform,0.3,18,Powder,20.925811767578125,0.5045906949255556,20.773658752441406,1.3141646741548045,0.02873905099932017
unet,fixed_dose,2,uniform,0.3,19,Tips,25.740182876586914,0.7856052156514484,25.65188980102539,1.3110542704626333,0.027372530000320694
unet,fixed_dose,2,uniform,0.3,20,Biological,25.14914321899414,0.5915375015172195,25.055850982666016,1.309855288033808,0.027673649999996996
unet,fixed_dose,2,uniform,0.3,21,Fibres,23.81817626953125,0.6767482265098815,23.76528549194336,1.308812694617438,0.029691488999560534
unet,fixed_dose,2,uniform,0.3,22,Films_Coated_Surface,15.740070343017578,0.550253356099127,15.324273109436035,1.3085346697064058,0.02721280000059778
unet,fixed_dose,2,uniform,0.3,23,MEMS_devices_and_electrodes,25.805709838867188,0.38524659342873413,25.727230072021484,1.3100985598309611,0.0283424589997594
unet,fixed_dose,2,uniform,0.3,24,Nanowires,14.51495361328125,0.3439205559908011,14.156332969665527,1.3098031583629894,0.028978581000046688
unet,fixed_dose,2,uniform,0.3,25,Particles,32.272369384765625,0.6458265056782438,32.23596954345703,1.3138345195729537,0.02820150899970031
unet,fixed_dose,2,uniform,0.3,26,Patterned_surface,19.584320068359375,0.3684993748350912,19.31024932861328,1.311975227980427,0.02864909500021895
unet,fixed_dose,2,uniform,0.3,27,Porous_Sponge,24.084815979003906,0.3470509352839334,24.023822784423828,1.3079438667704626,0.030362593000063498
unet,fixed_dose,2,uniform,0.3,28,Powder,23.302276611328125,0.5935585395429223,23.22881507873535,1.3105329737544484,0.028560834999552753
unet,fixed_dose,2,uniform,0.3,29,Tips,39.034034729003906,0.9709695782756951,39.027435302734375,1.310515597197509,0.029496678999748838
unet,fixed_dose,2,uniform,0.3,30,Biological,26.507877349853516,0.36468868985171154,26.460586547851562,1.3114365547153026,0.029201285999988613
unet,fixed_dose,2,uniform,0.3,31,Fibres,33.21896743774414,0.7465420251737663,33.238399505615234,1.3120968638790038,0.02971260499998607
unet,fixed_dose,2,uniform,0.3,32,Films_Coated_Surface,23.58673095703125,0.367894224775422,23.525928497314453,1.310202819172598,0.029872563999560953
unet,fixed_dose,2,uniform,0.3,33,MEMS_devices_and_electrodes,25.493267059326172,0.6358937986414024,25.21622657775879,1.3118883451957295,0.029724047999479808
unet,fixed_dose,2,uniform,0.3,34,Nanowires,27.339309692382812,0.7141647154990464,27.256317138671875,1.3102549488434165,0.02792393199979415
unet,fixed_dose,2,uniform,0.3,35,Particles,31.22567367553711,0.8201854254503603,31.199796676635742,1.3101159363879002,0.02859608200014918
unet,fixed_dose,2,uniform,0.3,36,Patterned_surface,31.561779022216797,0.8783541368491296,31.288402557373047,1.3090385898576515,0.028820298000027833
unet,fixed_dose,2,uniform,0.3,37,Porous_Sponge,16.983720779418945,0.472475407568223,16.660537719726562,1.3107588689946619,0.028713978999803658
unet,fixed_dose,2,uniform,0.3,38,Powder,21.674625396728516,0.3417755142823184,21.529762268066406,1.3091428491992885,0.027403237999351404
unet,fixed_dose,2,uniform,0.3,39,Tips,35.21180725097656,0.8624229733093557,35.20357894897461,1.3095251334519573,0.02954763300022023
unet,fixed_dose,2,uniform,0.3,40,Biological,22.43463134765625,0.4321248223639063,22.3505859375,1.3110021407918149,0.028775155000403174
unet,fixed_dose,2,uniform,0.3,41,Fibres,29.010217666625977,0.7651552039968602,28.97744369506836,1.3107067393238434,0.02864781099924585
unet,fixed_dose,2,uniform,0.3,42,Films_Coated_Surface,26.333980560302734,0.41224938418937235,26.29529571533203,1.3119578514234875,0.028726071000164666
unet,fixed_dose,2,uniform,0.3,43,MEMS_devices_and_electrodes,22.475666046142578,0.3005682734449753,22.396146774291992,1.3096988990213523,0.028980337000575673
unet,fixed_dose,2,uniform,0.3,44,Nanowires,23.50996208190918,0.40311710947833346,23.406753540039062,1.3099247942615662,0.028734104999784904
unet,fixed_dose,2,uniform,0.3,45,Particles,35.58748245239258,0.9448988135801802,35.618125915527344,1.30594556272242,0.027178223000191792
unet,fixed_dose,2,uniform,0.3,46,Patterned_surface,27.659400939941406,0.580763136520509,27.60715103149414,1.3098379114768683,0.02946176200021
unet,fixed_dose,2,uniform,0.3,47,Porous_Sponge,23.811567306518555,0.48390467664430903,23.696805953979492,1.3133305994217084,0.029232500000034634
unet,fixed_dose,2,uniform,0.3,48,Powder,24.531190872192383,0.48273455696949347,24.464508056640625,1.3078917370996441,0.02892817800056946
unet,fixed_dose,2,uniform,0.3,49,Tips,18.837902069091797,0.24617773930002582,18.624553680419922,1.3099769239323846,0.028611963000003016
unet,fixed_dose,2,uniform,0.3,50,Biological,24.365575790405273,0.2912567121353429,24.29622459411621,1.310272325400356,0.030089674000009836
unet,fixed_dose,2,uniform,0.3,51,Fibres,30.597213745117188,0.6998434180407966,30.60148048400879,1.3100811832740213,0.027821257000141486
unet,fixed_dose,2,uniform,0.3,52,Films_Coated_Surface,18.120849609375,0.6293345341226514,17.856948852539062,1.310446090969751,0.029017136999755166
unet,fixed_dose,2,uniform,0.3,53,MEMS_devices_and_electrodes,35.2407112121582,0.9010036622030825,35.210731506347656,1.308152385453737,0.027831125000375323
unet,fixed_dose,2,uniform,0.3,54,Nanowires,30.144216537475586,0.7391470813535448,30.10965347290039,1.3126007840302492,0.030186494999725255
unet,fixed_dose,2,uniform,0.3,55,Particles,27.091493606567383,0.40736014432595014,27.051406860351562,1.310897881450178,0.02777052500005084
unet,fixed_dose,2,uniform,0.3,56,Patterned_surface,23.679424285888672,0.5658628877537573,23.555078506469727,1.3134174822064058,0.028489156999967236
unet,fixed_dose,2,uniform,0.3,57,Porous_Sponge,21.82742691040039,0.4497671596218455,21.625782012939453,1.3126355371441283,0.027309951000461297
unet,fixed_dose,2,uniform,0.3,58,Powder,19.43967056274414,0.23346734314546946,19.217823028564453,1.3097684052491103,0.029424639000353636
unet,fixed_dose,2,uniform,0.3,59,Tips,34.64493179321289,0.8410680478026672,34.64544677734375,1.3097336521352314,0.029053504000330577
unet,fixed_dose,2,uniform,0.3,60,Biological,28.126020431518555,0.4937718155046627,28.102102279663086,1.3133827290925268,0.0295557520003058
unet,fixed_dose,2,uniform,0.3,61,Fibres,32.70279312133789,0.8009776651157081,32.70522689819336,1.311071647019573,0.029016903999945498
unet,fixed_dose,2,uniform,0.3,62,Films_Coated_Surface,19.076560974121094,0.495888190176522,18.811748504638672,1.3090733429715302,0.027246657999967283
unet,fixed_dose,2,uniform,0.3,63,MEMS_devices_and_electrodes,22.36161994934082,0.5853004491113708,22.20012664794922,1.3100464301601427,0.029886467000324046
unet,fixed_dose,2,uniform,0.3,64,Nanowires,39.27597427368164,0.9276803576998313,39.29838943481445,1.3088822008451957,0.029531256999689504
unet,fixed_dose,2,uniform,0.3,65,Particles,35.28656768798828,0.887917979949326,35.324588775634766,1.3105677268683276,0.02867058799984079
unet,fixed_dose,2,uniform,0.3,66,Patterned_surface,19.1447811126709,0.6977925794658641,19.040578842163086,1.311592943727758,0.030053053999836266
unet,fixed_dose,2,uniform,0.3,67,Porous_Sponge,19.27997589111328,0.568143286647672,18.93793487548828,1.3109152580071175,0.027749982000386808
unet,fixed_dose,2,uniform,0.3,68,Powder,22.38422393798828,0.512322281342028,22.281206130981445,1.3107588689946619,0.029780802999994194
unet,fixed_dose,2,uniform,0.3,69,Tips,35.53582000732422,0.8751521918939684,35.52063751220703,1.309681522464413,0.02897351699994033
unet,fixed_dose,2,uniform,0.3,70,Biological,24.11525535583496,0.3381053283596492,24.051258087158203,1.3103418316281141,0.030194377999578137
unet,fixed_dose,2,uniform,0.3,71,Fibres,29.49946403503418,0.7039093689640592,29.478418350219727,1.3087953180604983,0.02882308500011277
unet,fixed_dose,2,uniform,0.3,72,Films_Coated_Surface,23.39438247680664,0.6994117820889937,23.149028778076172,1.3129656917259787,0.027899512000658433
unet,fixed_dose,2,uniform,0.3,73,MEMS_devices_and_electrodes,24.037792205810547,0.6641103793713606,23.915205001831055,1.311836215524911,0.0293751200006227
unet,fixed_dose,2,uniform,0.3,74,Nanowires,35.76767349243164,0.8408379167966236,35.7857551574707,1.309160225756228,0.029160064000279817
unet,fixed_dose,2,uniform,0.3,75,Particles,34.189056396484375,0.8824934776485137,34.188819885253906,1.3128266792704626,0.027696556000591954
unet,fixed_dose,2,uniform,0.3,76,Patterned_surface,24.005050659179688,0.7057496303949242,23.848630905151367,1.3130004448398576,0.028726362999805133
unet,fixed_dose,2,uniform,0.3,77,Porous_Sponge,22.771167755126953,0.5029236158679654,22.610492706298828,1.3098205349199288,0.027734438999686972
unet,fixed_dose,2,uniform,0.3,78,Powder,23.27623176574707,0.5639664591680663,23.181684494018555,1.3112106594750892,0.02889559699997335
unet,fixed_dose,2,uniform,0.3,79,Tips,27.356590270996094,0.44888994360669304,27.338048934936523,1.3111064001334523,0.028356556999824534
unet,fixed_dose,2,uniform,0.3,80,Biological,29.36065673828125,0.497953489033972,29.33988380432129,1.310897881450178,0.029389053000159038
unet,fixed_dose,2,uniform,0.3,81,Fibres,31.066558837890625,0.6667362712574624,31.053754806518555,1.3122184997775803,0.02900637299990194
unet,fixed_dose,2,uniform,0.3,82,Films_Coated_Surface,22.887296676635742,0.6340915135456237,22.676128387451172,1.3109326345640573,0.02846480900007009
unet,fixed_dose,2,uniform,0.3,83,MEMS_devices_and_electrodes,22.601486206054688,0.4765705418963759,22.38245964050293,1.3072835576067614,0.028423736000149802
unet,fixed_dose,2,uniform,0.3,84,Nanowires,37.5631217956543,0.9643509805625129,37.59726333618164,1.3122184997775803,0.02819753799940372
unet,fixed_dose,2,uniform,0.3,85,Particles,24.020347595214844,0.5315072387284846,23.884296417236328,1.3095598865658364,0.029242646000056993
unet,fixed_dose,2,uniform,0.3,86,Patterned_surface,30.36985206604004,0.8307497469482029,30.14929962158203,1.3086736821619218,0.027153056999850378
unet,fixed_dose,2,uniform,0.3,87,Porous_Sponge,22.085800170898438,0.4898963743197405,21.869211196899414,1.3125834074733098,0.02820317000077921
unet,fixed_dose,2,uniform,0.3,88,Powder,25.902368545532227,0.7271178954972086,25.866588592529297,1.3099595473754448,0.02811593400019774
unet,fixed_dose,2,uniform,0.3,89,Tips,27.637706756591797,0.42300753510667954,27.617950439453125,1.3122011232206408,0.027610423000623996
unet,fixed_dose,2,uniform,0.3,90,Biological,28.62310791015625,0.47099239253308656,28.6112003326416,1.311488684386121,0.028130162999332242
unet,fixed_dose,2,uniform,0.3,91,Fibres,31.28579330444336,0.8037774382389997,31.294973373413086,1.3106719862099645,0.02959531899978174
unet,fixed_dose,2,uniform,0.3,92,Films_Coated_Surface,23.091732025146484,0.43880474942045544,23.017004013061523,1.3087084352758007,0.025521049999952083
unet,fixed_dose,2,uniform,0.3,93,MEMS_devices_and_electrodes,28.824134826660156,0.8002549218499214,28.751972198486328,1.3136781305604983,0.02307984100025351
unet,fixed_dose,2,uniform,0.3,94,Nanowires,16.053001403808594,0.6845252330499512,15.59988021850586,1.310863128336299,0.023148846000367485
unet,fixed_dose,2,uniform,0.3,95,Particles,28.16709327697754,0.5836367267906403,27.807098388671875,1.3096293927935945,0.0234790909998992
unet,fixed_dose,2,uniform,0.3,96,Patterned_surface,24.560014724731445,0.5020686785165352,24.408588409423828,1.3100464301601427,0.023407055999996373
unet,fixed_dose,2,uniform,0.3,97,Porous_Sponge,24.261302947998047,0.5880584443727531,24.332876205444336,1.310446090969751,0.026233754999339
unet,fixed_dose,2,uniform,0.3,98,Powder,30.550783157348633,0.8567497324808181,30.518110275268555,1.3118535920818506,0.025326123000013467
unet,fixed_dose,2,uniform,0.3,99,Tips,31.01926612854004,0.6875124349004694,30.967052459716797,1.3125312778024911,0.028447377000702545
unet,fixed_dose,2,partial_raster,0.05,0,Biological,23.29086685180664,0.31939679359083073,23.189420700073242,0.05078125,0.019921690999581187
unet,fixed_dose,2,partial_raster,0.05,1,Fibres,20.934452056884766,0.4258167917474034,20.801694869995117,0.05078125,0.026018528999884438
unet,fixed_dose,2,partial_raster,0.05,2,Films_Coated_Surface,22.96525001525879,0.36400787861569633,22.845327377319336,0.05078125,0.030009845999302343
unet,fixed_dose,2,partial_raster,0.05,3,MEMS_devices_and_electrodes,23.88918113708496,0.29511211168470997,23.768054962158203,0.05078125,0.030081967000114673
unet,fixed_dose,2,partial_raster,0.05,4,Nanowires,15.330792427062988,0.24476107341766803,15.122589111328125,0.05078125,0.027136245999827224
unet,fixed_dose,2,partial_raster,0.05,5,Particles,16.939056396484375,0.23325711747228167,16.760671615600586,0.05078125,0.021203866999712773
unet,fixed_dose,2,partial_raster,0.05,6,Patterned_surface,21.413673400878906,0.4176364104277521,21.238100051879883,0.05078125,0.02258181900015188
unet,fixed_dose,2,partial_raster,0.05,7,Porous_Sponge,20.79791831970215,0.3639214710407592,20.635181427001953,0.05078125,0.028672378000010212
unet,fixed_dose,2,partial_raster,0.05,8,Powder,16.15826416015625,0.21273259741884412,15.985071182250977,0.05078125,0.02864530399983778
unet,fixed_dose,2,partial_raster,0.05,9,Tips,32.32500457763672,0.9089523318501869,32.2377815246582,0.05078125,0.029469170000083977
unet,fixed_dose,2,partial_raster,0.05,10,Biological,26.696613311767578,0.405164168620564,26.62972640991211,0.05078125,0.023617169999852194
unet,fixed_dose,2,partial_raster,0.05,11,Fibres,24.66771125793457,0.6540336384072546,24.514846801757812,0.05078125,0.02270942700033629
unet,fixed_dose,2,partial_raster,0.05,12,Films_Coated_Surface,25.432262420654297,0.40343785993785086,25.331321716308594,0.05078125,0.02970208500028093
unet,fixed_dose,2,partial_raster,0.05,13,MEMS_devices_and_electrodes,24.863128662109375,0.33374066559843485,24.74864959716797,0.05078125,0.029359411000768887
unet,fixed_dose,2,partial_raster,0.05,14,Nanowires,12.883710861206055,0.17604183296388534,12.694107055664062,0.05078125,0.02914938499998243
unet,fixed_dose,2,partial_raster,0.05,15,Particles,37.6132698059082,0.924087484341744,37.60258865356445,0.05078125,0.02777681899988238
unet,fixed_dose,2,partial_raster,0.05,16,Patterned_surface,19.930206298828125,0.46160194827738316,19.774921417236328,0.05078125,0.01927639800032921
unet,fixed_dose,2,partial_raster,0.05,17,Porous_Sponge,12.682926177978516,0.2294839120504049,12.477741241455078,0.05078125,0.029179234000366705
unet,fixed_dose,2,partial_raster,0.05,18,Powder,18.200838088989258,0.3367554475308513,18.032133102416992,0.05078125,0.027825698999549786
unet,fixed_dose,2,partial_raster,0.05,19,Tips,24.712724685668945,0.7675300187473733,24.599224090576172,0.05078125,0.029125734000444936
unet,fixed_dose,2,partial_raster,0.05,20,Biological,21.347990036010742,0.5320363645377663,21.18402671813965,0.05078125,0.029197793000093952
unet,fixed_dose,2,partial_raster,0.05,21,Fibres,19.866954803466797,0.4151996367069083,19.690799713134766,0.05078125,0.021500378000382625
unet,fixed_dose,2,partial_raster,0.05,22,Films_Coated_Surface,12.35442066192627,0.20235902602855463,12.157203674316406,0.05078125,0.02512307300003158
unet,fixed_dose,2,partial_raster,0.05,23,MEMS_devices_and_electrodes,24.97768783569336,0.37589525374881366,24.876888275146484,0.05078125,0.02947682700050791
unet,fixed_dose,2,partial_raster,0.05,24,Nanowires,13.06482219696045,0.10858763117055456,12.88021183013916,0.05078125,0.02912687299976824
unet,fixed_dose,2,partial_raster,0.05,25,Particles,30.15997886657715,0.6443740278490067,30.05249786376953,0.05078125,0.027883429000212345
unet,fixed_dose,2,partial_raster,0.05,26,Patterned_surface,18.041439056396484,0.26367184242819824,17.880599975585938,0.05078125,0.019515435000357684
unet,fixed_dose,2,partial_raster,0.05,27,Porous_Sponge,22.279991149902344,0.3309292158381343,22.160717010498047,0.05078125,0.027444371000456158
unet,fixed_dose,2,partial_raster,0.05,28,Powder,20.15646743774414,0.4277252665620877,19.995603561401367,0.05078125,0.02932947899989813
unet,fixed_dose,2,partial_raster,0.05,29,Tips,35.62668228149414,0.9721252168432516,35.50043487548828,0.05078125,0.029411661999802163
unet,fixed_dose,2,partial_raster,0.05,30,Biological,26.4122371673584,0.3641845186793013,26.36928367614746,0.05078125,0.028613645999939763
unet,fixed_dose,2,partial_raster,0.05,31,Fibres,33.23170471191406,0.7511446783837382,33.2119140625,0.05078125,0.02623068000048079
unet,fixed_dose,2,partial_raster,0.05,32,Films_Coated_Surface,22.762460708618164,0.3235522538394259,22.665483474731445,0.05078125,0.020978472999559017
unet,fixed_dose,2,partial_raster,0.05,33,MEMS_devices_and_electrodes,20.692920684814453,0.5904555549187932,20.502395629882812,0.05078125,0.02883637900049507
unet,fixed_dose,2,partial_raster,0.05,34,Nanowires,24.509220123291016,0.5931706023354214,24.345178604125977,0.05078125,0.027479014999698848
unet,fixed_dose,2,partial_raster,0.05,35,Particles,30.742504119873047,0.8258095979610418,30.681398391723633,0.05078125,0.029395648999525292
unet,fixed_dose,2,partial_raster,0.05,36,Patterned_surface,25.07050323486328,0.7874983851263206,24.8665828704834,0.05078125,0.02584007199948246
unet,fixed_dose,2,partial_raster,0.05,37,Porous_Sponge,14.361940383911133,0.31531039844010456,14.175100326538086,0.05078125,0.02086913299990556
unet,fixed_dose,2,partial_raster,0.05,38,Powder,19.653076171875,0.2758715211081338,19.501726150512695,0.05078125,0.029619924999678915
unet,fixed_dose,2,partial_raster,0.05,39,Tips,34.43391036987305,0.8628436618803242,34.38553237915039,0.05078125,0.028887190999739687
unet,fixed_dose,2,partial_raster,0.05,40,Biological,20.55463409423828,0.33677578355216403,20.417682647705078,0.05078125,0.02844076600013068
unet,fixed_dose,2,partial_raster,0.05,41,Fibres,28.505857467651367,0.763918096907994,28.44305419921875,0.05078125,0.027526230000148644
unet,fixed_dose,2,partial_raster,0.05,42,Films_Coated_Surface,25.639423370361328,0.3998763882013579,25.555145263671875,0.05078125,0.019932139999582432
unet,fixed_dose,2,partial_raster,0.05,43,MEMS_devices_and_electrodes,19.57880401611328,0.24059454263403252,19.516094207763672,0.05078125,0.026453143999788153
unet,fixed_dose,2,partial_raster,0.05,44,Nanowires,20.84465217590332,0.3606481821171194,20.699617385864258,0.05078125,0.02852101299959031
unet,fixed_dose,2,partial_raster,0.05,45,Particles,24.15338706970215,0.932553382152292,23.943199157714844,0.05078125,0.029092770000715973
unet,fixed_dose,2,partial_raster,0.05,46,Patterned_surface,26.528465270996094,0.562482592234877,26.391769409179688,0.05078125,0.029079998999804957
unet,fixed_dose,2,partial_raster,0.05,47,Porous_Sponge,20.80561637878418,0.38190557729185065,20.64068603515625,0.05078125,0.024080227999547787
unet,fixed_dose,2,partial_raster,0.05,48,Powder,22.5629825592041,0.42480794214569007,22.429140090942383,0.05078125,0.023256748999301635
unet,fixed_dose,2,partial_raster,0.05,49,Tips,17.747142791748047,0.16031344514043316,17.616918563842773,0.05078125,0.02874270499978593
unet,fixed_dose,2,partial_raster,0.05,50,Biological,24.208362579345703,0.29226112785044633,24.132356643676758,0.05078125,0.027951774999564805
unet,fixed_dose,2,partial_raster,0.05,51,Fibres,30.54279136657715,0.7049200493668134,30.51532554626465,0.05078125,0.02944288799972128
unet,fixed_dose,2,partial_raster,0.05,52,Films_Coated_Surface,14.433388710021973,0.2615397442609626,14.24040412902832,0.05078125,0.02610829900004319
unet,fixed_dose,2,partial_raster,0.05,53,MEMS_devices_and_electrodes,27.512266159057617,0.8554291599440004,27.320802688598633,0.05078125,0.020190373999867006
unet,fixed_dose,2,partial_raster,0.05,54,Nanowires,29.56169319152832,0.7372840518922261,29.50761604309082,0.05078125,0.027833062000354403
unet,fixed_dose,2,partial_raster,0.05,55,Particles,26.497037887573242,0.40144637066254785,26.425504684448242,0.05078125,0.030901052999979584
unet,fixed_dose,2,partial_raster,0.05,56,Patterned_surface,19.199481964111328,0.48759975113638043,19.02899932861328,0.05078125,0.02877675800027646
unet,fixed_dose,2,partial_raster,0.05,57,Porous_Sponge,19.717958450317383,0.3816644026709794,19.5599365234375,0.05078125,0.02921613000034995
unet,fixed_dose,2,partial_raster,0.05,58,Powder,18.905174255371094,0.17297917921787018,18.826780319213867,0.05078125,0.019352761999471113
unet,fixed_dose,2,partial_raster,0.05,59,Tips,34.2761344909668,0.845682614230921,34.2453727722168,0.05078125,0.027268539000033343
unet,fixed_dose,2,partial_raster,0.05,60,Biological,27.03315544128418,0.48730627048469927,26.946178436279297,0.05078125,0.027318673000081617
unet,fixed_dose,2,partial_raster,0.05,61,Fibres,32.26078414916992,0.8008491725138704,32.2113037109375,0.05078125,0.02897613899949647
unet,fixed_dose,2,partial_raster,0.05,62,Films_Coated_Surface,15.63592529296875,0.26777474264897955,15.455558776855469,0.05078125,0.029016221999881964
unet,fixed_dose,2,partial_raster,0.05,63,MEMS_devices_and_electrodes,19.79469108581543,0.4918672861164667,19.632566452026367,0.05078125,0.01710646799983806
unet,fixed_dose,2,partial_raster,0.05,64,Nanowires,39.2758903503418,0.9322786232305159,39.27225112915039,0.05078125,0.028882696000437136
unet,fixed_dose,2,partial_raster,0.05,65,Particles,34.10887145996094,0.8942321247642828,34.04833221435547,0.05078125,0.02740114700009144
unet,fixed_dose,2,partial_raster,0.05,66,Patterned_surface,17.485429763793945,0.5767530295339376,17.333526611328125,0.05078125,0.029610476999550883
unet,fixed_dose,2,partial_raster,0.05,67,Porous_Sponge,15.323630332946777,0.33195593211687247,15.127949714660645,0.05078125,0.028747805000421067
unet,fixed_dose,2,partial_raster,0.05,68,Powder,19.225439071655273,0.42886293672272957,19.06212043762207,0.05078125,0.021637157999975898
unet,fixed_dose,2,partial_raster,0.05,69,Tips,35.09136962890625,0.8769806694830772,35.050445556640625,0.05078125,0.024257734999991953
unet,fixed_dose,2,partial_raster,0.05,70,Biological,23.55266571044922,0.30969228156847817,23.512001037597656,0.05078125,0.027167827999619476
unet,fixed_dose,2,partial_raster,0.05,71,Fibres,29.53399658203125,0.7090033060613674,29.520877838134766,0.05078125,0.029924847999609483
unet,fixed_dose,2,partial_raster,0.05,72,Films_Coated_Surface,16.178356170654297,0.5435907262839925,15.971659660339355,0.05078125,0.02877712800000154
unet,fixed_dose,2,partial_raster,0.05,73,MEMS_devices_and_electrodes,22.921417236328125,0.6375176136244248,22.777721405029297,0.05078125,0.017181250000248838
unet,fixed_dose,2,partial_raster,0.05,74,Nanowires,35.49343490600586,0.8417956449579903,35.45907211303711,0.05078125,0.028652261000388535
unet,fixed_dose,2,partial_raster,0.05,75,Particles,33.220848083496094,0.8845306915478934,33.176570892333984,0.05078125,0.029289066000274033
unet,fixed_dose,2,partial_raster,0.05,76,Patterned_surface,18.09831428527832,0.6342871463784867,17.906837463378906,0.05078125,0.02925589000005857
unet,fixed_dose,2,partial_raster,0.05,77,Porous_Sponge,17.84263801574707,0.37178877416055695,17.65452766418457,0.05078125,0.030274218000158726
unet,fixed_dose,2,partial_raster,0.05,78,Powder,19.880300521850586,0.4311449338483123,19.710514068603516,0.05078125,0.01923437300047226
unet,fixed_dose,2,partial_raster,0.05,79,Tips,27.29312515258789,0.4519554722932617,27.259218215942383,0.05078125,0.02809203200013144
unet,fixed_dose,2,partial_raster,0.05,80,Biological,29.314510345458984,0.49641307505964344,29.28705596923828,0.05078125,0.027143622000039613
unet,fixed_dose,2,partial_raster,0.05,81,Fibres,31.231233596801758,0.6723159527666093,31.215560913085938,0.05078125,0.02851107999958913
unet,fixed_dose,2,partial_raster,0.05,82,Films_Coated_Surface,18.320417404174805,0.5286634019934074,18.13258171081543,0.05078125,0.029023042000517307
unet,fixed_dose,2,partial_raster,0.05,83,MEMS_devices_and_electrodes,18.014760971069336,0.34511892460038135,17.82962989807129,0.05078125,0.01725803099998302
unet,fixed_dose,2,partial_raster,0.05,84,Nanowires,34.04558563232422,0.9616425809603529,33.902122497558594,0.05078125,0.029018295999776456
unet,fixed_dose,2,partial_raster,0.05,85,Particles,19.8409481048584,0.412442728852825,19.664623260498047,0.05078125,0.02859348299989506
unet,fixed_dose,2,partial_raster,0.05,86,Patterned_surface,22.363405227661133,0.8074754362311127,22.15323257446289,0.05078125,0.027270891999251035
unet,fixed_dose,2,partial_raster,0.05,87,Porous_Sponge,19.58504295349121,0.41759932549439444,19.417173385620117,0.05078125,0.02507221100040624
unet,fixed_dose,2,partial_raster,0.05,88,Powder,22.67730712890625,0.6424647725748371,22.51561164855957,0.05078125,0.020934315999511455
unet,fixed_dose,2,partial_raster,0.05,89,Tips,27.52359390258789,0.42262662482174596,27.493066787719727,0.05078125,0.028676394000285654
unet,fixed_dose,2,partial_raster,0.05,90,Biological,28.26118278503418,0.47083352640868453,28.208152770996094,0.05078125,0.02850830099941959
unet,fixed_dose,2,partial_raster,0.05,91,Fibres,31.245342254638672,0.8099334153757719,31.213407516479492,0.05078125,0.029073859000163793
unet,fixed_dose,2,partial_raster,0.05,92,Films_Coated_Surface,20.96160125732422,0.3490998330504964,20.83502769470215,0.05078125,0.026302958999622206
unet,fixed_dose,2,partial_raster,0.05,93,MEMS_devices_and_electrodes,24.524906158447266,0.7544213885668728,24.35556411743164,0.05078125,0.021217609999439446
unet,fixed_dose,2,partial_raster,0.05,94,Nanowires,11.09433650970459,0.26073740064948825,10.885135650634766,0.05078125,0.029397502999927383
unet,fixed_dose,2,partial_raster,0.05,95,Particles,25.911865234375,0.5685703960134418,25.747346878051758,0.05078125,0.02731811400008155
unet,fixed_dose,2,partial_raster,0.05,96,Patterned_surface,22.187711715698242,0.4145678995495667,22.030006408691406,0.05078125,0.028251620999981242
unet,fixed_dose,2,partial_raster,0.05,97,Porous_Sponge,22.362255096435547,0.4643483606313662,22.212984085083008,0.05078125,0.019144322000101965
unet,fixed_dose,2,partial_raster,0.05,98,Powder,28.662189483642578,0.837272629083702,28.545026779174805,0.05078125,0.028054731999873184
unet,fixed_dose,2,partial_raster,0.05,99,Tips,30.163373947143555,0.687730943104505,30.086456298828125,0.05078125,0.027743817999180465
unet,fixed_dose,2,partial_raster,0.1,0,Biological,23.755733489990234,0.35141111627395705,23.66427993774414,0.099609375,0.028774127999895427
unet,fixed_dose,2,partial_raster,0.1,1,Fibres,22.317474365234375,0.5241538354719738,22.175365447998047,0.099609375,0.027728935999220994
unet,fixed_dose,2,partial_raster,0.1,2,Films_Coated_Surface,23.942134857177734,0.39759783830553136,23.836166381835938,0.099609375,0.02121686000009504
unet,fixed_dose,2,partial_raster,0.1,3,MEMS_devices_and_electrodes,24.593603134155273,0.3081549588593456,24.453418731689453,0.099609375,0.02389094499994826
unet,fixed_dose,2,partial_raster,0.1,4,Nanowires,16.55078125,0.41327584979914544,16.1719970703125,0.099609375,0.026726192999376508
unet,fixed_dose,2,partial_raster,0.1,5,Particles,17.315170288085938,0.27868809606345574,17.005474090576172,0.099609375,0.028653473000304075
unet,fixed_dose,2,partial_raster,0.1,6,Patterned_surface,22.893678665161133,0.45320834280237826,22.63207244873047,0.099609375,0.02905127200028801
unet,fixed_dose,2,partial_raster,0.1,7,Porous_Sponge,22.355514526367188,0.4203259392273183,22.132089614868164,0.099609375,0.021505030999833252
unet,fixed_dose,2,partial_raster,0.1,8,Powder,17.882352828979492,0.2922653893905883,17.6424503326416,0.099609375,0.023205720000078145
unet,fixed_dose,2,partial_raster,0.1,9,Tips,32.32269287109375,0.9099766490046417,32.22101974487305,0.099609375,0.029734931999882974
unet,fixed_dose,2,partial_raster,0.1,10,Biological,27.019588470458984,0.4143040152043229,26.9617919921875,0.099609375,0.030008243000338553
unet,fixed_dose,2,partial_raster,0.1,11,Fibres,26.414663314819336,0.6851540253168327,26.22514533996582,0.099609375,0.028624911000406428
unet,fixed_dose,2,partial_raster,0.1,12,Films_Coated_Surface,25.740604400634766,0.41886733829468303,25.610671997070312,0.099609375,0.02534539499993116
unet,fixed_dose,2,partial_raster,0.1,13,MEMS_devices_and_electrodes,25.05657386779785,0.3480963534155398,24.888019561767578,0.099609375,0.019883868999386323
unet,fixed_dose,2,partial_raster,0.1,14,Nanowires,13.437868118286133,0.30340651305252525,13.087120056152344,0.099609375,0.02750924300016777
unet,fixed_dose,2,partial_raster,0.1,15,Particles,37.35725784301758,0.9238321313601312,37.3545036315918,0.099609375,0.02848868399996718
unet,fixed_dose,2,partial_raster,0.1,16,Patterned_surface,20.636415481567383,0.5442252539476222,20.414335250854492,0.099609375,0.02870561399959115
unet,fixed_dose,2,partial_raster,0.1,17,Porous_Sponge,14.347415924072266,0.34479783308772116,13.97675609588623,0.099609375,0.024951290999524645
unet,fixed_dose,2,partial_raster,0.1,18,Powder,19.401639938354492,0.41629199315118964,19.162864685058594,0.099609375,0.01946163000047818
unet,fixed_dose,2,partial_raster,0.1,19,Tips,25.405168533325195,0.7810777912731122,25.261730194091797,0.099609375,0.029772343000331603
unet,fixed_dose,2,partial_raster,0.1,20,Biological,24.134328842163086,0.5796795011510938,23.968395233154297,0.099609375,0.027701164000063727
unet,fixed_dose,2,partial_raster,0.1,21,Fibres,21.29245948791504,0.5273589206009507,21.038358688354492,0.099609375,0.02945337599976483
unet,fixed_dose,2,partial_raster,0.1,22,Films_Coated_Surface,13.002813339233398,0.3026461564188105,12.645119667053223,0.099609375,0.02803783800027304
unet,fixed_dose,2,partial_raster,0.1,23,MEMS_devices_and_electrodes,25.625751495361328,0.39783613965912246,25.5032901763916,0.099609375,0.018901565999840386
unet,fixed_dose,2,partial_raster,0.1,24,Nanowires,13.283140182495117,0.17194582687077078,12.980506896972656,0.099609375,0.02429956099967967
unet,fixed_dose,2,partial_raster,0.1,25,Particles,31.995162963867188,0.6458572952033172,31.93277359008789,0.099609375,0.02873406100025022
unet,fixed_dose,2,partial_raster,0.1,26,Patterned_surface,18.501222610473633,0.2975924749308672,18.23143196105957,0.099609375,0.028948170999683498
unet,fixed_dose,2,partial_raster,0.1,27,Porous_Sponge,23.545467376708984,0.3434554269408626,23.433935165405273,0.099609375,0.028883351999866136
unet,fixed_dose,2,partial_raster,0.1,28,Powder,21.71759605407715,0.508504589120226,21.489070892333984,0.099609375,0.02131289299995842
unet,fixed_dose,2,partial_raster,0.1,29,Tips,37.71963882446289,0.9744932564160184,37.57399368286133,0.099609375,0.024145616999703634
unet,fixed_dose,2,partial_raster,0.1,30,Biological,26.486034393310547,0.3636899301717496,26.44059944152832,0.099609375,0.027549626999643806
unet,fixed_dose,2,partial_raster,0.1,31,Fibres,33.648563385009766,0.7526845133704149,33.63896179199219,0.099609375,0.02989735500068491
unet,fixed_dose,2,partial_raster,0.1,32,Films_Coated_Surface,23.13827133178711,0.3481938748981688,23.002811431884766,0.099609375,0.029576120000456285
unet,fixed_dose,2,partial_raster,0.1,33,MEMS_devices_and_electrodes,22.964683532714844,0.6140621519410349,22.66793441772461,0.099609375,0.025403354999980365
unet,fixed_dose,2,partial_raster,0.1,34,Nanowires,26.133758544921875,0.6732849008985549,25.919845581054688,0.099609375,0.02046516199970938
unet,fixed_dose,2,partial_raster,0.1,35,Particles,29.36662483215332,0.8214954551464371,29.175411224365234,0.099609375,0.028574116000527283
unet,fixed_dose,2,partial_raster,0.1,36,Patterned_surface,26.88086700439453,0.839655867810409,26.504735946655273,0.099609375,0.027648667999528698
unet,fixed_dose,2,partial_raster,0.1,37,Porous_Sponge,15.716121673583984,0.40023536266208976,15.433921813964844,0.099609375,0.028802515999814204
unet,fixed_dose,2,partial_raster,0.1,38,Powder,20.770061492919922,0.31922876221118285,20.553970336914062,0.099609375,0.03011830900049972
unet,fixed_dose,2,partial_raster,0.1,39,Tips,35.28988265991211,0.8671805176016008,35.271644592285156,0.099609375,0.021281928999997035
unet,fixed_dose,2,partial_raster,0.1,40,Biological,21.690860748291016,0.38706471294300737,21.516172409057617,0.099609375,0.023708296999757295
unet,fixed_dose,2,partial_raster,0.1,41,Fibres,28.825267791748047,0.7649552042369763,28.78491973876953,0.099609375,0.028620080999644415
unet,fixed_dose,2,partial_raster,0.1,42,Films_Coated_Surface,26.1424617767334,0.40880903355148746,26.063234329223633,0.099609375,0.02742684500026371
unet,fixed_dose,2,partial_raster,0.1,43,MEMS_devices_and_electrodes,20.899532318115234,0.26401661381326624,20.74344253540039,0.099609375,0.0293104990005304
unet,fixed_dose,2,partial_raster,0.1,44,Nanowires,22.632728576660156,0.3865803863804486,22.48831558227539,0.099609375,0.025456499999563675
unet,fixed_dose,2,partial_raster,0.1,45,Particles,31.121929168701172,0.9453714218048778,30.80331802368164,0.099609375,0.019138769000164757
unet,fixed_dose,2,partial_raster,0.1,46,Patterned_surface,26.86876106262207,0.5736800204486104,26.66115951538086,0.099609375,0.028588439000486687
unet,fixed_dose,2,partial_raster,0.1,47,Porous_Sponge,22.40980339050293,0.43686872696144474,22.191312789916992,0.099609375,0.029833200000211946
unet,fixed_dose,2,partial_raster,0.1,48,Powder,23.868867874145508,0.45607081829854146,23.72776222229004,0.099609375,0.02964414400048554
unet,fixed_dose,2,partial_raster,0.1,49,Tips,18.419544219970703,0.20403444537026788,18.256736755371094,0.099609375,0.029207988999587542
unet,fixed_dose,2,partial_raster,0.1,50,Biological,24.31422996520996,0.2880939568689565,24.224775314331055,0.099609375,0.023296764000406256
unet,fixed_dose,2,partial_raster,0.1,51,Fibres,30.748828887939453,0.7063475671942346,30.734289169311523,0.099609375,0.021034559000327135
unet,fixed_dose,2,partial_raster,0.1,52,Films_Coated_Surface,15.459338188171387,0.3979347448495766,15.123043060302734,0.099609375,0.028451397999560868
unet,fixed_dose,2,partial_raster,0.1,53,MEMS_devices_and_electrodes,31.250988006591797,0.882791502457815,30.945499420166016,0.099609375,0.027811670000119193
unet,fixed_dose,2,partial_raster,0.1,54,Nanowires,30.295848846435547,0.7430949862419992,30.260141372680664,0.099609375,0.029506475999369286
unet,fixed_dose,2,partial_raster,0.1,55,Particles,26.785690307617188,0.40229502330773914,26.700735092163086,0.099609375,0.029849362999812
unet,fixed_dose,2,partial_raster,0.1,56,Patterned_surface,21.349323272705078,0.5473191640810006,21.08839988708496,0.099609375,0.02317920299992693
unet,fixed_dose,2,partial_raster,0.1,57,Porous_Sponge,20.734708786010742,0.41639523401935175,20.48992156982422,0.099609375,0.01995877199988172
unet,fixed_dose,2,partial_raster,0.1,58,Powder,19.061843872070312,0.21307757393464358,18.914562225341797,0.099609375,0.028714443999888317
unet,fixed_dose,2,partial_raster,0.1,59,Tips,34.76020431518555,0.8461536999269513,34.762882232666016,0.099609375,0.02886241099986364
unet,fixed_dose,2,partial_raster,0.1,60,Biological,27.881649017333984,0.49370832361890377,27.807405471801758,0.099609375,0.02884493100009422
unet,fixed_dose,2,partial_raster,0.1,61,Fibres,32.44755935668945,0.8016052182856586,32.408531188964844,0.099609375,0.027604267000242544
unet,fixed_dose,2,partial_raster,0.1,62,Films_Coated_Surface,16.487335205078125,0.3554040017418036,16.173690795898438,0.099609375,0.02325784700042277
unet,fixed_dose,2,partial_raster,0.1,63,MEMS_devices_and_electrodes,20.98395347595215,0.5357849774514081,20.731460571289062,0.099609375,0.020474193000154628
unet,fixed_dose,2,partial_raster,0.1,64,Nanowires,39.485870361328125,0.9319123105638227,39.46550369262695,0.099609375,0.02792662600040785
unet,fixed_dose,2,partial_raster,0.1,65,Particles,35.215919494628906,0.8947281469819759,35.193180084228516,0.099609375,0.029320467999241373
unet,fixed_dose,2,partial_raster,0.1,66,Patterned_surface,18.324542999267578,0.6609700864705339,18.128276824951172,0.099609375,0.028799255999729212
unet,fixed_dose,2,partial_raster,0.1,67,Porous_Sponge,16.998279571533203,0.44078215850244223,16.66961097717285,0.099609375,0.0288120989998788
unet,fixed_dose,2,partial_raster,0.1,68,Powder,21.521940231323242,0.48690563566309103,21.314590454101562,0.099609375,0.023631949000446184
unet,fixed_dose,2,partial_raster,0.1,69,Tips,35.23124313354492,0.8784711981958835,35.16844177246094,0.099609375,0.02030339799966896
unet,fixed_dose,2,partial_raster,0.1,70,Biological,23.889938354492188,0.3065987047144806,23.780853271484375,0.099609375,0.029295643999830645
unet,fixed_dose,2,partial_raster,0.1,71,Fibres,29.207143783569336,0.6999946225767382,29.179161071777344,0.099609375,0.030234746000132873
unet,fixed_dose,2,partial_raster,0.1,72,Films_Coated_Surface,19.350351333618164,0.6404217406551574,19.005817413330078,0.099609375,0.028738641000018106
unet,fixed_dose,2,partial_raster,0.1,73,MEMS_devices_and_electrodes,23.441484451293945,0.6498027221291307,23.243728637695312,0.099609375,0.02951773399945523
unet,fixed_dose,2,partial_raster,0.1,74,Nanowires,35.81618881225586,0.842095537851897,35.8094367980957,0.099609375,0.021618089000185137
unet,fixed_dose,2,partial_raster,0.1,75,Particles,33.96244812011719,0.8884809896835076,33.94683074951172,0.099609375,0.022658601999864914
unet,fixed_dose,2,partial_raster,0.1,76,Patterned_surface,20.311397552490234,0.6768923792062297,19.98993682861328,0.099609375,0.029657123999641044
unet,fixed_dose,2,partial_raster,0.1,77,Porous_Sponge,20.14889144897461,0.44620621040105046,19.855688095092773,0.099609375,0.028397332000167808
unet,fixed_dose,2,partial_raster,0.1,78,Powder,21.79603385925293,0.5053001118773074,21.573280334472656,0.099609375,0.028688973999123846
unet,fixed_dose,2,partial_raster,0.1,79,Tips,27.40860939025879,0.4523334539179698,27.384212493896484,0.099609375,0.02142240800003492
unet,fixed_dose,2,partial_raster,0.1,80,Biological,29.384517669677734,0.4982865227873026,29.358999252319336,0.099609375,0.022760061000553833
unet,fixed_dose,2,partial_raster,0.1,81,Fibres,31.081464767456055,0.6688039344932994,31.062026977539062,0.099609375,0.02926806800041959
unet,fixed_dose,2,partial_raster,0.1,82,Films_Coated_Surface,20.091350555419922,0.5763279045478616,19.79473876953125,0.099609375,0.02883837500030495
unet,fixed_dose,2,partial_raster,0.1,83,MEMS_devices_and_electrodes,20.79197883605957,0.4379060670632174,20.589046478271484,0.099609375,0.028959571000086726
unet,fixed_dose,2,partial_raster,0.1,84,Nanowires,37.297794342041016,0.9675804674968047,37.220947265625,0.099609375,0.028470397000091907
unet,fixed_dose,2,partial_raster,0.1,85,Particles,21.523578643798828,0.47223208808301864,21.244426727294922,0.099609375,0.021771309000541805
unet,fixed_dose,2,partial_raster,0.1,86,Patterned_surface,27.099637985229492,0.827846000281389,26.753244400024414,0.099609375,0.023571597000227484
unet,fixed_dose,2,partial_raster,0.1,87,Porous_Sponge,20.63775634765625,0.4505172040673058,20.365324020385742,0.099609375,0.02945734600052674
unet,fixed_dose,2,partial_raster,0.1,88,Powder,24.768104553222656,0.6980673770876537,24.60124969482422,0.099609375,0.02950033200067992
unet,fixed_dose,2,partial_raster,0.1,89,Tips,27.611305236816406,0.4216145868899462,27.58526611328125,0.099609375,0.027830183999867586
unet,fixed_dose,2,partial_raster,0.1,90,Biological,28.62891960144043,0.4704718480446515,28.581375122070312,0.099609375,0.029886083999372204
unet,fixed_dose,2,partial_raster,0.1,91,Fibres,31.656986236572266,0.8123269407045793,31.634885787963867,0.099609375,0.025220121000529616
unet,fixed_dose,2,partial_raster,0.1,92,Films_Coated_Surface,22.384754180908203,0.3992784471117647,22.21530532836914,0.099609375,0.019156393999764987
unet,fixed_dose,2,partial_raster,0.1,93,MEMS_devices_and_electrodes,26.875469207763672,0.7806005000646381,26.652984619140625,0.099609375,0.029758090999166598
unet,fixed_dose,2,partial_raster,0.1,94,Nanowires,12.16706657409668,0.4032763811952759,11.776412963867188,0.099609375,0.027480345999720157
unet,fixed_dose,2,partial_raster,0.1,95,Particles,26.220577239990234,0.571368809095308,25.907325744628906,0.099609375,0.029534767999393807
unet,fixed_dose,2,partial_raster,0.1,96,Patterned_surface,23.394989013671875,0.45971174028339096,23.174360275268555,0.099609375,0.029152981999686745
unet,fixed_dose,2,partial_raster,0.1,97,Porous_Sponge,23.563133239746094,0.5347645185883013,23.396055221557617,0.099609375,0.02144870299980539
unet,fixed_dose,2,partial_raster,0.1,98,Powder,29.971160888671875,0.8540452282073557,29.867061614990234,0.099609375,0.023239416000251367
unet,fixed_dose,2,partial_raster,0.1,99,Tips,30.64569091796875,0.6878972983011612,30.553775787353516,0.099609375,0.028732683999805886
unet,fixed_dose,2,partial_raster,0.15,0,Biological,23.966670989990234,0.3459951126331587,23.87392234802246,0.150390625,0.028920620000462804
unet,fixed_dose,2,partial_raster,0.15,1,Fibres,22.7072811126709,0.5543124825503255,22.560632705688477,0.150390625,0.02953647300000739
unet,fixed_dose,2,partial_raster,0.15,2,Films_Coated_Surface,24.380205154418945,0.41396857163879414,24.286405563354492,0.150390625,0.02851590299997042
unet,fixed_dose,2,partial_raster,0.15,3,MEMS_devices_and_electrodes,24.740312576293945,0.3088207742742099,24.59267807006836,0.150390625,0.021715338000831252
unet,fixed_dose,2,partial_raster,0.15,4,Nanowires,17.70216178894043,0.5219243566309731,17.177532196044922,0.150390625,0.022375323999767716
unet,fixed_dose,2,partial_raster,0.15,5,Particles,17.62980079650879,0.31000452350274943,17.211585998535156,0.150390625,0.028589681999619643
unet,fixed_dose,2,partial_raster,0.15,6,Patterned_surface,24.07349395751953,0.48842723430673685,23.821516036987305,0.150390625,0.029511997000554402
unet,fixed_dose,2,partial_raster,0.15,7,Porous_Sponge,23.171091079711914,0.448738486513134,22.955745697021484,0.150390625,0.0301642249996803
unet,fixed_dose,2,partial_raster,0.15,8,Powder,18.364551544189453,0.333693103070933,18.079557418823242,0.150390625,0.02862160600034258
unet,fixed_dose,2,partial_raster,0.15,9,Tips,32.82856750488281,0.9106574056448308,32.72279739379883,0.150390625,0.029421377000289795
unet,fixed_dose,2,partial_raster,0.15,10,Biological,26.94005012512207,0.40118038816557217,26.87923812866211,0.150390625,0.026576612999633653
unet,fixed_dose,2,partial_raster,0.15,11,Fibres,27.213272094726562,0.6950163693668322,27.064218521118164,0.150390625,0.02612549700006639
unet,fixed_dose,2,partial_raster,0.15,12,Films_Coated_Surface,25.949615478515625,0.42587818395594884,25.83503532409668,0.150390625,0.01909743500073091
unet,fixed_dose,2,partial_raster,0.15,13,MEMS_devices_and_electrodes,25.33379364013672,0.35895157085384866,25.173112869262695,0.150390625,0.024944013999629533
unet,fixed_dose,2,partial_raster,0.15,14,Nanowires,13.884716987609863,0.40396197019768415,13.388504981994629,0.150390625,0.030733214999600023
unet,fixed_dose,2,partial_raster,0.15,15,Particles,37.306846618652344,0.9232400700216825,37.333980560302734,0.150390625,0.031099943999834068
unet,fixed_dose,2,partial_raster,0.15,16,Patterned_surface,20.9454345703125,0.5765918950534415,20.64373207092285,0.150390625,0.03202358300040942
unet,fixed_dose,2,partial_raster,0.15,17,Porous_Sponge,15.666454315185547,0.43153748260120667,15.172521591186523,0.150390625,0.031162183000560617
unet,fixed_dose,2,partial_raster,0.15,18,Powder,20.212556838989258,0.46045675670696123,19.97650146484375,0.150390625,0.030061903000387247
unet,fixed_dose,2,partial_raster,0.15,19,Tips,25.697879791259766,0.7895282032202021,25.59740447998047,0.150390625,0.02864336899983755
unet,fixed_dose,2,partial_raster,0.15,20,Biological,24.654531478881836,0.5856216459505095,24.503002166748047,0.150390625,0.025090219999583496
unet,fixed_dose,2,partial_raster,0.15,21,Fibres,22.75289535522461,0.6114547086505129,22.520423889160156,0.150390625,0.01992749199962418
unet,fixed_dose,2,partial_raster,0.15,22,Films_Coated_Surface,13.654647827148438,0.38370422396469095,13.146329879760742,0.150390625,0.020007275999887497
unet,fixed_dose,2,partial_raster,0.15,23,MEMS_devices_and_electrodes,25.76349639892578,0.3808100861984783,25.68497657775879,0.150390625,0.026894691000052262
unet,fixed_dose,2,partial_raster,0.15,24,Nanowires,13.425680160522461,0.21548545430917027,12.981647491455078,0.150390625,0.03031091299999389
unet,fixed_dose,2,partial_raster,0.15,25,Particles,32.23991012573242,0.6460504703358313,32.20415496826172,0.150390625,0.03041544400002749
unet,fixed_dose,2,partial_raster,0.15,26,Patterned_surface,18.852378845214844,0.32884263062077596,18.519765853881836,0.150390625,0.03091213500010781
unet,fixed_dose,2,partial_raster,0.15,27,Porous_Sponge,23.91871452331543,0.3483261111527235,23.819616317749023,0.150390625,0.0313723180006491
unet,fixed_dose,2,partial_raster,0.15,28,Powder,22.572006225585938,0.5571533104134759,22.353055953979492,0.150390625,0.030704599999808124
unet,fixed_dose,2,partial_raster,0.15,29,Tips,39.22737503051758,0.9751751155728986,39.23719787597656,0.150390625,0.029434796999339596
unet,fixed_dose,2,partial_raster,0.15,30,Biological,26.516433715820312,0.36591725373170847,26.475732803344727,0.150390625,0.025123331000031612
unet,fixed_dose,2,partial_raster,0.15,31,Fibres,33.57286071777344,0.7531534607688597,33.576324462890625,0.150390625,0.01882797700000083
unet,fixed_dose,2,partial_raster,0.15,32,Films_Coated_Surface,23.385133743286133,0.3591794342346817,23.239959716796875,0.150390625,0.02709455500007607
unet,fixed_dose,2,partial_raster,0.15,33,MEMS_devices_and_electrodes,23.680683135986328,0.6223627963865357,23.289417266845703,0.150390625,0.027837125000587548
unet,fixed_dose,2,partial_raster,0.15,34,Nanowires,26.918657302856445,0.6973647535791171,26.727771759033203,0.150390625,0.028615981000257307
unet,fixed_dose,2,partial_raster,0.15,35,Particles,30.787485122680664,0.8253400380615349,30.744741439819336,0.150390625,0.027301202000671765
unet,fixed_dose,2,partial_raster,0.15,36,Patterned_surface,28.4664363861084,0.8516094185939408,27.958051681518555,0.150390625,0.021294765000675397
unet,fixed_dose,2,partial_raster,0.15,37,Porous_Sponge,16.256956100463867,0.4557677608739982,15.883240699768066,0.150390625,0.022573595999347162
unet,fixed_dose,2,partial_raster,0.15,38,Powder,21.207534790039062,0.3330649099415013,20.959503173828125,0.150390625,0.028979669000364083
unet,fixed_dose,2,partial_raster,0.15,39,Tips,35.79478454589844,0.8672051606555053,35.789310455322266,0.150390625,0.02608779999991384
unet,fixed_dose,2,partial_raster,0.15,40,Biological,22.086217880249023,0.42077015559741254,21.948101043701172,0.150390625,0.02762097399954655
unet,fixed_dose,2,partial_raster,0.15,41,Fibres,28.910022735595703,0.7657143775101105,28.88648223876953,0.150390625,0.02388552900083596
unet,fixed_dose,2,partial_raster,0.15,42,Films_Coated_Surface,26.381099700927734,0.41435142160590754,26.31416130065918,0.150390625,0.021109381000314897
unet,fixed_dose,2,partial_raster,0.15,43,MEMS_devices_and_electrodes,21.731069564819336,0.27447970020913254,21.517553329467773,0.150390625,0.02896888599934755
unet,fixed_dose,2,partial_raster,0.15,44,Nanowires,23.333431243896484,0.407999152518905,23.208148956298828,0.150390625,0.027302508999127895
unet,fixed_dose,2,partial_raster,0.15,45,Particles,34.9403076171875,0.9517846393221707,34.81991195678711,0.150390625,0.028725983999720484
unet,fixed_dose,2,partial_raster,0.15,46,Patterned_surface,27.075260162353516,0.5841222770355216,26.856306076049805,0.150390625,0.02770055700057128
unet,fixed_dose,2,partial_raster,0.15,47,Porous_Sponge,23.029300689697266,0.45836281008125124,22.797243118286133,0.150390625,0.023593397999320587
unet,fixed_dose,2,partial_raster,0.15,48,Powder,24.207725524902344,0.47814961409241274,24.083642959594727,0.150390625,0.021151787000235345
unet,fixed_dose,2,partial_raster,0.15,49,Tips,18.6734619140625,0.2278704185456183,18.492855072021484,0.150390625,0.03023447999930795
unet,fixed_dose,2,partial_raster,0.15,50,Biological,24.378646850585938,0.2859682724120095,24.29990577697754,0.150390625,0.029247188000226743
unet,fixed_dose,2,partial_raster,0.15,51,Fibres,30.827693939208984,0.7085172181124216,30.815414428710938,0.150390625,0.027116500999909476
unet,fixed_dose,2,partial_raster,0.15,52,Films_Coated_Surface,16.32021713256836,0.49647187207244886,15.882326126098633,0.150390625,0.029769732999739063
unet,fixed_dose,2,partial_raster,0.15,53,MEMS_devices_and_electrodes,32.029022216796875,0.8874047607162168,31.59069061279297,0.150390625,0.021426107000479533
unet,fixed_dose,2,partial_raster,0.15,54,Nanowires,30.219501495361328,0.7435378914747645,30.193729400634766,0.150390625,0.022134773999823665
unet,fixed_dose,2,partial_raster,0.15,55,Particles,27.052175521850586,0.40665877069113354,26.987545013427734,0.150390625,0.028675773999566445
unet,fixed_dose,2,partial_raster,0.15,56,Patterned_surface,22.74679946899414,0.5627698822189107,22.484148025512695,0.150390625,0.029690477999793075
unet,fixed_dose,2,partial_raster,0.15,57,Porous_Sponge,21.224515914916992,0.4297303206803224,20.932138442993164,0.150390625,0.02981726200050616
unet,fixed_dose,2,partial_raster,0.15,58,Powder,19.17544174194336,0.2473019283245687,18.950069427490234,0.150390625,0.028922343999511213
unet,fixed_dose,2,partial_raster,0.15,59,Tips,34.728668212890625,0.8452612271368433,34.734710693359375,0.150390625,0.029138038999917626
unet,fixed_dose,2,partial_raster,0.15,60,Biological,28.01116180419922,0.4940174105730139,27.93668556213379,0.150390625,0.021398327000497375
unet,fixed_dose,2,partial_raster,0.15,61,Fibres,32.550750732421875,0.8035727635382229,32.531898498535156,0.150390625,0.023539363999589114
unet,fixed_dose,2,partial_raster,0.15,62,Films_Coated_Surface,17.205068588256836,0.4103878883062088,16.811277389526367,0.150390625,0.02870596499997191
unet,fixed_dose,2,partial_raster,0.15,63,MEMS_devices_and_electrodes,21.807086944580078,0.5724807524310753,21.529117584228516,0.150390625,0.027336581999406917
unet,fixed_dose,2,partial_raster,0.15,64,Nanowires,39.417388916015625,0.9318247750818438,39.42753601074219,0.150390625,0.029115532000105304
unet,fixed_dose,2,partial_raster,0.15,65,Particles,35.55857849121094,0.895724187241459,35.54302978515625,0.150390625,0.02891929099951085
unet,fixed_dose,2,partial_raster,0.15,66,Patterned_surface,19.105022430419922,0.717474611157794,18.92043685913086,0.150390625,0.01919613800055231
unet,fixed_dose,2,partial_raster,0.15,67,Porous_Sponge,18.055593490600586,0.507197858415559,17.647218704223633,0.150390625,0.025921614000253612
unet,fixed_dose,2,partial_raster,0.15,68,Powder,21.865873336791992,0.5059835472278352,21.645809173583984,0.150390625,0.029332443999919633
unet,fixed_dose,2,partial_raster,0.15,69,Tips,35.71683883666992,0.87887988485009,35.6514892578125,0.150390625,0.0293582599997535
unet,fixed_dose,2,partial_raster,0.15,70,Biological,24.03546142578125,0.31332553160450693,23.919750213623047,0.150390625,0.028380405999996583
unet,fixed_dose,2,partial_raster,0.15,71,Fibres,29.473474502563477,0.703394888878746,29.46446990966797,0.150390625,0.025076930999603064
unet,fixed_dose,2,partial_raster,0.15,72,Films_Coated_Surface,21.533870697021484,0.6801073440044784,21.145822525024414,0.150390625,0.019644301999505842
unet,fixed_dose,2,partial_raster,0.15,73,MEMS_devices_and_electrodes,23.785688400268555,0.6579766384347588,23.567359924316406,0.150390625,0.023368158000266703
unet,fixed_dose,2,partial_raster,0.15,74,Nanowires,35.867530822753906,0.8428473271791743,35.87470245361328,0.150390625,0.02890534700054559
unet,fixed_dose,2,partial_raster,0.15,75,Particles,34.397762298583984,0.8886045774843284,34.389137268066406,0.150390625,0.02903216400045494
unet,fixed_dose,2,partial_raster,0.15,76,Patterned_surface,21.79894256591797,0.694639560564074,21.391284942626953,0.150390625,0.029647449000549386
unet,fixed_dose,2,partial_raster,0.15,77,Porous_Sponge,21.4849853515625,0.4772342548596519,21.15985679626465,0.150390625,0.028295744000388368
unet,fixed_dose,2,partial_raster,0.15,78,Powder,22.77804946899414,0.5491984448535868,22.60305404663086,0.150390625,0.023585816999911913
unet,fixed_dose,2,partial_raster,0.15,79,Tips,27.43512725830078,0.4514671092923575,27.413671493530273,0.150390625,0.020107751000068674
unet,fixed_dose,2,partial_raster,0.15,80,Biological,29.37036895751953,0.4979334975137312,29.339181900024414,0.150390625,0.02815323899994837
unet,fixed_dose,2,partial_raster,0.15,81,Fibres,31.078258514404297,0.6710386344768611,31.056249618530273,0.150390625,0.028914412000631273
unet,fixed_dose,2,partial_raster,0.15,82,Films_Coated_Surface,21.49380874633789,0.6048370276836397,21.15522003173828,0.150390625,0.029035210999609262
unet,fixed_dose,2,partial_raster,0.15,83,MEMS_devices_and_electrodes,21.398197174072266,0.45246153530226463,21.118955612182617,0.150390625,0.027405241000451497
unet,fixed_dose,2,partial_raster,0.15,84,Nanowires,37.73061752319336,0.9676158025075865,37.72583770751953,0.150390625,0.027902525000172318
unet,fixed_dose,2,partial_raster,0.15,85,Particles,22.917560577392578,0.5084440016012003,22.652034759521484,0.150390625,0.01657093999983772
unet,fixed_dose,2,partial_raster,0.15,86,Patterned_surface,26.41577911376953,0.8271101548771312,25.871227264404297,0.150390625,0.028715262999867264
unet,fixed_dose,2,partial_raster,0.15,87,Porous_Sponge,21.323829650878906,0.47488424294742493,21.019039154052734,0.150390625,0.02948341299997992
unet,fixed_dose,2,partial_raster,0.15,88,Powder,25.615795135498047,0.7233555709704441,25.521007537841797,0.150390625,0.029489586000636336
unet,fixed_dose,2,partial_raster,0.15,89,Tips,27.69834327697754,0.42296867543730415,27.671527862548828,0.150390625,0.027637281000352232
unet,fixed_dose,2,partial_raster,0.15,90,Biological,28.693735122680664,0.47359756036480793,28.648258209228516,0.150390625,0.027865175000442832
unet,fixed_dose,2,partial_raster,0.15,91,Fibres,31.9276065826416,0.8135976883315034,31.922813415527344,0.150390625,0.024309581999659713
unet,fixed_dose,2,partial_raster,0.15,92,Films_Coated_Surface,22.929706573486328,0.4176241640487719,22.775146484375,0.150390625,0.01941087900013372
unet,fixed_dose,2,partial_raster,0.15,93,MEMS_devices_and_electrodes,28.128965377807617,0.7910827708033848,27.92247772216797,0.150390625,0.027230701000007684
unet,fixed_dose,2,partial_raster,0.15,94,Nanowires,13.46377944946289,0.5239729522382384,12.93458080291748,0.150390625,0.028478901999733353
unet,fixed_dose,2,partial_raster,0.15,95,Particles,26.913137435913086,0.5771185455812591,26.497562408447266,0.150390625,0.030006967000190343
unet,fixed_dose,2,partial_raster,0.15,96,Patterned_surface,23.890867233276367,0.47750502025267205,23.64434051513672,0.150390625,0.02992846599954646
unet,fixed_dose,2,partial_raster,0.15,97,Porous_Sponge,24.212705612182617,0.5823458579946738,24.0584716796875,0.150390625,0.029815191000125196
unet,fixed_dose,2,partial_raster,0.15,98,Powder,30.909503936767578,0.8634219502337901,30.85765838623047,0.150390625,0.023326885000642505
unet,fixed_dose,2,partial_raster,0.15,99,Tips,30.78131103515625,0.6877327379405366,30.700056076049805,0.150390625,0.021287705999384343
unet,fixed_dose,2,partial_raster,0.2,0,Biological,24.033092498779297,0.34979322353105574,23.936758041381836,0.19921875,0.027750629000365734
unet,fixed_dose,2,partial_raster,0.2,1,Fibres,22.931365966796875,0.554447018019827,22.806102752685547,0.19921875,0.029813199999807694
unet,fixed_dose,2,partial_raster,0.2,2,Films_Coated_Surface,24.323129653930664,0.4147440306241952,24.25259780883789,0.19921875,0.02949829299996054
unet,fixed_dose,2,partial_raster,0.2,3,MEMS_devices_and_electrodes,24.792423248291016,0.31396756102700396,24.632965087890625,0.19921875,0.02964849599993613
unet,fixed_dose,2,partial_raster,0.2,4,Nanowires,18.451610565185547,0.583800451871893,17.834535598754883,0.19921875,0.02827908800009027
unet,fixed_dose,2,partial_raster,0.2,5,Particles,17.843048095703125,0.3324131761322528,17.37362289428711,0.19921875,0.02397506200031785
unet,fixed_dose,2,partial_raster,0.2,6,Patterned_surface,24.446128845214844,0.4972077229524224,24.203882217407227,0.19921875,0.02108107900039613
unet,fixed_dose,2,partial_raster,0.2,7,Porous_Sponge,23.23509979248047,0.4546273919338232,23.005712509155273,0.19921875,0.028380697000102373
unet,fixed_dose,2,partial_raster,0.2,8,Powder,18.653427124023438,0.34287861410822773,18.377273559570312,0.19921875,0.029711516000133997
unet,fixed_dose,2,partial_raster,0.2,9,Tips,32.674171447753906,0.9095028446588411,32.571285247802734,0.19921875,0.027441887999884784
unet,fixed_dose,2,partial_raster,0.2,10,Biological,26.944896697998047,0.4058730891187201,26.893539428710938,0.19921875,0.02941685099995084
unet,fixed_dose,2,partial_raster,0.2,11,Fibres,27.43130111694336,0.6979355945357021,27.305809020996094,0.19921875,0.0251217880004333
unet,fixed_dose,2,partial_raster,0.2,12,Films_Coated_Surface,25.921653747558594,0.42419551602491207,25.806453704833984,0.19921875,0.01843337500031339
unet,fixed_dose,2,partial_raster,0.2,13,MEMS_devices_and_electrodes,25.518604278564453,0.36077631734123017,25.352785110473633,0.19921875,0.027161490000253252
unet,fixed_dose,2,partial_raster,0.2,14,Nanowires,14.238895416259766,0.4616423910923123,13.627593994140625,0.19921875,0.02911082799982978
unet,fixed_dose,2,partial_raster,0.2,15,Particles,37.198081970214844,0.9226549095703271,37.21495056152344,0.19921875,0.029326484999728564
unet,fixed_dose,2,partial_raster,0.2,16,Patterned_surface,21.680070877075195,0.6280583318457161,21.42426300048828,0.19921875,0.02878340100050991
unet,fixed_dose,2,partial_raster,0.2,17,Porous_Sponge,16.367897033691406,0.4639923148052299,15.80657958984375,0.19921875,0.02809949200036499
unet,fixed_dose,2,partial_raster,0.2,18,Powder,20.650447845458984,0.48259951320608047,20.449569702148438,0.19921875,0.023372280000330647
unet,fixed_dose,2,partial_raster,0.2,19,Tips,25.915193557739258,0.796442952386141,25.828096389770508,0.19921875,0.020869635999588354
unet,fixed_dose,2,partial_raster,0.2,20,Biological,24.97978973388672,0.5924669247258258,24.867095947265625,0.19921875,0.027389230999688152
unet,fixed_dose,2,partial_raster,0.2,21,Fibres,23.204261779785156,0.6327423857488632,22.97882080078125,0.19921875,0.028635745999963547
unet,fixed_dose,2,partial_raster,0.2,22,Films_Coated_Surface,14.181655883789062,0.4485663445395789,13.57680892944336,0.19921875,0.027658343000439345
unet,fixed_dose,2,partial_raster,0.2,23,MEMS_devices_and_electrodes,25.734935760498047,0.3814754741928302,25.645389556884766,0.19921875,0.027828166000290366
unet,fixed_dose,2,partial_raster,0.2,24,Nanowires,13.565407752990723,0.26080955075845774,13.032940864562988,0.19921875,0.02367349300038768
unet,fixed_dose,2,partial_raster,0.2,25,Particles,32.194068908691406,0.6452900228617923,32.150962829589844,0.19921875,0.021159162000003562
unet,fixed_dose,2,partial_raster,0.2,26,Patterned_surface,19.000885009765625,0.3405007168980966,18.604373931884766,0.19921875,0.02870742400045856
unet,fixed_dose,2,partial_raster,0.2,27,Porous_Sponge,23.926246643066406,0.3484411759842605,23.812328338623047,0.19921875,0.028934674999618437
unet,fixed_dose,2,partial_raster,0.2,28,Powder,22.863740921020508,0.5740410251084933,22.655147552490234,0.19921875,0.02995429700058594
unet,fixed_dose,2,partial_raster,0.2,29,Tips,38.7625732421875,0.9733513471540649,38.81259536743164,0.19921875,0.029244848000416823
unet,fixed_dose,2,partial_raster,0.2,30,Biological,26.56894874572754,0.3647281172364497,26.53426170349121,0.19921875,0.025829219999650377
unet,fixed_dose,2,partial_raster,0.2,31,Fibres,33.37358856201172,0.751501364161385,33.3655891418457,0.19921875,0.019791697000073327
unet,fixed_dose,2,partial_raster,0.2,32,Films_Coated_Surface,23.341552734375,0.37702701193626414,23.281383514404297,0.19921875,0.024047580999649654
unet,fixed_dose,2,partial_raster,0.2,33,MEMS_devices_and_electrodes,24.082210540771484,0.626180865774022,23.58928871154785,0.19921875,0.029310932000043977
unet,fixed_dose,2,partial_raster,0.2,34,Nanowires,27.1541748046875,0.7096156165959268,26.993270874023438,0.19921875,0.027296538999507902
unet,fixed_dose,2,partial_raster,0.2,35,Particles,30.89341926574707,0.8250629555247612,30.843151092529297,0.19921875,0.02911115200004133
unet,fixed_dose,2,partial_raster,0.2,36,Patterned_surface,29.835281372070312,0.8673206015612502,29.261791229248047,0.19921875,0.027498739000293426
unet,fixed_dose,2,partial_raster,0.2,37,Porous_Sponge,16.633846282958984,0.4730916968970681,16.233102798461914,0.19921875,0.01963083899954654
unet,fixed_dose,2,partial_raster,0.2,38,Powder,21.388065338134766,0.3402067608929259,21.152803421020508,0.19921875,0.0249126119997527
unet,fixed_dose,2,partial_raster,0.2,39,Tips,35.51658248901367,0.8658028594197607,35.51368713378906,0.19921875,0.029209798999545455
unet,fixed_dose,2,partial_raster,0.2,40,Biological,22.170703887939453,0.42081672382587443,22.04209327697754,0.19921875,0.02874636099932104
unet,fixed_dose,2,partial_raster,0.2,41,Fibres,29.204498291015625,0.7673106334163659,29.181697845458984,0.19921875,0.02951202500025829
unet,fixed_dose,2,partial_raster,0.2,42,Films_Coated_Surface,26.205720901489258,0.4106300643917066,26.142452239990234,0.19921875,0.027440191000096092
unet,fixed_dose,2,partial_raster,0.2,43,MEMS_devices_and_electrodes,21.9479923248291,0.28629686912641766,21.75906753540039,0.19921875,0.02350064299935184
unet,fixed_dose,2,partial_raster,0.2,44,Nanowires,23.361736297607422,0.40333905877576764,23.253074645996094,0.19921875,0.02062438699977065
unet,fixed_dose,2,partial_raster,0.2,45,Particles,35.04598617553711,0.9499196374327442,34.89762878417969,0.19921875,0.027810915999907593
unet,fixed_dose,2,partial_raster,0.2,46,Patterned_surface,27.30299949645996,0.5861542113529536,27.06233024597168,0.19921875,0.02709664000030898
unet,fixed_dose,2,partial_raster,0.2,47,Porous_Sponge,23.446455001831055,0.47633670228488095,23.227872848510742,0.19921875,0.029711112999393663
unet,fixed_dose,2,partial_raster,0.2,48,Powder,24.345684051513672,0.4808504581660092,24.234397888183594,0.19921875,0.029922270999122702
unet,fixed_dose,2,partial_raster,0.2,49,Tips,18.813974380493164,0.23260868089748973,18.63551139831543,0.19921875,0.027569332999519247
unet,fixed_dose,2,partial_raster,0.2,50,Biological,24.394851684570312,0.29074903276819336,24.30246353149414,0.19921875,0.021742976000496128
unet,fixed_dose,2,partial_raster,0.2,51,Fibres,30.562360763549805,0.7026796732107176,30.54633903503418,0.19921875,0.022798799000156578
unet,fixed_dose,2,partial_raster,0.2,52,Films_Coated_Surface,17.029617309570312,0.5549939829028985,16.5705509185791,0.19921875,0.02892877399972349
unet,fixed_dose,2,partial_raster,0.2,53,MEMS_devices_and_electrodes,33.51198959350586,0.8980059255594451,33.02545166015625,0.19921875,0.029808871000568615
unet,fixed_dose,2,partial_raster,0.2,54,Nanowires,30.26132583618164,0.741659756153808,30.231172561645508,0.19921875,0.027544782999939343
unet,fixed_dose,2,partial_raster,0.2,55,Particles,27.180309295654297,0.40874830566417525,27.128774642944336,0.19921875,0.028466353999647254
unet,fixed_dose,2,partial_raster,0.2,56,Patterned_surface,23.429697036743164,0.5676671309946903,23.24286460876465,0.19921875,0.023310738999498426
unet,fixed_dose,2,partial_raster,0.2,57,Porous_Sponge,21.54686164855957,0.43820339939865915,21.24991226196289,0.19921875,0.021181943000556203
unet,fixed_dose,2,partial_raster,0.2,58,Powder,19.066444396972656,0.27078414170161436,18.855539321899414,0.19921875,0.028548978000799252
unet,fixed_dose,2,partial_raster,0.2,59,Tips,34.632503509521484,0.8439801942249396,34.625972747802734,0.19921875,0.02907368799969845
unet,fixed_dose,2,partial_raster,0.2,60,Biological,27.974672317504883,0.49494696273819366,27.914714813232422,0.19921875,0.028225028000633756
unet,fixed_dose,2,partial_raster,0.2,61,Fibres,32.65204620361328,0.8005405579026271,32.62715530395508,0.19921875,0.03021868399991945
unet,fixed_dose,2,partial_raster,0.2,62,Films_Coated_Surface,17.87725257873535,0.4466797491478789,17.451570510864258,0.19921875,0.028633685999921
unet,fixed_dose,2,partial_raster,0.2,63,MEMS_devices_and_electrodes,22.001712799072266,0.5733169441791334,21.736957550048828,0.19921875,0.022073176999583666
unet,fixed_dose,2,partial_raster,0.2,64,Nanowires,39.46570587158203,0.9315539887872339,39.4752197265625,0.19921875,0.021520970999517886
unet,fixed_dose,2,partial_raster,0.2,65,Particles,35.66981887817383,0.8952030957529248,35.718536376953125,0.19921875,0.027120420999381167
unet,fixed_dose,2,partial_raster,0.2,66,Patterned_surface,19.737089157104492,0.7465166074601717,19.772727966308594,0.19921875,0.028879786000288732
unet,fixed_dose,2,partial_raster,0.2,67,Porous_Sponge,18.58104705810547,0.5368075688225652,18.14417266845703,0.19921875,0.02990616900024179
unet,fixed_dose,2,partial_raster,0.2,68,Powder,22.171157836914062,0.5113529207623776,21.958654403686523,0.19921875,0.028814766999857966
unet,fixed_dose,2,partial_raster,0.2,69,Tips,35.222564697265625,0.8767373684891094,35.1407356262207,0.19921875,0.02558877899991785
unet,fixed_dose,2,partial_raster,0.2,70,Biological,24.065608978271484,0.32849055971606544,23.955245971679688,0.19921875,0.019862438999552978
unet,fixed_dose,2,partial_raster,0.2,71,Fibres,29.465335845947266,0.7033669796801119,29.44759178161621,0.19921875,0.025464256000304886
unet,fixed_dose,2,partial_raster,0.2,72,Films_Coated_Surface,22.153074264526367,0.6842364363182568,21.723405838012695,0.19921875,0.028415828000106558
unet,fixed_dose,2,partial_raster,0.2,73,MEMS_devices_and_electrodes,23.89046859741211,0.6635101369721427,23.68609619140625,0.19921875,0.02906132499992964
unet,fixed_dose,2,partial_raster,0.2,74,Nanowires,35.829132080078125,0.8428547422764561,35.838619232177734,0.19921875,0.02904328499971598
unet,fixed_dose,2,partial_raster,0.2,75,Particles,34.07429122924805,0.8888445180852154,34.090301513671875,0.19921875,0.029245765000268875
unet,fixed_dose,2,partial_raster,0.2,76,Patterned_surface,23.18431854248047,0.7026916908234294,22.838207244873047,0.19921875,0.02419435199954023
unet,fixed_dose,2,partial_raster,0.2,77,Porous_Sponge,21.97583770751953,0.48950325961763486,21.65102767944336,0.19921875,0.020006570000077772
unet,fixed_dose,2,partial_raster,0.2,78,Powder,22.94485092163086,0.5517204867514441,22.783477783203125,0.19921875,0.028055347000190523
unet,fixed_dose,2,partial_raster,0.2,79,Tips,27.458789825439453,0.45215583264109727,27.441905975341797,0.19921875,0.029300817000148527
unet,fixed_dose,2,partial_raster,0.2,80,Biological,29.402568817138672,0.49789823848147696,29.381826400756836,0.19921875,0.027650930999698176
unet,fixed_dose,2,partial_raster,0.2,81,Fibres,31.27126693725586,0.6711428370075054,31.25551986694336,0.19921875,0.029509990000406106
unet,fixed_dose,2,partial_raster,0.2,82,Films_Coated_Surface,22.211606979370117,0.6217777787837943,21.875919342041016,0.19921875,0.028360264000184543
unet,fixed_dose,2,partial_raster,0.2,83,MEMS_devices_and_electrodes,22.05747413635254,0.46932551257972577,21.8190860748291,0.19921875,0.023299860999941302
unet,fixed_dose,2,partial_raster,0.2,84,Nanowires,37.05050277709961,0.9665558911839561,36.98615646362305,0.19921875,0.020896068000183732
unet,fixed_dose,2,partial_raster,0.2,85,Particles,23.637258529663086,0.5251543834316619,23.432748794555664,0.19921875,0.028664005999416986
unet,fixed_dose,2,partial_raster,0.2,86,Patterned_surface,29.24882698059082,0.8369327116093047,28.785892486572266,0.19921875,0.027517061000253307
unet,fixed_dose,2,partial_raster,0.2,87,Porous_Sponge,21.661645889282227,0.48083551170582217,21.33062171936035,0.19921875,0.029014471999289526
unet,fixed_dose,2,partial_raster,0.2,88,Powder,25.68254852294922,0.7238178431047643,25.62530517578125,0.19921875,0.029037972999503836
unet,fixed_dose,2,partial_raster,0.2,89,Tips,27.713531494140625,0.42214515575761286,27.690542221069336,0.19921875,0.029670988999896508
unet,fixed_dose,2,partial_raster,0.2,90,Biological,28.66289520263672,0.4734599654479769,28.638742446899414,0.19921875,0.02362174599966238
unet,fixed_dose,2,partial_raster,0.2,91,Fibres,31.74694061279297,0.8101650989522278,31.767484664916992,0.19921875,0.021198946999902546
unet,fixed_dose,2,partial_raster,0.2,92,Films_Coated_Surface,23.11977767944336,0.42882138523211255,22.977258682250977,0.19921875,0.029681340000024647
unet,fixed_dose,2,partial_raster,0.2,93,MEMS_devices_and_electrodes,28.857994079589844,0.8003349475985649,28.744400024414062,0.19921875,0.029877242000111437
unet,fixed_dose,2,partial_raster,0.2,94,Nanowires,14.213820457458496,0.5854699618726721,13.581637382507324,0.19921875,0.028676140000243322
unet,fixed_dose,2,partial_raster,0.2,95,Particles,27.309898376464844,0.5794158120305791,26.810726165771484,0.19921875,0.023154186000283516
unet,fixed_dose,2,partial_raster,0.2,96,Patterned_surface,24.244688034057617,0.49358548896253035,24.017181396484375,0.19921875,0.02137455600040994
unet,fixed_dose,2,partial_raster,0.2,97,Porous_Sponge,24.33873748779297,0.5853779252971058,24.274871826171875,0.19921875,0.02814764100003231
unet,fixed_dose,2,partial_raster,0.2,98,Powder,30.617965698242188,0.8591529949637055,30.570573806762695,0.19921875,0.028358180000395805
unet,fixed_dose,2,partial_raster,0.2,99,Tips,30.908794403076172,0.6878990331674846,30.842731475830078,0.19921875,0.029506585000490304
unet,fixed_dose,2,partial_raster,0.3,0,Biological,24.087106704711914,0.35631800816082704,24.011474609375,0.30078125,0.028643916999499197
unet,fixed_dose,2,partial_raster,0.3,1,Fibres,23.030563354492188,0.5602674356416572,22.920421600341797,0.30078125,0.027661023000291607
unet,fixed_dose,2,partial_raster,0.3,2,Films_Coated_Surface,24.397705078125,0.4134347695252866,24.33041000366211,0.30078125,0.023413234999679844
unet,fixed_dose,2,partial_raster,0.3,3,MEMS_devices_and_electrodes,24.794029235839844,0.30958160201693696,24.658409118652344,0.30078125,0.020857038999565702
unet,fixed_dose,2,partial_raster,0.3,4,Nanowires,19.491374969482422,0.6572319337134248,18.776016235351562,0.30078125,0.027334864000295056
unet,fixed_dose,2,partial_raster,0.3,5,Particles,18.167207717895508,0.35508345360693033,17.674386978149414,0.30078125,0.028611407999960647
unet,fixed_dose,2,partial_raster,0.3,6,Patterned_surface,24.868200302124023,0.5100847522387872,24.743560791015625,0.30078125,0.028973741000299924
unet,fixed_dose,2,partial_raster,0.3,7,Porous_Sponge,23.550838470458984,0.46925851253124173,23.388896942138672,0.30078125,0.028046145000189426
unet,fixed_dose,2,partial_raster,0.3,8,Powder,18.786394119262695,0.3523611117438979,18.504852294921875,0.30078125,0.02828985699943587
unet,fixed_dose,2,partial_raster,0.3,9,Tips,32.68581771850586,0.9087792105037648,32.62557601928711,0.30078125,0.026248365999890666
unet,fixed_dose,2,partial_raster,0.3,10,Biological,26.98268699645996,0.4027600061090974,26.947765350341797,0.30078125,0.018105481000020518
unet,fixed_dose,2,partial_raster,0.3,11,Fibres,27.55209732055664,0.6980661403917208,27.460031509399414,0.30078125,0.0259883250000712
unet,fixed_dose,2,partial_raster,0.3,12,Films_Coated_Surface,25.961502075195312,0.4378263694358887,25.884838104248047,0.30078125,0.03032139799961442
unet,fixed_dose,2,partial_raster,0.3,13,MEMS_devices_and_electrodes,25.413471221923828,0.3762416473978709,25.34024429321289,0.30078125,0.030103781999969215
unet,fixed_dose,2,partial_raster,0.3,14,Nanowires,14.935626983642578,0.5428302672478729,14.142731666564941,0.30078125,0.02909767299934174
unet,fixed_dose,2,partial_raster,0.3,15,Particles,37.52867889404297,0.9214470738369885,37.57061767578125,0.30078125,0.025952437999876565
unet,fixed_dose,2,partial_raster,0.3,16,Patterned_surface,21.72064971923828,0.6337851990282788,21.43802833557129,0.30078125,0.01982423299978109
unet,fixed_dose,2,partial_raster,0.3,17,Porous_Sponge,17.441150665283203,0.5213911003264733,16.841981887817383,0.30078125,0.023065405000124883
unet,fixed_dose,2,partial_raster,0.3,18,Powder,20.851926803588867,0.49202936806638964,20.701366424560547,0.30078125,0.02856684000016685
unet,fixed_dose,2,partial_raster,0.3,19,Tips,26.029787063598633,0.7931548935538116,25.916749954223633,0.30078125,0.028697707999526756
unet,fixed_dose,2,partial_raster,0.3,20,Biological,25.21019172668457,0.5958397571124986,25.121938705444336,0.30078125,0.02881889600030263
unet,fixed_dose,2,partial_raster,0.3,21,Fibres,23.612525939941406,0.6653888928315309,23.455732345581055,0.30078125,0.02319079300013982
unet,fixed_dose,2,partial_raster,0.3,22,Films_Coated_Surface,15.209931373596191,0.5240024582816821,14.535543441772461,0.30078125,0.018897234999712964
unet,fixed_dose,2,partial_raster,0.3,23,MEMS_devices_and_electrodes,25.851882934570312,0.39136624626494515,25.731281280517578,0.30078125,0.025786325999433757
unet,fixed_dose,2,partial_raster,0.3,24,Nanowires,13.961584091186523,0.3065034068850307,13.200196266174316,0.30078125,0.029158729999835487
unet,fixed_dose,2,partial_raster,0.3,25,Particles,32.26378631591797,0.6456804618587552,32.2318000793457,0.30078125,0.02905081400058407
unet,fixed_dose,2,partial_raster,0.3,26,Patterned_surface,19.38068199157715,0.36750423336512317,18.962305068969727,0.30078125,0.0300327519998973
unet,fixed_dose,2,partial_raster,0.3,27,Porous_Sponge,24.124370574951172,0.34752757914706833,24.060361862182617,0.30078125,0.02725698799986276
unet,fixed_dose,2,partial_raster,0.3,28,Powder,23.227432250976562,0.5865682038225802,23.07625961303711,0.30078125,0.0274538659996324
unet,fixed_dose,2,partial_raster,0.3,29,Tips,39.32770538330078,0.9728229409915831,39.40229415893555,0.30078125,0.021611817000120936
unet,fixed_dose,2,partial_raster,0.3,30,Biological,26.536029815673828,0.364329689772739,26.5107421875,0.30078125,0.02016995899975882
unet,fixed_dose,2,partial_raster,0.3,31,Fibres,33.5770149230957,0.7506808408916139,33.578731536865234,0.30078125,0.029117541999767127
unet,fixed_dose,2,partial_raster,0.3,32,Films_Coated_Surface,23.627241134643555,0.38502228320354165,23.498085021972656,0.30078125,0.02714325600027223
unet,fixed_dose,2,partial_raster,0.3,33,MEMS_devices_and_electrodes,24.973739624023438,0.6327244471768216,24.497392654418945,0.30078125,0.029151015000024927
unet,fixed_dose,2,partial_raster,0.3,34,Nanowires,27.313947677612305,0.7158678293870077,27.179309844970703,0.30078125,0.02937510799984011
unet,fixed_dose,2,partial_raster,0.3,35,Particles,30.68937110900879,0.8214032697663632,30.6082763671875,0.30078125,0.02818451099938102
unet,fixed_dose,2,partial_raster,0.3,36,Patterned_surface,30.35426902770996,0.8757513281495352,29.609638214111328,0.30078125,0.02619043800041254
unet,fixed_dose,2,partial_raster,0.3,37,Porous_Sponge,16.913183212280273,0.47142844858942945,16.516761779785156,0.30078125,0.01747209200038924
unet,fixed_dose,2,partial_raster,0.3,38,Powder,21.604711532592773,0.3470329417720112,21.370372772216797,0.30078125,0.026337178999710886
unet,fixed_dose,2,partial_raster,0.3,39,Tips,35.67600631713867,0.8657204373950705,35.68230056762695,0.30078125,0.029190118999395054
unet,fixed_dose,2,partial_raster,0.3,40,Biological,22.46809959411621,0.431707084446096,22.38158416748047,0.30078125,0.02801285799978359
unet,fixed_dose,2,partial_raster,0.3,41,Fibres,28.91086769104004,0.7644680219892523,28.889131546020508,0.30078125,0.029569061999609403
unet,fixed_dose,2,partial_raster,0.3,42,Films_Coated_Surface,26.33112144470215,0.41598640997996894,26.273603439331055,0.30078125,0.029593961000500713
unet,fixed_dose,2,partial_raster,0.3,43,MEMS_devices_and_electrodes,21.986591339111328,0.3023771582787319,21.965627670288086,0.30078125,0.028153908000604133
unet,fixed_dose,2,partial_raster,0.3,44,Nanowires,23.47039794921875,0.4068289921759502,23.36878204345703,0.30078125,0.021596314999442257
unet,fixed_dose,2,partial_raster,0.3,45,Particles,35.272491455078125,0.9490547482124537,35.13622283935547,0.30078125,0.021035702999142813
unet,fixed_dose,2,partial_raster,0.3,46,Patterned_surface,27.494861602783203,0.5797746329260723,27.189294815063477,0.30078125,0.026565979000224615
unet,fixed_dose,2,partial_raster,0.3,47,Porous_Sponge,23.656599044799805,0.4849749709047551,23.5071964263916,0.30078125,0.027634348999526992
unet,fixed_dose,2,partial_raster,0.3,48,Powder,24.541431427001953,0.48082088920876415,24.45465087890625,0.30078125,0.028551041999890003
unet,fixed_dose,2,partial_raster,0.3,49,Tips,18.86257553100586,0.2521785464182176,18.66082000732422,0.30078125,0.028392462999363488
unet,fixed_dose,2,partial_raster,0.3,50,Biological,24.494861602783203,0.2961815714841465,24.43525505065918,0.30078125,0.028950965000149154
unet,fixed_dose,2,partial_raster,0.3,51,Fibres,30.802722930908203,0.7042092575830475,30.78644561767578,0.30078125,0.02141726900026697
unet,fixed_dose,2,partial_raster,0.3,52,Films_Coated_Surface,17.85740089416504,0.610641668897529,17.43669319152832,0.30078125,0.019466399999146233
unet,fixed_dose,2,partial_raster,0.3,53,MEMS_devices_and_electrodes,33.86996841430664,0.8954966584109796,33.2793083190918,0.30078125,0.028256084999156883
unet,fixed_dose,2,partial_raster,0.3,54,Nanowires,30.23628044128418,0.7392857583990939,30.199594497680664,0.30078125,0.027755166000133613
unet,fixed_dose,2,partial_raster,0.3,55,Particles,27.157392501831055,0.4070208098394197,27.100894927978516,0.30078125,0.027708996999535884
unet,fixed_dose,2,partial_raster,0.3,56,Patterned_surface,23.817350387573242,0.5723827299841856,23.68221664428711,0.30078125,0.028586209999957646
unet,fixed_dose,2,partial_raster,0.3,57,Porous_Sponge,21.77128791809082,0.4426449342822533,21.497589111328125,0.30078125,0.029216360999271274
unet,fixed_dose,2,partial_raster,0.3,58,Powder,19.32125473022461,0.26566324697270705,19.008609771728516,0.30078125,0.025922305000676715
unet,fixed_dose,2,partial_raster,0.3,59,Tips,34.826412200927734,0.8443784694208862,34.82965087890625,0.30078125,0.030333936000715767
unet,fixed_dose,2,partial_raster,0.3,60,Biological,28.031482696533203,0.49352355158111416,27.979564666748047,0.30078125,0.025769644000320113
unet,fixed_dose,2,partial_raster,0.3,61,Fibres,32.49599075317383,0.7998358595747854,32.49614334106445,0.30078125,0.019734049999897252
unet,fixed_dose,2,partial_raster,0.3,62,Films_Coated_Surface,18.42841339111328,0.47414196528415514,17.937803268432617,0.30078125,0.020429796999451355
unet,fixed_dose,2,partial_raster,0.3,63,MEMS_devices_and_electrodes,22.527151107788086,0.5907401190229575,22.306535720825195,0.30078125,0.026306320000003325
unet,fixed_dose,2,partial_raster,0.3,64,Nanowires,39.47807693481445,0.9298035942072623,39.513145446777344,0.30078125,0.029186467999352317
unet,fixed_dose,2,partial_raster,0.3,65,Particles,35.380943298339844,0.8928768934210916,35.38261795043945,0.30078125,0.0274991249998493
unet,fixed_dose,2,partial_raster,0.3,66,Patterned_surface,19.854576110839844,0.7492807926578509,20.123981475830078,0.30078125,0.029733117000432685
unet,fixed_dose,2,partial_raster,0.3,67,Porous_Sponge,19.0499324798584,0.5587384534524459,18.58309555053711,0.30078125,0.03006244600055652
unet,fixed_dose,2,partial_raster,0.3,68,Powder,22.33077621459961,0.5087026403687849,22.126365661621094,0.30078125,0.02516984700014291
unet,fixed_dose,2,partial_raster,0.3,69,Tips,35.5538215637207,0.8761079687235834,35.534339904785156,0.30078125,0.02380509299928235
unet,fixed_dose,2,partial_raster,0.3,70,Biological,24.00605010986328,0.31933537422675995,23.90776824951172,0.30078125,0.019559554999432294
unet,fixed_dose,2,partial_raster,0.3,71,Fibres,29.35779571533203,0.7038014661125209,29.345184326171875,0.30078125,0.026256574999933946
unet,fixed_dose,2,partial_raster,0.3,72,Films_Coated_Surface,22.956342697143555,0.6962497379683548,22.53289794921875,0.30078125,0.028832940999564016
unet,fixed_dose,2,partial_raster,0.3,73,MEMS_devices_and_electrodes,24.225971221923828,0.672030088133834,24.058128356933594,0.30078125,0.027364841000235174
unet,fixed_dose,2,partial_raster,0.3,74,Nanowires,35.588321685791016,0.8411932674058549,35.579322814941406,0.30078125,0.028859661000751657
unet,fixed_dose,2,partial_raster,0.3,75,Particles,34.616615295410156,0.8869155855563151,34.63947296142578,0.30078125,0.028313592000813514
unet,fixed_dose,2,partial_raster,0.3,76,Patterned_surface,23.608400344848633,0.7067661017598889,23.2388858795166,0.30078125,0.030744081999728223
unet,fixed_dose,2,partial_raster,0.3,77,Porous_Sponge,22.662782669067383,0.5025480489953368,22.392263412475586,0.30078125,0.025904139999511244
unet,fixed_dose,2,partial_raster,0.3,78,Powder,23.26384735107422,0.5667918016070093,23.13916015625,0.30078125,0.021440451999296783
unet,fixed_dose,2,partial_raster,0.3,79,Tips,27.361631393432617,0.4485585998816171,27.329790115356445,0.30078125,0.019145242999911716
unet,fixed_dose,2,partial_raster,0.3,80,Biological,29.246976852416992,0.49446110406567273,29.22585678100586,0.30078125,0.026276784999936353
unet,fixed_dose,2,partial_raster,0.3,81,Fibres,31.05807876586914,0.6675010881985567,31.03398895263672,0.30078125,0.02932107100059511
unet,fixed_dose,2,partial_raster,0.3,82,Films_Coated_Surface,22.784168243408203,0.6312697041531553,22.47496795654297,0.30078125,0.028276772999561217
unet,fixed_dose,2,partial_raster,0.3,83,MEMS_devices_and_electrodes,22.13227081298828,0.4760517551163857,21.845129013061523,0.30078125,0.027888994999557326
unet,fixed_dose,2,partial_raster,0.3,84,Nanowires,37.55580520629883,0.9667238117220677,37.52442932128906,0.30078125,0.02961408200008009
unet,fixed_dose,2,partial_raster,0.3,85,Particles,24.00691795349121,0.5291854408380946,23.868473052978516,0.30078125,0.02860354099993856
unet,fixed_dose,2,partial_raster,0.3,86,Patterned_surface,28.18352508544922,0.8317124994591312,27.27114486694336,0.30078125,0.029044863000308396
unet,fixed_dose,2,partial_raster,0.3,87,Porous_Sponge,22.030546188354492,0.4902801445643271,21.737863540649414,0.30078125,0.023350807000497298
unet,fixed_dose,2,partial_raster,0.3,88,Powder,25.643230438232422,0.7208827227515656,25.5924129486084,0.30078125,0.019788280999819108
unet,fixed_dose,2,partial_raster,0.3,89,Tips,27.677894592285156,0.4221713728024208,27.642793655395508,0.30078125,0.02579545099979441
unet,fixed_dose,2,partial_raster,0.3,90,Biological,28.68779945373535,0.4730662019701895,28.655481338500977,0.30078125,0.028974914999707835
unet,fixed_dose,2,partial_raster,0.3,91,Fibres,31.669368743896484,0.8075666791535878,31.693647384643555,0.30078125,0.028951735000191547
unet,fixed_dose,2,partial_raster,0.3,92,Films_Coated_Surface,23.286487579345703,0.44188394603653874,23.203964233398438,0.30078125,0.02869892600028834
unet,fixed_dose,2,partial_raster,0.3,93,MEMS_devices_and_electrodes,28.796642303466797,0.8008001088218607,28.698326110839844,0.30078125,0.029423902000417
unet,fixed_dose,2,partial_raster,0.3,94,Nanowires,15.508390426635742,0.6570370716601716,14.797662734985352,0.30078125,0.030665952999697765
unet,fixed_dose,2,partial_raster,0.3,95,Particles,27.681659698486328,0.5814553271527327,26.98164939880371,0.30078125,0.02631791899966629
unet,fixed_dose,2,partial_raster,0.3,96,Patterned_surface,24.581308364868164,0.5024059771866357,24.40443229675293,0.30078125,0.021375885999987077
unet,fixed_dose,2,partial_raster,0.3,97,Porous_Sponge,24.655872344970703,0.6044064867785908,24.634197235107422,0.30078125,0.02142412300054275
unet,fixed_dose,2,partial_raster,0.3,98,Powder,30.67654037475586,0.8602350789377217,30.64501953125,0.30078125,0.025843804000032833
unet,fixed_dose,2,partial_raster,0.3,99,Tips,30.74529457092285,0.6869790471756392,30.672237396240234,0.30078125,0.028333784000096784
unet,fixed_dose,2,line_hop,0.05,0,Biological,23.20448112487793,0.3181071179783423,23.102815628051758,0.14412811387900357,0.029642702000273857
unet,fixed_dose,2,line_hop,0.05,1,Fibres,20.7454776763916,0.4231618185208459,20.597658157348633,0.14412811387900357,0.021271585999784293
unet,fixed_dose,2,line_hop,0.05,2,Films_Coated_Surface,22.886018753051758,0.3635725810770871,22.76568603515625,0.14412811387900357,0.02731170300012309
unet,fixed_dose,2,line_hop,0.05,3,MEMS_devices_and_electrodes,23.334136962890625,0.28138654937641244,23.199874877929688,0.14412811387900357,0.021583185000054073
unet,fixed_dose,2,line_hop,0.05,4,Nanowires,15.536039352416992,0.2667792835589312,15.332969665527344,0.14412811387900357,0.029131695000614855
unet,fixed_dose,2,line_hop,0.05,5,Particles,17.02279281616211,0.23588485080124957,16.845054626464844,0.14412811387900357,0.027590188999965903
unet,fixed_dose,2,line_hop,0.05,6,Patterned_surface,21.738628387451172,0.4257404903068966,21.571914672851562,0.14412811387900357,0.028412220000063826
unet,fixed_dose,2,line_hop,0.05,7,Porous_Sponge,21.214406967163086,0.37897943812251667,21.057252883911133,0.14412811387900357,0.03006171600009111
unet,fixed_dose,2,line_hop,0.05,8,Powder,16.17613983154297,0.22369662223692263,16.001222610473633,0.14412811387900357,0.022611873000641936
unet,fixed_dose,2,line_hop,0.05,9,Tips,32.04738235473633,0.9070317564263931,31.960311889648438,0.14412811387900357,0.027998446999845328
unet,fixed_dose,2,line_hop,0.05,10,Biological,26.556093215942383,0.40139939445296846,26.483448028564453,0.14412811387900357,0.02141449200007628
unet,fixed_dose,2,line_hop,0.05,11,Fibres,24.784029006958008,0.65501221017553,24.631996154785156,0.14412811387900357,0.029365404000600392
unet,fixed_dose,2,line_hop,0.05,12,Films_Coated_Surface,25.43901252746582,0.39989434457019046,25.333574295043945,0.14412811387900357,0.02886036400013836
unet,fixed_dose,2,line_hop,0.05,13,MEMS_devices_and_electrodes,24.791095733642578,0.3410799588374244,24.6983642578125,0.14412811387900357,0.020455073000448465
unet,fixed_dose,2,line_hop,0.05,14,Nanowires,12.944579124450684,0.18481206814346607,12.753448486328125,0.14412811387900357,0.029110843000125897
unet,fixed_dose,2,line_hop,0.05,15,Particles,37.4622802734375,0.9239014848264978,37.43755340576172,0.14412811387900357,0.029269713999383384
unet,fixed_dose,2,line_hop,0.05,16,Patterned_surface,19.99530029296875,0.47684460709394566,19.855554580688477,0.14412811387900357,0.021536152000408038
unet,fixed_dose,2,line_hop,0.05,17,Porous_Sponge,12.904027938842773,0.24137147659027863,12.701988220214844,0.14412811387900357,0.02789846599989687
unet,fixed_dose,2,line_hop,0.05,18,Powder,17.922693252563477,0.3332638214970935,17.749725341796875,0.14412811387900357,0.027746409999963362
unet,fixed_dose,2,line_hop,0.05,19,Tips,24.539623260498047,0.761381938481519,24.412254333496094,0.14412811387900357,0.03007596600036777
unet,fixed_dose,2,line_hop,0.05,20,Biological,21.25121307373047,0.5328786711457476,21.08915138244629,0.14412811387900357,0.027462688000014168
unet,fixed_dose,2,line_hop,0.05,21,Fibres,20.47975730895996,0.4557848220219323,20.322237014770508,0.14412811387900357,0.02164636699944822
unet,fixed_dose,2,line_hop,0.05,22,Films_Coated_Surface,12.592057228088379,0.21316189126378962,12.395448684692383,0.14412811387900357,0.027522630999555986
unet,fixed_dose,2,line_hop,0.05,23,MEMS_devices_and_electrodes,25.116477966308594,0.3718288662964144,25.027618408203125,0.14412811387900357,0.028844829999798094
unet,fixed_dose,2,line_hop,0.05,24,Nanowires,13.385580062866211,0.11808822762239955,13.207863807678223,0.14412811387900357,0.026543783999841253
unet,fixed_dose,2,line_hop,0.05,25,Particles,30.812915802001953,0.6460340916955123,30.71695327758789,0.14412811387900357,0.02884709399950225
unet,fixed_dose,2,line_hop,0.05,26,Patterned_surface,18.03082847595215,0.2617859576446197,17.867948532104492,0.14412811387900357,0.020716933000585414
unet,fixed_dose,2,line_hop,0.05,27,Porous_Sponge,21.76483154296875,0.3224067815588357,21.634170532226562,0.14412811387900357,0.0277445940000689
unet,fixed_dose,2,line_hop,0.05,28,Powder,20.176908493041992,0.4304734016248778,20.009010314941406,0.14412811387900357,0.026397536999866134
unet,fixed_dose,2,line_hop,0.05,29,Tips,35.43960189819336,0.9689013831051958,35.321693420410156,0.14412811387900357,0.030039008999665384
unet,fixed_dose,2,line_hop,0.05,30,Biological,26.31731414794922,0.3616302439972257,26.267478942871094,0.14412811387900357,0.02916724099941348
unet,fixed_dose,2,line_hop,0.05,31,Fibres,33.14130401611328,0.7497398751901345,33.12184524536133,0.14412811387900357,0.027548548999220657
unet,fixed_dose,2,line_hop,0.05,32,Films_Coated_Surface,22.983909606933594,0.3271018054126724,22.871490478515625,0.14412811387900357,0.02735115199993743
unet,fixed_dose,2,line_hop,0.05,33,MEMS_devices_and_electrodes,21.794525146484375,0.5964247769740628,21.62120819091797,0.14412811387900357,0.026697938999859616
unet,fixed_dose,2,line_hop,0.05,34,Nanowires,24.546022415161133,0.592286871135498,24.382789611816406,0.14412811387900357,0.02848785000060161
unet,fixed_dose,2,line_hop,0.05,35,Particles,29.646379470825195,0.8218299145988615,29.54073143005371,0.14412811387900357,0.02059028199983004
unet,fixed_dose,2,line_hop,0.05,36,Patterned_surface,27.358434677124023,0.8398552763304518,27.175106048583984,0.14412811387900357,0.030010516999936954
unet,fixed_dose,2,line_hop,0.05,37,Porous_Sponge,14.33300495147705,0.3159534731145966,14.146269798278809,0.14412811387900357,0.024351005999960762
unet,fixed_dose,2,line_hop,0.05,38,Powder,19.563724517822266,0.27114552825896965,19.408971786499023,0.14412811387900357,0.029203156000221497
unet,fixed_dose,2,line_hop,0.05,39,Tips,34.691776275634766,0.8653724741860374,34.63185119628906,0.14412811387900357,0.024967007999293855
unet,fixed_dose,2,line_hop,0.05,40,Biological,20.741798400878906,0.338767722599843,20.60076141357422,0.14412811387900357,0.027283573000204342
unet,fixed_dose,2,line_hop,0.05,41,Fibres,25.695926666259766,0.7384092777038377,25.560331344604492,0.14412811387900357,0.028820591000112472
unet,fixed_dose,2,line_hop,0.05,42,Films_Coated_Surface,25.599756240844727,0.4017804116241386,25.51896095275879,0.14412811387900357,0.025898575000610435
unet,fixed_dose,2,line_hop,0.05,43,MEMS_devices_and_electrodes,20.75787353515625,0.2529784431317697,20.705997467041016,0.14412811387900357,0.029351855999266263
unet,fixed_dose,2,line_hop,0.05,44,Nanowires,21.240398406982422,0.3634551882375382,21.106666564941406,0.14412811387900357,0.021309681000275305
unet,fixed_dose,2,line_hop,0.05,45,Particles,29.5082950592041,0.9435317500426875,29.330598831176758,0.14412811387900357,0.028923018999194028
unet,fixed_dose,2,line_hop,0.05,46,Patterned_surface,26.9777889251709,0.5716760392621648,26.87188720703125,0.14412811387900357,0.0211383219993877
unet,fixed_dose,2,line_hop,0.05,47,Porous_Sponge,21.33035659790039,0.3900759504509871,21.17382049560547,0.14412811387900357,0.027720643999600725
unet,fixed_dose,2,line_hop,0.05,48,Powder,22.57956314086914,0.4279720487482703,22.441646575927734,0.14412811387900357,0.025192455999786034
unet,fixed_dose,2,line_hop,0.05,49,Tips,17.647294998168945,0.16273176143058554,17.51344108581543,0.14412811387900357,0.029754559000139125
unet,fixed_dose,2,line_hop,0.05,50,Biological,24.09325408935547,0.2795476232756583,24.010438919067383,0.14412811387900357,0.027545001999897067
unet,fixed_dose,2,line_hop,0.05,51,Fibres,29.857341766357422,0.6950970502062496,29.78910255432129,0.14412811387900357,0.02596655199977249
unet,fixed_dose,2,line_hop,0.05,52,Films_Coated_Surface,14.572571754455566,0.2696312735619135,14.379981994628906,0.14412811387900357,0.02862907999951858
unet,fixed_dose,2,line_hop,0.05,53,MEMS_devices_and_electrodes,30.03293228149414,0.8743617404200423,29.85610580444336,0.14412811387900357,0.022061564000068756
unet,fixed_dose,2,line_hop,0.05,54,Nanowires,27.83574104309082,0.7245851378935948,27.71661949157715,0.14412811387900357,0.027900295999643276
unet,fixed_dose,2,line_hop,0.05,55,Particles,25.92911148071289,0.39727943828524576,25.839664459228516,0.14412811387900357,0.022946602000047278
unet,fixed_dose,2,line_hop,0.05,56,Patterned_surface,19.006006240844727,0.46501619597986404,18.828584671020508,0.14412811387900357,0.029495122999833256
unet,fixed_dose,2,line_hop,0.05,57,Porous_Sponge,19.85259246826172,0.38360673904964093,19.70309066772461,0.14412811387900357,0.02134157100044831
unet,fixed_dose,2,line_hop,0.05,58,Powder,18.965909957885742,0.16712125357537014,18.855567932128906,0.14412811387900357,0.0278082569993785
unet,fixed_dose,2,line_hop,0.05,59,Tips,33.37793731689453,0.8410500085148674,33.316017150878906,0.14412811387900357,0.02928388799955428
unet,fixed_dose,2,line_hop,0.05,60,Biological,27.52513885498047,0.48861478793354995,27.454891204833984,0.14412811387900357,0.028769939000085287
unet,fixed_dose,2,line_hop,0.05,61,Fibres,31.917144775390625,0.799346407505574,31.855506896972656,0.14412811387900357,0.029065509000247403
unet,fixed_dose,2,line_hop,0.05,62,Films_Coated_Surface,15.919578552246094,0.28909641932594227,15.745759010314941,0.14412811387900357,0.025059765000150946
unet,fixed_dose,2,line_hop,0.05,63,MEMS_devices_and_electrodes,19.77004623413086,0.4893613001195556,19.606000900268555,0.14412811387900357,0.029312837999896146
unet,fixed_dose,2,line_hop,0.05,64,Nanowires,39.11336135864258,0.9306411043019703,39.09906768798828,0.14412811387900357,0.022138023999104917
unet,fixed_dose,2,line_hop,0.05,65,Particles,34.456329345703125,0.8931060005979575,34.422019958496094,0.14412811387900357,0.028901234999466396
unet,fixed_dose,2,line_hop,0.05,66,Patterned_surface,17.472633361816406,0.5816849352691476,17.31747817993164,0.14412811387900357,0.022534904000167444
unet,fixed_dose,2,line_hop,0.05,67,Porous_Sponge,15.191054344177246,0.31981645652134677,14.994701385498047,0.14412811387900357,0.0292318729998442
unet,fixed_dose,2,line_hop,0.05,68,Powder,19.507488250732422,0.43540284265581713,19.343564987182617,0.14412811387900357,0.022232139999687206
unet,fixed_dose,2,line_hop,0.05,69,Tips,33.720672607421875,0.8716249530620296,33.639732360839844,0.14412811387900357,0.02964705399972445
unet,fixed_dose,2,line_hop,0.05,70,Biological,23.715784072875977,0.31067709103283997,23.63397216796875,0.14412811387900357,0.019626225999672897
unet,fixed_dose,2,line_hop,0.05,71,Fibres,27.737733840942383,0.6920871769046752,27.63605499267578,0.14412811387900357,0.028901424000650877
unet,fixed_dose,2,line_hop,0.05,72,Films_Coated_Surface,16.440526962280273,0.5479882697067382,16.237205505371094,0.14412811387900357,0.023599587000717293
unet,fixed_dose,2,line_hop,0.05,73,MEMS_devices_and_electrodes,23.052309036254883,0.6359737305047028,22.918272018432617,0.14412811387900357,0.029681515999982366
unet,fixed_dose,2,line_hop,0.05,74,Nanowires,34.96269989013672,0.8395872465418899,34.92893600463867,0.14412811387900357,0.02841870399970503
unet,fixed_dose,2,line_hop,0.05,75,Particles,31.678125381469727,0.8818986169819062,31.5677490234375,0.14412811387900357,0.027269807000266155
unet,fixed_dose,2,line_hop,0.05,76,Patterned_surface,16.96412467956543,0.5954495619960579,16.76254653930664,0.14412811387900357,0.02852209800039418
unet,fixed_dose,2,line_hop,0.05,77,Porous_Sponge,17.680500030517578,0.3576612635520773,17.491779327392578,0.14412811387900357,0.022468871000455692
unet,fixed_dose,2,line_hop,0.05,78,Powder,20.12093734741211,0.43468346093935356,19.955596923828125,0.14412811387900357,0.030412756000259833
unet,fixed_dose,2,line_hop,0.05,79,Tips,26.84196662902832,0.44548516683540995,26.795522689819336,0.14412811387900357,0.023635721999198722
unet,fixed_dose,2,line_hop,0.05,80,Biological,29.034435272216797,0.4936931487142433,28.998756408691406,0.14412811387900357,0.029636182000103872
unet,fixed_dose,2,line_hop,0.05,81,Fibres,31.2764892578125,0.6708934362918338,31.282127380371094,0.14412811387900357,0.029092890999891097
unet,fixed_dose,2,line_hop,0.05,82,Films_Coated_Surface,18.587968826293945,0.5350453816657941,18.41153335571289,0.14412811387900357,0.02269989300020825
unet,fixed_dose,2,line_hop,0.05,83,MEMS_devices_and_electrodes,19.633441925048828,0.3836077501905163,19.472623825073242,0.14412811387900357,0.03003379399979167
unet,fixed_dose,2,line_hop,0.05,84,Nanowires,34.62501907348633,0.9628695755576503,34.48955154418945,0.14412811387900357,0.023803289999705157
unet,fixed_dose,2,line_hop,0.05,85,Particles,19.706584930419922,0.41629961289611167,19.527650833129883,0.14412811387900357,0.029946281999400526
unet,fixed_dose,2,line_hop,0.05,86,Patterned_surface,25.188940048217773,0.8170127535703408,25.005123138427734,0.14412811387900357,0.025770954999643436
unet,fixed_dose,2,line_hop,0.05,87,Porous_Sponge,19.019508361816406,0.4121878678918907,18.84366226196289,0.14412811387900357,0.027966570999524265
unet,fixed_dose,2,line_hop,0.05,88,Powder,22.44788360595703,0.6380122390970265,22.2872314453125,0.14412811387900357,0.029094860999975936
unet,fixed_dose,2,line_hop,0.05,89,Tips,27.62883186340332,0.42320386409457567,27.595561981201172,0.14412811387900357,0.028011456999593065
unet,fixed_dose,2,line_hop,0.05,90,Biological,28.341270446777344,0.4693063604450562,28.292760848999023,0.14412811387900357,0.028884547999950883
unet,fixed_dose,2,line_hop,0.05,91,Fibres,30.757675170898438,0.808544511445144,30.686729431152344,0.14412811387900357,0.020784005000678007
unet,fixed_dose,2,line_hop,0.05,92,Films_Coated_Surface,21.118879318237305,0.35187664475116487,20.97498321533203,0.14412811387900357,0.0290507500003514
unet,fixed_dose,2,line_hop,0.05,93,MEMS_devices_and_electrodes,25.35588264465332,0.7592634412175726,25.195568084716797,0.14412811387900357,0.021477873000549152
unet,fixed_dose,2,line_hop,0.05,94,Nanowires,11.237425804138184,0.25356736876540736,11.029470443725586,0.14412811387900357,0.029812557999321143
unet,fixed_dose,2,line_hop,0.05,95,Particles,25.990554809570312,0.5689649906189596,25.8316650390625,0.14412811387900357,0.027939327999774832
unet,fixed_dose,2,line_hop,0.05,96,Patterned_surface,22.28196907043457,0.42056447012668613,22.126876831054688,0.14412811387900357,0.023212586999761697
unet,fixed_dose,2,line_hop,0.05,97,Porous_Sponge,22.463768005371094,0.47710673321529773,22.323623657226562,0.14412811387900357,0.029683079999813344
unet,fixed_dose,2,line_hop,0.05,98,Powder,28.214017868041992,0.8318148701968584,28.073928833007812,0.14412811387900357,0.02152391900017392
unet,fixed_dose,2,line_hop,0.05,99,Tips,30.010950088500977,0.6846210506851362,29.934141159057617,0.14412811387900357,0.02886599900011788
unet,fixed_dose,2,line_hop,0.1,0,Biological,23.659908294677734,0.3351458263694845,23.529075622558594,0.19750889679715303,0.02857005000078061
unet,fixed_dose,2,line_hop,0.1,1,Fibres,21.7900447845459,0.4946488498910147,21.590007781982422,0.19750889679715303,0.023006976999567996
unet,fixed_dose,2,line_hop,0.1,2,Films_Coated_Surface,23.491466522216797,0.3873532214529216,23.328147888183594,0.19750889679715303,0.028510088000075484
unet,fixed_dose,2,line_hop,0.1,3,MEMS_devices_and_electrodes,24.162805557250977,0.30887590825137795,23.980682373046875,0.19750889679715303,0.021568064999883063
unet,fixed_dose,2,line_hop,0.1,4,Nanowires,16.304609298706055,0.38700356459147706,15.918493270874023,0.19750889679715303,0.027838162000080047
unet,fixed_dose,2,line_hop,0.1,5,Particles,17.280471801757812,0.27201979539276555,16.958154678344727,0.19750889679715303,0.02897646299970802
unet,fixed_dose,2,line_hop,0.1,6,Patterned_surface,23.104537963867188,0.4669924928239593,22.848024368286133,0.19750889679715303,0.02615858599983767
unet,fixed_dose,2,line_hop,0.1,7,Porous_Sponge,21.838836669921875,0.4054145807062121,21.589054107666016,0.19750889679715303,0.028502605000539916
unet,fixed_dose,2,line_hop,0.1,8,Powder,17.401628494262695,0.28485602286435613,17.13104248046875,0.19750889679715303,0.02027263999934803
unet,fixed_dose,2,line_hop,0.1,9,Tips,32.016082763671875,0.9079662168282946,31.833019256591797,0.19750889679715303,0.028823686000578164
unet,fixed_dose,2,line_hop,0.1,10,Biological,26.902957916259766,0.40664791581391224,26.830110549926758,0.19750889679715303,0.029573546000392525
unet,fixed_dose,2,line_hop,0.1,11,Fibres,26.037506103515625,0.6749577820705022,25.813526153564453,0.19750889679715303,0.02469257899974764
unet,fixed_dose,2,line_hop,0.1,12,Films_Coated_Surface,25.561635971069336,0.41874390840290837,25.433067321777344,0.19750889679715303,0.02902490700034832
unet,fixed_dose,2,line_hop,0.1,13,MEMS_devices_and_electrodes,25.19898223876953,0.3487074972842003,25.036392211914062,0.19750889679715303,0.023972062000211736
unet,fixed_dose,2,line_hop,0.1,14,Nanowires,13.367403984069824,0.28631431117667283,13.020315170288086,0.19750889679715303,0.029347454000344442
unet,fixed_dose,2,line_hop,0.1,15,Particles,36.97224426269531,0.9235678572337997,36.93594741821289,0.19750889679715303,0.02906912900016323
unet,fixed_dose,2,line_hop,0.1,16,Patterned_surface,20.66277313232422,0.5409059072098186,20.458637237548828,0.19750889679715303,0.019810405000498577
unet,fixed_dose,2,line_hop,0.1,17,Porous_Sponge,13.89443302154541,0.32614430978179904,13.516794204711914,0.19750889679715303,0.028683847999673162
unet,fixed_dose,2,line_hop,0.1,18,Powder,19.00152015686035,0.3958347015614757,18.728076934814453,0.19750889679715303,0.02144970499921328
unet,fixed_dose,2,line_hop,0.1,19,Tips,25.280902862548828,0.7833017401863874,25.12250518798828,0.19750889679715303,0.028285667000091053
unet,fixed_dose,2,line_hop,0.1,20,Biological,23.26216697692871,0.5625334743590958,23.033540725708008,0.19750889679715303,0.029244139999718755
unet,fixed_dose,2,line_hop,0.1,21,Fibres,21.386703491210938,0.5302245016938988,21.136722564697266,0.19750889679715303,0.02890381600082037
unet,fixed_dose,2,line_hop,0.1,22,Films_Coated_Surface,12.985454559326172,0.2982604184252484,12.618690490722656,0.19750889679715303,0.026246861999425164
unet,fixed_dose,2,line_hop,0.1,23,MEMS_devices_and_electrodes,25.572872161865234,0.3850928852200477,25.453157424926758,0.19750889679715303,0.023903404000520823
unet,fixed_dose,2,line_hop,0.1,24,Nanowires,13.594953536987305,0.1687896641913166,13.2727632522583,0.19750889679715303,0.028777065000213042
unet,fixed_dose,2,line_hop,0.1,25,Particles,31.895275115966797,0.6460756783574486,31.815868377685547,0.19750889679715303,0.02993223100020259
unet,fixed_dose,2,line_hop,0.1,26,Patterned_surface,18.433841705322266,0.2928176184634056,18.16103744506836,0.19750889679715303,0.025455672000134655
unet,fixed_dose,2,line_hop,0.1,27,Porous_Sponge,22.70883560180664,0.334281155187083,22.530319213867188,0.19750889679715303,0.02785633100029372
unet,fixed_dose,2,line_hop,0.1,28,Powder,21.075029373168945,0.49084207135001184,20.806732177734375,0.19750889679715303,0.021486921999894548
unet,fixed_dose,2,line_hop,0.1,29,Tips,37.69300842285156,0.971820716415051,37.592063903808594,0.19750889679715303,0.02950824100025784
unet,fixed_dose,2,line_hop,0.1,30,Biological,26.478992462158203,0.36413944610455834,26.431562423706055,0.19750889679715303,0.029175986999689485
unet,fixed_dose,2,line_hop,0.1,31,Fibres,33.25990295410156,0.7517104468740128,33.248870849609375,0.19750889679715303,0.021851266999874497
unet,fixed_dose,2,line_hop,0.1,32,Films_Coated_Surface,23.143041610717773,0.3480265915865989,22.986906051635742,0.19750889679715303,0.02862455200011027
unet,fixed_dose,2,line_hop,0.1,33,MEMS_devices_and_electrodes,22.644371032714844,0.6104365977470199,22.34063148498535,0.19750889679715303,0.027110179999908723
unet,fixed_dose,2,line_hop,0.1,34,Nanowires,25.595571517944336,0.6497651207163939,25.34858512878418,0.19750889679715303,0.02911380299974553
unet,fixed_dose,2,line_hop,0.1,35,Particles,30.303144454956055,0.8245274864656155,30.16229248046875,0.19750889679715303,0.028359070000078646
unet,fixed_dose,2,line_hop,0.1,36,Patterned_surface,29.022354125976562,0.8582211078523793,28.723236083984375,0.19750889679715303,0.016872956000042905
unet,fixed_dose,2,line_hop,0.1,37,Porous_Sponge,15.245265007019043,0.38780933111285504,14.929496765136719,0.19750889679715303,0.030286901000181388
unet,fixed_dose,2,line_hop,0.1,38,Powder,20.377931594848633,0.3110004929847563,20.137155532836914,0.19750889679715303,0.02785388200027228
unet,fixed_dose,2,line_hop,0.1,39,Tips,35.124000549316406,0.8655036678803262,35.075347900390625,0.19750889679715303,0.024651080000694492
unet,fixed_dose,2,line_hop,0.1,40,Biological,21.412029266357422,0.3831450574280837,21.21823501586914,0.19750889679715303,0.027718260000256123
unet,fixed_dose,2,line_hop,0.1,41,Fibres,28.197229385375977,0.7578687920879904,28.090511322021484,0.19750889679715303,0.02443520599990734
unet,fixed_dose,2,line_hop,0.1,42,Films_Coated_Surface,26.11375617980957,0.40765022709838966,26.026580810546875,0.19750889679715303,0.029365420000431186
unet,fixed_dose,2,line_hop,0.1,43,MEMS_devices_and_electrodes,21.30682945251465,0.2728963899332278,21.234834671020508,0.19750889679715303,0.029357911000261083
unet,fixed_dose,2,line_hop,0.1,44,Nanowires,22.581350326538086,0.39117005296898016,22.41856575012207,0.19750889679715303,0.02270520199999737
unet,fixed_dose,2,line_hop,0.1,45,Particles,33.83939743041992,0.9501115144250161,33.63927459716797,0.19750889679715303,0.029033554999841726
unet,fixed_dose,2,line_hop,0.1,46,Patterned_surface,27.326135635375977,0.575583973587148,27.183076858520508,0.19750889679715303,0.023702139999841165
unet,fixed_dose,2,line_hop,0.1,47,Porous_Sponge,22.111356735229492,0.42923003296405654,21.868993759155273,0.19750889679715303,0.028397152999787068
unet,fixed_dose,2,line_hop,0.1,48,Powder,23.363855361938477,0.4531336759897261,23.16415786743164,0.19750889679715303,0.02762831800009735
unet,fixed_dose,2,line_hop,0.1,49,Tips,18.2866268157959,0.2028364308706277,18.11257553100586,0.19750889679715303,0.021802818000651314
unet,fixed_dose,2,line_hop,0.1,50,Biological,24.273454666137695,0.2870095679599834,24.168968200683594,0.19750889679715303,0.029047406000245246
unet,fixed_dose,2,line_hop,0.1,51,Fibres,30.13899040222168,0.6992452380288797,30.059341430664062,0.19750889679715303,0.02566474300056143
unet,fixed_dose,2,line_hop,0.1,52,Films_Coated_Surface,15.27692985534668,0.3837733945261352,14.931198120117188,0.19750889679715303,0.028313754000009794
unet,fixed_dose,2,line_hop,0.1,53,MEMS_devices_and_electrodes,33.498050689697266,0.8900808487512988,33.37226486206055,0.19750889679715303,0.0280435420008871
unet,fixed_dose,2,line_hop,0.1,54,Nanowires,29.096296310424805,0.7339720298678551,28.968082427978516,0.19750889679715303,0.02827694099960354
unet,fixed_dose,2,line_hop,0.1,55,Particles,26.53936195373535,0.40042632271012063,26.438472747802734,0.19750889679715303,0.027833817999635357
unet,fixed_dose,2,line_hop,0.1,56,Patterned_surface,20.860898971557617,0.5235152117248771,20.584915161132812,0.19750889679715303,0.01889272600055847
unet,fixed_dose,2,line_hop,0.1,57,Porous_Sponge,20.396787643432617,0.40341559393503196,20.125782012939453,0.19750889679715303,0.02935427900047216
unet,fixed_dose,2,line_hop,0.1,58,Powder,18.88519287109375,0.21797978770246496,18.86235237121582,0.19750889679715303,0.029701575999752095
unet,fixed_dose,2,line_hop,0.1,59,Tips,34.146942138671875,0.8441900034168973,34.08860778808594,0.19750889679715303,0.02294962799987843
unet,fixed_dose,2,line_hop,0.1,60,Biological,27.811344146728516,0.4918482905858701,27.755403518676758,0.19750889679715303,0.028919942999891646
unet,fixed_dose,2,line_hop,0.1,61,Fibres,32.25162124633789,0.8010005875188568,32.17483901977539,0.19750889679715303,0.02142895899942232
unet,fixed_dose,2,line_hop,0.1,62,Films_Coated_Surface,16.68355941772461,0.3549622512118079,16.371667861938477,0.19750889679715303,0.02916965300028096
unet,fixed_dose,2,line_hop,0.1,63,MEMS_devices_and_electrodes,20.512697219848633,0.5264801494271746,20.230846405029297,0.19750889679715303,0.02912213900071947
unet,fixed_dose,2,line_hop,0.1,64,Nanowires,39.02043914794922,0.9305962823831523,38.95194625854492,0.19750889679715303,0.025713418999657733
unet,fixed_dose,2,line_hop,0.1,65,Particles,34.88450622558594,0.8945520138517783,34.7884407043457,0.19750889679715303,0.028814940999836836
unet,fixed_dose,2,line_hop,0.1,66,Patterned_surface,18.096416473388672,0.63897434303626,17.869550704956055,0.19750889679715303,0.024325272000169207
unet,fixed_dose,2,line_hop,0.1,67,Porous_Sponge,16.569631576538086,0.41618935423137915,16.2287540435791,0.19750889679715303,0.02818569600003684
unet,fixed_dose,2,line_hop,0.1,68,Powder,20.588579177856445,0.4647984288750791,20.332059860229492,0.19750889679715303,0.03020666500015068
unet,fixed_dose,2,line_hop,0.1,69,Tips,34.950008392333984,0.8767195662180802,34.84478759765625,0.19750889679715303,0.01967416299976321
unet,fixed_dose,2,line_hop,0.1,70,Biological,23.695968627929688,0.3179370241905247,23.566816329956055,0.19750889679715303,0.027096912999695633
unet,fixed_dose,2,line_hop,0.1,71,Fibres,28.99704360961914,0.6990595970608762,28.904321670532227,0.19750889679715303,0.02520078999987163
unet,fixed_dose,2,line_hop,0.1,72,Films_Coated_Surface,18.894573211669922,0.6289286210717693,18.530982971191406,0.19750889679715303,0.029323022000426135
unet,fixed_dose,2,line_hop,0.1,73,MEMS_devices_and_electrodes,23.302295684814453,0.6443088757064099,23.090167999267578,0.19750889679715303,0.0277955989995462
unet,fixed_dose,2,line_hop,0.1,74,Nanowires,35.477413177490234,0.8393329956181853,35.46199035644531,0.19750889679715303,0.020811685999433394
unet,fixed_dose,2,line_hop,0.1,75,Particles,32.70895004272461,0.8825435704273431,32.5645866394043,0.19750889679715303,0.028596936999747413
unet,fixed_dose,2,line_hop,0.1,76,Patterned_surface,18.511688232421875,0.6483908545537392,18.139911651611328,0.19750889679715303,0.02521551300014835
unet,fixed_dose,2,line_hop,0.1,77,Porous_Sponge,19.677207946777344,0.4318094942340324,19.363975524902344,0.19750889679715303,0.02913416600040364
unet,fixed_dose,2,line_hop,0.1,78,Powder,21.173402786254883,0.4831997942394682,20.9052677154541,0.19750889679715303,0.02947742299966194
unet,fixed_dose,2,line_hop,0.1,79,Tips,26.9083309173584,0.44646097056152123,26.844436645507812,0.19750889679715303,0.023959235000802437
unet,fixed_dose,2,line_hop,0.1,80,Biological,29.033185958862305,0.49360608646671145,28.993030548095703,0.19750889679715303,0.028867756000181544
unet,fixed_dose,2,line_hop,0.1,81,Fibres,30.86160659790039,0.6678489095978011,30.793720245361328,0.19750889679715303,0.02760177699929045
unet,fixed_dose,2,line_hop,0.1,82,Films_Coated_Surface,19.312580108642578,0.5556462660507221,18.97422981262207,0.19750889679715303,0.023680897000303958
unet,fixed_dose,2,line_hop,0.1,83,MEMS_devices_and_electrodes,20.593936920166016,0.4323384158804152,20.383804321289062,0.19750889679715303,0.02894892200038157
unet,fixed_dose,2,line_hop,0.1,84,Nanowires,35.83278274536133,0.9657233602718929,35.66551971435547,0.19750889679715303,0.02364472399949591
unet,fixed_dose,2,line_hop,0.1,85,Particles,20.85953140258789,0.45661560647821947,20.543153762817383,0.19750889679715303,0.028865573999610206
unet,fixed_dose,2,line_hop,0.1,86,Patterned_surface,27.4722843170166,0.8286711693400974,27.166664123535156,0.19750889679715303,0.029734101000030932
unet,fixed_dose,2,line_hop,0.1,87,Porous_Sponge,20.362228393554688,0.44654147276812595,20.087017059326172,0.19750889679715303,0.018981225999596063
unet,fixed_dose,2,line_hop,0.1,88,Powder,23.794004440307617,0.6778508769462294,23.55861473083496,0.19750889679715303,0.029068240999549744
unet,fixed_dose,2,line_hop,0.1,89,Tips,27.678396224975586,0.42301505119870014,27.658687591552734,0.19750889679715303,0.02758715599975403
unet,fixed_dose,2,line_hop,0.1,90,Biological,28.419275283813477,0.46982229044609203,28.34740447998047,0.19750889679715303,0.02692653100075404
unet,fixed_dose,2,line_hop,0.1,91,Fibres,31.113386154174805,0.8137626814106705,31.043912887573242,0.19750889679715303,0.029709522999837645
unet,fixed_dose,2,line_hop,0.1,92,Films_Coated_Surface,22.022415161132812,0.3862551075955801,21.81045913696289,0.19750889679715303,0.02113530400038144
unet,fixed_dose,2,line_hop,0.1,93,MEMS_devices_and_electrodes,26.83892250061035,0.7777525380284611,26.614782333374023,0.19750889679715303,0.028795807999813405
unet,fixed_dose,2,line_hop,0.1,94,Nanowires,12.187707901000977,0.39086512455962236,11.79591178894043,0.19750889679715303,0.021164078999390767
unet,fixed_dose,2,line_hop,0.1,95,Particles,26.416339874267578,0.5741975690127427,26.117225646972656,0.19750889679715303,0.028104723000069498
unet,fixed_dose,2,line_hop,0.1,96,Patterned_surface,23.217470169067383,0.4563429278209573,22.985305786132812,0.19750889679715303,0.026347623000219755
unet,fixed_dose,2,line_hop,0.1,97,Porous_Sponge,23.316164016723633,0.5231146750693997,23.107873916625977,0.19750889679715303,0.028946749000169802
unet,fixed_dose,2,line_hop,0.1,98,Powder,29.15457534790039,0.8462398080119585,28.958026885986328,0.19750889679715303,0.023793874000148207
unet,fixed_dose,2,line_hop,0.1,99,Tips,29.961803436279297,0.6868323439471116,29.820024490356445,0.19750889679715303,0.03008292699996673
unet,fixed_dose,2,line_hop,0.15,0,Biological,23.769954681396484,0.34359656183910137,23.621143341064453,0.2615658362989324,0.029647620000105235
unet,fixed_dose,2,line_hop,0.15,1,Fibres,22.24593734741211,0.5227186241506624,22.022506713867188,0.2615658362989324,0.02044822399966506
unet,fixed_dose,2,line_hop,0.15,2,Films_Coated_Surface,23.88124656677246,0.39570085515125814,23.701950073242188,0.2615658362989324,0.028856859999905282
unet,fixed_dose,2,line_hop,0.15,3,MEMS_devices_and_electrodes,24.487220764160156,0.31632850643632504,24.28818130493164,0.2615658362989324,0.029190117999860377
unet,fixed_dose,2,line_hop,0.15,4,Nanowires,17.362998962402344,0.48829516596784783,16.822969436645508,0.2615658362989324,0.023241216000315035
unet,fixed_dose,2,line_hop,0.15,5,Particles,17.622112274169922,0.3046483802359171,17.22185516357422,0.2615658362989324,0.027714990000276885
unet,fixed_dose,2,line_hop,0.15,6,Patterned_surface,23.431243896484375,0.46967504154168405,23.09402084350586,0.2615658362989324,0.02565765300005296
unet,fixed_dose,2,line_hop,0.15,7,Porous_Sponge,22.599777221679688,0.42995059411461234,22.310075759887695,0.2615658362989324,0.030096290999608755
unet,fixed_dose,2,line_hop,0.15,8,Powder,18.0327091217041,0.29949729876678255,17.748010635375977,0.2615658362989324,0.027545425000425894
unet,fixed_dose,2,line_hop,0.15,9,Tips,32.73695373535156,0.9101375774272148,32.597503662109375,0.2615658362989324,0.01882949899936648
unet,fixed_dose,2,line_hop,0.15,10,Biological,26.77318572998047,0.4041661585193002,26.682071685791016,0.2615658362989324,0.027946051000071748
unet,fixed_dose,2,line_hop,0.15,11,Fibres,26.654766082763672,0.6861487289965466,26.417861938476562,0.2615658362989324,0.028978383000321628
unet,fixed_dose,2,line_hop,0.15,12,Films_Coated_Surface,25.73276710510254,0.409446585565001,25.592029571533203,0.2615658362989324,0.023612861999936285
unet,fixed_dose,2,line_hop,0.15,13,MEMS_devices_and_electrodes,25.181087493896484,0.36067378734422,25.032695770263672,0.2615658362989324,0.02886651099925075
unet,fixed_dose,2,line_hop,0.15,14,Nanowires,13.828533172607422,0.37875095134526837,13.316673278808594,0.2615658362989324,0.021484359000169206
unet,fixed_dose,2,line_hop,0.15,15,Particles,37.80842590332031,0.9234186112482622,37.797447204589844,0.2615658362989324,0.02976003700041474
unet,fixed_dose,2,line_hop,0.15,16,Patterned_surface,21.381942749023438,0.6113646737928368,21.11305046081543,0.2615658362989324,0.029366559000663983
unet,fixed_dose,2,line_hop,0.15,17,Porous_Sponge,15.015933990478516,0.3978607358069192,14.496265411376953,0.2615658362989324,0.019566684999517747
unet,fixed_dose,2,line_hop,0.15,18,Powder,19.666030883789062,0.4400617924116737,19.346736907958984,0.2615658362989324,0.027390610999646015
unet,fixed_dose,2,line_hop,0.15,19,Tips,25.414810180664062,0.7831558496265463,25.257038116455078,0.2615658362989324,0.028759612999238016
unet,fixed_dose,2,line_hop,0.15,20,Biological,23.617794036865234,0.5733679078953319,23.323936462402344,0.2615658362989324,0.020821084999624873
unet,fixed_dose,2,line_hop,0.15,21,Fibres,22.263887405395508,0.5921384252331577,21.95703125,0.2615658362989324,0.028513536999525968
unet,fixed_dose,2,line_hop,0.15,22,Films_Coated_Surface,13.612323760986328,0.3673686074812473,13.109243392944336,0.2615658362989324,0.028816780999477487
unet,fixed_dose,2,line_hop,0.15,23,MEMS_devices_and_electrodes,25.643871307373047,0.384524750099943,25.52151870727539,0.2615658362989324,0.020760542000061832
unet,fixed_dose,2,line_hop,0.15,24,Nanowires,13.73089599609375,0.21925961389214876,13.29677677154541,0.2615658362989324,0.02761387200007448
unet,fixed_dose,2,line_hop,0.15,25,Particles,32.05670928955078,0.6458989476473725,31.990550994873047,0.2615658362989324,0.026095868999618688
unet,fixed_dose,2,line_hop,0.15,26,Patterned_surface,18.786540985107422,0.3133237359005843,18.42870330810547,0.2615658362989324,0.02766586699999607
unet,fixed_dose,2,line_hop,0.15,27,Porous_Sponge,23.093469619750977,0.3387770527294877,22.883865356445312,0.2615658362989324,0.029691892999835545
unet,fixed_dose,2,line_hop,0.15,28,Powder,22.028274536132812,0.532896921485456,21.7039852142334,0.2615658362989324,0.02382889599994087
unet,fixed_dose,2,line_hop,0.15,29,Tips,38.441165924072266,0.9731235421205635,38.33345413208008,0.2615658362989324,0.028859548000582436
unet,fixed_dose,2,line_hop,0.15,30,Biological,26.391700744628906,0.3596973186976894,26.32105255126953,0.2615658362989324,0.02764158399986627
unet,fixed_dose,2,line_hop,0.15,31,Fibres,33.36688232421875,0.7515037984151091,33.337520599365234,0.2615658362989324,0.020889522999823384
unet,fixed_dose,2,line_hop,0.15,32,Films_Coated_Surface,23.212772369384766,0.3572035887028528,23.060062408447266,0.2615658362989324,0.029809723999278503
unet,fixed_dose,2,line_hop,0.15,33,MEMS_devices_and_electrodes,23.714893341064453,0.623455575680199,23.31679916381836,0.2615658362989324,0.02952613500019652
unet,fixed_dose,2,line_hop,0.15,34,Nanowires,26.14264678955078,0.6753738161503943,25.841386795043945,0.2615658362989324,0.020781275999979698
unet,fixed_dose,2,line_hop,0.15,35,Particles,30.275775909423828,0.8234933446943835,30.074134826660156,0.2615658362989324,0.02932247999979154
unet,fixed_dose,2,line_hop,0.15,36,Patterned_surface,29.28833770751953,0.8676456367234328,28.84404945373535,0.2615658362989324,0.029763171000013244
unet,fixed_dose,2,line_hop,0.15,37,Porous_Sponge,15.981827735900879,0.4239825638100834,15.590559005737305,0.2615658362989324,0.02336131399988517
unet,fixed_dose,2,line_hop,0.15,38,Powder,20.800817489624023,0.3287717973496949,20.50861358642578,0.2615658362989324,0.027394508000725182
unet,fixed_dose,2,line_hop,0.15,39,Tips,35.080265045166016,0.865536529876307,34.98493576049805,0.2615658362989324,0.02307731800010515
unet,fixed_dose,2,line_hop,0.15,40,Biological,21.606700897216797,0.3975232578526365,21.357830047607422,0.2615658362989324,0.02881281099962507
unet,fixed_dose,2,line_hop,0.15,41,Fibres,27.960758209228516,0.7608340713066939,27.806392669677734,0.2615658362989324,0.028835144999902695
unet,fixed_dose,2,line_hop,0.15,42,Films_Coated_Surface,26.163137435913086,0.40718055894688165,26.060688018798828,0.2615658362989324,0.021429574999274337
unet,fixed_dose,2,line_hop,0.15,43,MEMS_devices_and_electrodes,21.97058868408203,0.28762937891749,21.85809898376465,0.2615658362989324,0.028121060000557918
unet,fixed_dose,2,line_hop,0.15,44,Nanowires,22.729036331176758,0.4022612028621424,22.521886825561523,0.2615658362989324,0.0297191899999234
unet,fixed_dose,2,line_hop,0.15,45,Particles,34.74943542480469,0.9514091833160699,34.61790466308594,0.2615658362989324,0.019573604000470368
unet,fixed_dose,2,line_hop,0.15,46,Patterned_surface,27.4790096282959,0.5891811526798928,27.329843521118164,0.2615658362989324,0.02881139799956145
unet,fixed_dose,2,line_hop,0.15,47,Porous_Sponge,22.718547821044922,0.44811148091355496,22.41706657409668,0.2615658362989324,0.026298888999917835
unet,fixed_dose,2,line_hop,0.15,48,Powder,23.81639289855957,0.4642969080555679,23.624000549316406,0.2615658362989324,0.028911372000038682
unet,fixed_dose,2,line_hop,0.15,49,Tips,18.53375244140625,0.21259086187530257,18.342226028442383,0.2615658362989324,0.0298661289998563
unet,fixed_dose,2,line_hop,0.15,50,Biological,24.364665985107422,0.29164233014889634,24.262523651123047,0.2615658362989324,0.02529258499998832
unet,fixed_dose,2,line_hop,0.15,51,Fibres,30.25408935546875,0.6980188973636577,30.193613052368164,0.2615658362989324,0.028173857999718166
unet,fixed_dose,2,line_hop,0.15,52,Films_Coated_Surface,15.943909645080566,0.4619134090686749,15.4783353805542,0.2615658362989324,0.028856423000434006
unet,fixed_dose,2,line_hop,0.15,53,MEMS_devices_and_electrodes,33.09984588623047,0.893336991102019,32.76486587524414,0.2615658362989324,0.02395565999995597
unet,fixed_dose,2,line_hop,0.15,54,Nanowires,29.62689971923828,0.7346564355723214,29.510799407958984,0.2615658362989324,0.02819789699969988
unet,fixed_dose,2,line_hop,0.15,55,Particles,26.75969886779785,0.40250834295170457,26.65578842163086,0.2615658362989324,0.028890796000268892
unet,fixed_dose,2,line_hop,0.15,56,Patterned_surface,21.93204116821289,0.5443492069526267,21.59430503845215,0.2615658362989324,0.02789812599985453
unet,fixed_dose,2,line_hop,0.15,57,Porous_Sponge,20.893478393554688,0.4256898943503865,20.57891845703125,0.2615658362989324,0.026722949000031804
unet,fixed_dose,2,line_hop,0.15,58,Powder,19.145977020263672,0.24259344204350974,18.94619369506836,0.2615658362989324,0.029676629999812576
unet,fixed_dose,2,line_hop,0.15,59,Tips,34.216796875,0.8447520415620485,34.17750549316406,0.2615658362989324,0.0298492570000235
unet,fixed_dose,2,line_hop,0.15,60,Biological,27.609691619873047,0.49108226740786304,27.48883056640625,0.2615658362989324,0.02360798799963959
unet,fixed_dose,2,line_hop,0.15,61,Fibres,32.36198043823242,0.8013752248762175,32.284053802490234,0.2615658362989324,0.02622383699963393
unet,fixed_dose,2,line_hop,0.15,62,Films_Coated_Surface,17.139232635498047,0.3928247987549572,16.72899055480957,0.2615658362989324,0.030040249999728985
unet,fixed_dose,2,line_hop,0.15,63,MEMS_devices_and_electrodes,21.006553649902344,0.5419363468921945,20.632423400878906,0.2615658362989324,0.019463233000351465
unet,fixed_dose,2,line_hop,0.15,64,Nanowires,39.1829719543457,0.9315427996994702,39.127201080322266,0.2615658362989324,0.029639282999596617
unet,fixed_dose,2,line_hop,0.15,65,Particles,35.48556900024414,0.8948562352985061,35.4329948425293,0.2615658362989324,0.017366193999805546
unet,fixed_dose,2,line_hop,0.15,66,Patterned_surface,18.59834098815918,0.6769264363530836,18.34088706970215,0.2615658362989324,0.029877112000576744
unet,fixed_dose,2,line_hop,0.15,67,Porous_Sponge,17.480539321899414,0.4779949082427258,17.034685134887695,0.2615658362989324,0.02879482000025746
unet,fixed_dose,2,line_hop,0.15,68,Powder,21.356510162353516,0.4856470801958825,21.058141708374023,0.2615658362989324,0.02272462600012659
unet,fixed_dose,2,line_hop,0.15,69,Tips,35.214900970458984,0.8764577134399353,35.144535064697266,0.2615658362989324,0.030178146000253037
unet,fixed_dose,2,line_hop,0.15,70,Biological,23.79572105407715,0.33077860631158185,23.6710262298584,0.2615658362989324,0.02880709900000511
unet,fixed_dose,2,line_hop,0.15,71,Fibres,29.428693771362305,0.7053292005763563,29.371671676635742,0.2615658362989324,0.021632080999552272
unet,fixed_dose,2,line_hop,0.15,72,Films_Coated_Surface,20.285808563232422,0.6576063936192269,19.80290412902832,0.2615658362989324,0.029895174000557745
unet,fixed_dose,2,line_hop,0.15,73,MEMS_devices_and_electrodes,23.554683685302734,0.6592290787422834,23.280521392822266,0.2615658362989324,0.027648940000290168
unet,fixed_dose,2,line_hop,0.15,74,Nanowires,35.541847229003906,0.8411115740539894,35.49087905883789,0.2615658362989324,0.025948564999453083
unet,fixed_dose,2,line_hop,0.15,75,Particles,33.09138870239258,0.8827596859825112,32.942543029785156,0.2615658362989324,0.02859479100061435
unet,fixed_dose,2,line_hop,0.15,76,Patterned_surface,20.857982635498047,0.6771051200308084,20.393783569335938,0.2615658362989324,0.025771470999643498
unet,fixed_dose,2,line_hop,0.15,77,Porous_Sponge,20.272518157958984,0.4548396718965207,19.84645652770996,0.2615658362989324,0.02774850300011167
unet,fixed_dose,2,line_hop,0.15,78,Powder,22.06795883178711,0.5190904082042418,21.77103042602539,0.2615658362989324,0.025683365000077174
unet,fixed_dose,2,line_hop,0.15,79,Tips,27.261066436767578,0.448058870292168,27.212139129638672,0.2615658362989324,0.030257630000050995
unet,fixed_dose,2,line_hop,0.15,80,Biological,29.269628524780273,0.49675948817098586,29.23944091796875,0.2615658362989324,0.02514354800041474
unet,fixed_dose,2,line_hop,0.15,81,Fibres,31.104656219482422,0.6690100275357285,31.058483123779297,0.2615658362989324,0.0284742539997751
unet,fixed_dose,2,line_hop,0.15,82,Films_Coated_Surface,20.702573776245117,0.5991164826462401,20.277729034423828,0.2615658362989324,0.021941400000287103
unet,fixed_dose,2,line_hop,0.15,83,MEMS_devices_and_electrodes,21.677997589111328,0.4538978460561874,21.408090591430664,0.2615658362989324,0.029655886000000464
unet,fixed_dose,2,line_hop,0.15,84,Nanowires,36.642391204833984,0.9659794189577654,36.471290588378906,0.2615658362989324,0.019255296000665112
unet,fixed_dose,2,line_hop,0.15,85,Particles,22.089731216430664,0.4883867488791798,21.724435806274414,0.2615658362989324,0.029568412999651628
unet,fixed_dose,2,line_hop,0.15,86,Patterned_surface,28.864194869995117,0.8329122963364985,28.456615447998047,0.2615658362989324,0.017051255000296806
unet,fixed_dose,2,line_hop,0.15,87,Porous_Sponge,21.088531494140625,0.46904290811256577,20.747833251953125,0.2615658362989324,0.02909125799942558
unet,fixed_dose,2,line_hop,0.15,88,Powder,24.61511993408203,0.7005327502543238,24.367082595825195,0.2615658362989324,0.017239169000276888
unet,fixed_dose,2,line_hop,0.15,89,Tips,27.702945709228516,0.4229867806852457,27.679319381713867,0.2615658362989324,0.02885433500068757
unet,fixed_dose,2,line_hop,0.15,90,Biological,28.592710494995117,0.4740898890855884,28.505966186523438,0.2615658362989324,0.027844727000228886
unet,fixed_dose,2,line_hop,0.15,91,Fibres,31.181167602539062,0.8100372808106039,31.10103416442871,0.2615658362989324,0.028895862999888777
unet,fixed_dose,2,line_hop,0.15,92,Films_Coated_Surface,22.489444732666016,0.4058606793149744,22.249732971191406,0.2615658362989324,0.029510069000025396
unet,fixed_dose,2,line_hop,0.15,93,MEMS_devices_and_electrodes,27.726943969726562,0.7903387317259876,27.44483757019043,0.2615658362989324,0.018326426000385254
unet,fixed_dose,2,line_hop,0.15,94,Nanowires,12.754260063171387,0.4729725894930403,12.190469741821289,0.2615658362989324,0.029805834999933722
unet,fixed_dose,2,line_hop,0.15,95,Particles,26.869632720947266,0.5770519685236324,26.437713623046875,0.2615658362989324,0.028573620000315714
unet,fixed_dose,2,line_hop,0.15,96,Patterned_surface,23.674013137817383,0.4683518483459047,23.376672744750977,0.2615658362989324,0.021082764000311727
unet,fixed_dose,2,line_hop,0.15,97,Porous_Sponge,23.719249725341797,0.5605463514569059,23.44050407409668,0.2615658362989324,0.028624665000279492
unet,fixed_dose,2,line_hop,0.15,98,Powder,29.78281021118164,0.8514275690384988,29.572145462036133,0.2615658362989324,0.027697400999386446
unet,fixed_dose,2,line_hop,0.15,99,Tips,30.630462646484375,0.6883314383255635,30.509431838989258,0.2615658362989324,0.023614022000401746
unet,fixed_dose,2,line_hop,0.2,0,Biological,23.804759979248047,0.34084003137479646,23.6293888092041,0.31494661921708184,0.029053446000034455
unet,fixed_dose,2,line_hop,0.2,1,Fibres,22.50225067138672,0.5378503871481455,22.260780334472656,0.31494661921708184,0.027586823999627086
unet,fixed_dose,2,line_hop,0.2,2,Films_Coated_Surface,23.920135498046875,0.400856743606037,23.70538902282715,0.31494661921708184,0.028058388999852468
unet,fixed_dose,2,line_hop,0.2,3,MEMS_devices_and_electrodes,24.58025360107422,0.3175165815815501,24.364177703857422,0.31494661921708184,0.02938520400039124
unet,fixed_dose,2,line_hop,0.2,4,Nanowires,17.85956573486328,0.5427276104294335,17.19530487060547,0.31494661921708184,0.021283347999997204
unet,fixed_dose,2,line_hop,0.2,5,Particles,17.786205291748047,0.32207937320188135,17.30144691467285,0.31494661921708184,0.029474465000021155
unet,fixed_dose,2,line_hop,0.2,6,Patterned_surface,24.106128692626953,0.49232602687486876,23.767194747924805,0.31494661921708184,0.02772173900029884
unet,fixed_dose,2,line_hop,0.2,7,Porous_Sponge,22.688215255737305,0.4383214499603099,22.349445343017578,0.31494661921708184,0.021147895000467543
unet,fixed_dose,2,line_hop,0.2,8,Powder,18.19886589050293,0.32431718710863494,17.853086471557617,0.31494661921708184,0.02890410600048199
unet,fixed_dose,2,line_hop,0.2,9,Tips,32.32478713989258,0.9078834023457426,32.117008209228516,0.31494661921708184,0.02954920300089725
unet,fixed_dose,2,line_hop,0.2,10,Biological,26.874902725219727,0.40232261674970865,26.7906494140625,0.31494661921708184,0.02385385999969003
unet,fixed_dose,2,line_hop,0.2,11,Fibres,26.96151351928711,0.6884188330665197,26.70368194580078,0.31494661921708184,0.027748653000344348
unet,fixed_dose,2,line_hop,0.2,12,Films_Coated_Surface,25.778200149536133,0.42351699163310935,25.621212005615234,0.31494661921708184,0.02775688500059914
unet,fixed_dose,2,line_hop,0.2,13,MEMS_devices_and_electrodes,25.35108757019043,0.36650184647385525,25.21307945251465,0.31494661921708184,0.021377162000135286
unet,fixed_dose,2,line_hop,0.2,14,Nanowires,14.09562873840332,0.4254270804340695,13.46505069732666,0.31494661921708184,0.02945209000063187
unet,fixed_dose,2,line_hop,0.2,15,Particles,37.146812438964844,0.9221340310824953,37.10822296142578,0.31494661921708184,0.028274731000237807
unet,fixed_dose,2,line_hop,0.2,16,Patterned_surface,21.257781982421875,0.6033424939572928,20.98407554626465,0.31494661921708184,0.021353244000238192
unet,fixed_dose,2,line_hop,0.2,17,Porous_Sponge,15.657299041748047,0.435613642775664,15.020685195922852,0.31494661921708184,0.029599876999782282
unet,fixed_dose,2,line_hop,0.2,18,Powder,19.955408096313477,0.4547127521442495,19.583467483520508,0.31494661921708184,0.028765058000317367
unet,fixed_dose,2,line_hop,0.2,19,Tips,25.69976806640625,0.7910856008766631,25.486896514892578,0.31494661921708184,0.020777503999852343
unet,fixed_dose,2,line_hop,0.2,20,Biological,23.951271057128906,0.578516437168283,23.59646987915039,0.31494661921708184,0.02738224899985653
unet,fixed_dose,2,line_hop,0.2,21,Fibres,22.688419342041016,0.6056993297983627,22.364242553710938,0.31494661921708184,0.02889379999942321
unet,fixed_dose,2,line_hop,0.2,22,Films_Coated_Surface,13.886404037475586,0.4101235747787549,13.26819896697998,0.31494661921708184,0.024089866999929654
unet,fixed_dose,2,line_hop,0.2,23,MEMS_devices_and_electrodes,25.709781646728516,0.3875139082889291,25.613956451416016,0.31494661921708184,0.028793929999665124
unet,fixed_dose,2,line_hop,0.2,24,Nanowires,13.861932754516602,0.2439707318526842,13.314417839050293,0.31494661921708184,0.027025841000067885
unet,fixed_dose,2,line_hop,0.2,25,Particles,32.3849983215332,0.6470405666643017,32.35076904296875,0.31494661921708184,0.02469628700055182
unet,fixed_dose,2,line_hop,0.2,26,Patterned_surface,18.901992797851562,0.3362321219333352,18.49143409729004,0.31494661921708184,0.028870883000308822
unet,fixed_dose,2,line_hop,0.2,27,Porous_Sponge,23.51775360107422,0.3421675224026309,23.3194580078125,0.31494661921708184,0.030185141999936604
unet,fixed_dose,2,line_hop,0.2,28,Powder,22.083724975585938,0.5437368160452652,21.676189422607422,0.31494661921708184,0.023223269000482105
unet,fixed_dose,2,line_hop,0.2,29,Tips,37.85939025878906,0.9720894363732329,37.63362121582031,0.31494661921708184,0.028585629000190238
unet,fixed_dose,2,line_hop,0.2,30,Biological,26.372116088867188,0.36183972059853453,26.313262939453125,0.31494661921708184,0.027494580999700702
unet,fixed_dose,2,line_hop,0.2,31,Fibres,33.36601638793945,0.7498451685230254,33.34568405151367,0.31494661921708184,0.022757835000447812
unet,fixed_dose,2,line_hop,0.2,32,Films_Coated_Surface,23.43039321899414,0.37091298789582244,23.26446533203125,0.31494661921708184,0.029367359999923792
unet,fixed_dose,2,line_hop,0.2,33,MEMS_devices_and_electrodes,24.151687622070312,0.6258373077170334,23.67151641845703,0.31494661921708184,0.029881260999900405
unet,fixed_dose,2,line_hop,0.2,34,Nanowires,26.3778018951416,0.6758946008047001,26.029308319091797,0.31494661921708184,0.023086009000508056
unet,fixed_dose,2,line_hop,0.2,35,Particles,30.943042755126953,0.8241073659924879,30.78211784362793,0.31494661921708184,0.02969590500015329
unet,fixed_dose,2,line_hop,0.2,36,Patterned_surface,29.77235984802246,0.870712067897263,29.24241828918457,0.31494661921708184,0.029185518000304
unet,fixed_dose,2,line_hop,0.2,37,Porous_Sponge,16.177227020263672,0.44396439295714984,15.709447860717773,0.31494661921708184,0.024199137999858067
unet,fixed_dose,2,line_hop,0.2,38,Powder,21.021160125732422,0.32732633901301644,20.696884155273438,0.31494661921708184,0.02902051900036895
unet,fixed_dose,2,line_hop,0.2,39,Tips,35.178955078125,0.8646930927672707,35.09403991699219,0.31494661921708184,0.028920830999595637
unet,fixed_dose,2,line_hop,0.2,40,Biological,21.89826011657715,0.41529334300161347,21.675565719604492,0.31494661921708184,0.024181308000152058
unet,fixed_dose,2,line_hop,0.2,41,Fibres,28.335323333740234,0.7609294142930898,28.108835220336914,0.31494661921708184,0.02795172999958595
unet,fixed_dose,2,line_hop,0.2,42,Films_Coated_Surface,26.137466430664062,0.4136252721073378,26.01703643798828,0.31494661921708184,0.02891979200012429
unet,fixed_dose,2,line_hop,0.2,43,MEMS_devices_and_electrodes,21.94178581237793,0.28847093605685525,21.791250228881836,0.31494661921708184,0.023611368000274524
unet,fixed_dose,2,line_hop,0.2,44,Nanowires,23.17279052734375,0.4013276816861554,22.99764633178711,0.31494661921708184,0.028975074000300083
unet,fixed_dose,2,line_hop,0.2,45,Particles,34.906150817871094,0.9498176748984345,34.827850341796875,0.31494661921708184,0.029691456999898946
unet,fixed_dose,2,line_hop,0.2,46,Patterned_surface,27.53430938720703,0.5740716109447077,27.40095329284668,0.31494661921708184,0.02629319200059399
unet,fixed_dose,2,line_hop,0.2,47,Porous_Sponge,23.045948028564453,0.45640083933182896,22.69036102294922,0.31494661921708184,0.027792863999820838
unet,fixed_dose,2,line_hop,0.2,48,Powder,24.06134796142578,0.47022601670212105,23.848735809326172,0.31494661921708184,0.030054186000597838
unet,fixed_dose,2,line_hop,0.2,49,Tips,18.629608154296875,0.2319869373884821,18.40106773376465,0.31494661921708184,0.026087220999215788
unet,fixed_dose,2,line_hop,0.2,50,Biological,24.317476272583008,0.2839999138880805,24.217252731323242,0.31494661921708184,0.02693267599988758
unet,fixed_dose,2,line_hop,0.2,51,Fibres,30.616588592529297,0.7021209680521149,30.58840560913086,0.31494661921708184,0.029701166999984707
unet,fixed_dose,2,line_hop,0.2,52,Films_Coated_Surface,16.4986572265625,0.5148999220639675,15.95667839050293,0.31494661921708184,0.026631564000126673
unet,fixed_dose,2,line_hop,0.2,53,MEMS_devices_and_electrodes,33.976531982421875,0.8995182535089108,33.63579177856445,0.31494661921708184,0.02772447099960118
unet,fixed_dose,2,line_hop,0.2,54,Nanowires,29.867996215820312,0.7411440664251308,29.73637580871582,0.31494661921708184,0.02941534900037368
unet,fixed_dose,2,line_hop,0.2,55,Particles,26.90598487854004,0.40411133678052075,26.789928436279297,0.31494661921708184,0.023289282999940042
unet,fixed_dose,2,line_hop,0.2,56,Patterned_surface,22.753490447998047,0.5534769281528349,22.426929473876953,0.31494661921708184,0.029650473999936366
unet,fixed_dose,2,line_hop,0.2,57,Porous_Sponge,21.26350212097168,0.4327400806298751,20.92349624633789,0.31494661921708184,0.029339988000174344
unet,fixed_dose,2,line_hop,0.2,58,Powder,19.10797882080078,0.26454257224936933,18.92088508605957,0.31494661921708184,0.02143058399997244
unet,fixed_dose,2,line_hop,0.2,59,Tips,34.782005310058594,0.8454750264880166,34.75946807861328,0.31494661921708184,0.029409693000161496
unet,fixed_dose,2,line_hop,0.2,60,Biological,28.033519744873047,0.4948968054730447,27.966650009155273,0.31494661921708184,0.028865575999589055
unet,fixed_dose,2,line_hop,0.2,61,Fibres,32.435523986816406,0.8040614092683123,32.319313049316406,0.31494661921708184,0.02372036399992794
unet,fixed_dose,2,line_hop,0.2,62,Films_Coated_Surface,17.462003707885742,0.41854403142439106,16.965129852294922,0.31494661921708184,0.027189827999791305
unet,fixed_dose,2,line_hop,0.2,63,MEMS_devices_and_electrodes,21.464191436767578,0.5620938067340459,21.020795822143555,0.31494661921708184,0.02894846500021231
unet,fixed_dose,2,line_hop,0.2,64,Nanowires,39.618011474609375,0.9312110286663513,39.54120635986328,0.31494661921708184,0.025721775999954843
unet,fixed_dose,2,line_hop,0.2,65,Particles,35.268585205078125,0.8935430299031395,35.22489929199219,0.31494661921708184,0.029341242000555212
unet,fixed_dose,2,line_hop,0.2,66,Patterned_surface,18.873537063598633,0.6977691956865929,18.66421890258789,0.31494661921708184,0.027819195999654767
unet,fixed_dose,2,line_hop,0.2,67,Porous_Sponge,17.866838455200195,0.5017127054993922,17.336864471435547,0.31494661921708184,0.025144324999928358
unet,fixed_dose,2,line_hop,0.2,68,Powder,21.644582748413086,0.5003895362519907,21.329273223876953,0.31494661921708184,0.02871001199946477
unet,fixed_dose,2,line_hop,0.2,69,Tips,35.007110595703125,0.8768543744307347,34.87472152709961,0.31494661921708184,0.023485957000048074
unet,fixed_dose,2,line_hop,0.2,70,Biological,23.92091941833496,0.3196101572473441,23.764514923095703,0.31494661921708184,0.02880859899960342
unet,fixed_dose,2,line_hop,0.2,71,Fibres,29.38166618347168,0.7052926408459893,29.334871292114258,0.31494661921708184,0.027928063000217662
unet,fixed_dose,2,line_hop,0.2,72,Films_Coated_Surface,20.928213119506836,0.6659764592106622,20.352384567260742,0.31494661921708184,0.02590523500020936
unet,fixed_dose,2,line_hop,0.2,73,MEMS_devices_and_electrodes,23.741249084472656,0.6580393059178596,23.457561492919922,0.31494661921708184,0.02771847800067917
unet,fixed_dose,2,line_hop,0.2,74,Nanowires,35.57036209106445,0.8413382573951587,35.51553726196289,0.31494661921708184,0.028296015999330848
unet,fixed_dose,2,line_hop,0.2,75,Particles,33.58482360839844,0.885554855642784,33.379695892333984,0.31494661921708184,0.026341525000134425
unet,fixed_dose,2,line_hop,0.2,76,Patterned_surface,21.701210021972656,0.6893735966757509,21.149402618408203,0.31494661921708184,0.02784054499988997
unet,fixed_dose,2,line_hop,0.2,77,Porous_Sponge,21.01109504699707,0.4717494495517438,20.532434463500977,0.31494661921708184,0.030200120000699826
unet,fixed_dose,2,line_hop,0.2,78,Powder,22.379751205444336,0.5374916664291244,22.03801727294922,0.31494661921708184,0.027907172000595892
unet,fixed_dose,2,line_hop,0.2,79,Tips,27.436607360839844,0.4513645645313572,27.40595245361328,0.31494661921708184,0.02530584899977839
unet,fixed_dose,2,line_hop,0.2,80,Biological,29.075763702392578,0.4944659895043436,29.04187774658203,0.31494661921708184,0.0282485670004462
unet,fixed_dose,2,line_hop,0.2,81,Fibres,31.079166412353516,0.6688060924821736,31.062149047851562,0.31494661921708184,0.02346311000019341
unet,fixed_dose,2,line_hop,0.2,82,Films_Coated_Surface,21.276357650756836,0.5976347241265746,20.79564094543457,0.31494661921708184,0.027274871000372514
unet,fixed_dose,2,line_hop,0.2,83,MEMS_devices_and_electrodes,21.76468849182129,0.4619896296134346,21.479660034179688,0.31494661921708184,0.028936239999893587
unet,fixed_dose,2,line_hop,0.2,84,Nanowires,37.04261016845703,0.9670378797290214,36.945091247558594,0.31494661921708184,0.02132333200006542
unet,fixed_dose,2,line_hop,0.2,85,Particles,22.196996688842773,0.49543520493475274,21.733701705932617,0.31494661921708184,0.02873453000029258
unet,fixed_dose,2,line_hop,0.2,86,Patterned_surface,29.473045349121094,0.8336658651505483,28.988204956054688,0.31494661921708184,0.027821349000078044
unet,fixed_dose,2,line_hop,0.2,87,Porous_Sponge,21.300582885742188,0.47129433001256166,20.90376853942871,0.31494661921708184,0.033012538000548375
unet,fixed_dose,2,line_hop,0.2,88,Powder,24.785816192626953,0.701594603610264,24.485782623291016,0.31494661921708184,0.028716670999529015
unet,fixed_dose,2,line_hop,0.2,89,Tips,27.734821319580078,0.42286749992329564,27.72728729248047,0.31494661921708184,0.027480222000122012
unet,fixed_dose,2,line_hop,0.2,90,Biological,28.705703735351562,0.474347142058943,28.651906967163086,0.31494661921708184,0.02753296999981103
unet,fixed_dose,2,line_hop,0.2,91,Fibres,31.388721466064453,0.8116077302486611,31.2783260345459,0.31494661921708184,0.019749039000089397
unet,fixed_dose,2,line_hop,0.2,92,Films_Coated_Surface,22.609844207763672,0.42403186314843405,22.359085083007812,0.31494661921708184,0.029119277999598125
unet,fixed_dose,2,line_hop,0.2,93,MEMS_devices_and_electrodes,28.036182403564453,0.7915153016396443,27.743757247924805,0.31494661921708184,0.027481568000439438
unet,fixed_dose,2,line_hop,0.2,94,Nanowires,13.482073783874512,0.5384615624041923,12.786453247070312,0.31494661921708184,0.02010788900042826
unet,fixed_dose,2,line_hop,0.2,95,Particles,26.90899085998535,0.5772900758118078,26.36072540283203,0.31494661921708184,0.027034529999582446
unet,fixed_dose,2,line_hop,0.2,96,Patterned_surface,23.81130027770996,0.47607677142062,23.485702514648438,0.31494661921708184,0.029180099000768678
unet,fixed_dose,2,line_hop,0.2,97,Porous_Sponge,23.951297760009766,0.5616160833919643,23.714311599731445,0.31494661921708184,0.01831553499960137
unet,fixed_dose,2,line_hop,0.2,98,Powder,30.258054733276367,0.8554325779767257,30.056873321533203,0.31494661921708184,0.03005128600034368
unet,fixed_dose,2,line_hop,0.2,99,Tips,30.683698654174805,0.6860615158510858,30.65067481994629,0.31494661921708184,0.03007911900022009
unet,fixed_dose,2,line_hop,0.3,0,Biological,23.92656135559082,0.35015424522501726,23.76647186279297,0.44306049822064064,0.030335372000081406
unet,fixed_dose,2,line_hop,0.3,1,Fibres,22.779277801513672,0.5612547407649846,22.506980895996094,0.44306049822064064,0.029726316999585833
unet,fixed_dose,2,line_hop,0.3,2,Films_Coated_Surface,24.112777709960938,0.4125029472686953,23.896100997924805,0.44306049822064064,0.029086445999382704
unet,fixed_dose,2,line_hop,0.3,3,MEMS_devices_and_electrodes,24.687030792236328,0.3281317156016403,24.4724178314209,0.44306049822064064,0.028618788000130735
unet,fixed_dose,2,line_hop,0.3,4,Nanowires,18.82877540588379,0.6163238154902453,17.977611541748047,0.44306049822064064,0.02008543100055249
unet,fixed_dose,2,line_hop,0.3,5,Particles,18.017621994018555,0.3383130062313092,17.40848159790039,0.44306049822064064,0.02899660999992193
unet,fixed_dose,2,line_hop,0.3,6,Patterned_surface,24.393651962280273,0.4968481948802491,24.00726318359375,0.44306049822064064,0.02793693399962649
unet,fixed_dose,2,line_hop,0.3,7,Porous_Sponge,23.323347091674805,0.457887182978038,23.0245361328125,0.44306049822064064,0.028832023000177287
unet,fixed_dose,2,line_hop,0.3,8,Powder,18.58655548095703,0.33607168902648443,18.233583450317383,0.44306049822064064,0.02950600999974995
unet,fixed_dose,2,line_hop,0.3,9,Tips,32.86635971069336,0.9083463906906899,32.722816467285156,0.44306049822064064,0.02274965800006612
unet,fixed_dose,2,line_hop,0.3,10,Biological,26.919963836669922,0.40281037489239047,26.847766876220703,0.44306049822064064,0.027131658000143943
unet,fixed_dose,2,line_hop,0.3,11,Fibres,27.145915985107422,0.6919242377341996,26.821958541870117,0.44306049822064064,0.029498966000574
unet,fixed_dose,2,line_hop,0.3,12,Films_Coated_Surface,25.84758758544922,0.41461145993703213,25.699588775634766,0.44306049822064064,0.021805160000440083
unet,fixed_dose,2,line_hop,0.3,13,MEMS_devices_and_electrodes,25.520639419555664,0.3700596391095131,25.38872718811035,0.44306049822064064,0.026723289000074146
unet,fixed_dose,2,line_hop,0.3,14,Nanowires,14.646757125854492,0.5071970421663696,13.792718887329102,0.44306049822064064,0.030125490000500577
unet,fixed_dose,2,line_hop,0.3,15,Particles,37.42285919189453,0.9207925242038884,37.35486602783203,0.44306049822064064,0.027726833000087936
unet,fixed_dose,2,line_hop,0.3,16,Patterned_surface,21.7098445892334,0.6345329919859845,21.362703323364258,0.44306049822064064,0.02118943200002832
unet,fixed_dose,2,line_hop,0.3,17,Porous_Sponge,16.69906234741211,0.4862420092094805,15.921865463256836,0.44306049822064064,0.028750727999977244
unet,fixed_dose,2,line_hop,0.3,18,Powder,20.395057678222656,0.48136879163658797,19.975393295288086,0.44306049822064064,0.028264801000659645
unet,fixed_dose,2,line_hop,0.3,19,Tips,25.651966094970703,0.7856736122416238,25.44866180419922,0.44306049822064064,0.028735567999319755
unet,fixed_dose,2,line_hop,0.3,20,Biological,24.53647804260254,0.5866819369888402,24.125699996948242,0.44306049822064064,0.021639205000610673
unet,fixed_dose,2,line_hop,0.3,21,Fibres,23.035898208618164,0.6326700452821455,22.70261573791504,0.44306049822064064,0.030043098000533064
unet,fixed_dose,2,line_hop,0.3,22,Films_Coated_Surface,14.575881004333496,0.4729560401193581,13.72261905670166,0.44306049822064064,0.030093981000391068
unet,fixed_dose,2,line_hop,0.3,23,MEMS_devices_and_electrodes,25.77817726135254,0.3820895549442632,25.682998657226562,0.44306049822064064,0.02910984899972391
unet,fixed_dose,2,line_hop,0.3,24,Nanowires,14.15764331817627,0.2916222577258189,13.458881378173828,0.44306049822064064,0.02352860600058193
unet,fixed_dose,2,line_hop,0.3,25,Particles,32.15361785888672,0.6456422805066214,32.059818267822266,0.44306049822064064,0.025914173999808554
unet,fixed_dose,2,line_hop,0.3,26,Patterned_surface,19.22601890563965,0.3470496465263858,18.723949432373047,0.44306049822064064,0.029265877000398177
unet,fixed_dose,2,line_hop,0.3,27,Porous_Sponge,23.859874725341797,0.34507787782171695,23.719589233398438,0.44306049822064064,0.028931871999702707
unet,fixed_dose,2,line_hop,0.3,28,Powder,22.750883102416992,0.5745168533344678,22.357263565063477,0.44306049822064064,0.021202865000304882
unet,fixed_dose,2,line_hop,0.3,29,Tips,39.171390533447266,0.9704487544145527,39.249874114990234,0.44306049822064064,0.029755025000667956
unet,fixed_dose,2,line_hop,0.3,30,Biological,26.4838809967041,0.3642832993350599,26.413490295410156,0.44306049822064064,0.02783904199986864
unet,fixed_dose,2,line_hop,0.3,31,Fibres,33.150779724121094,0.7476688329952828,33.10832595825195,0.44306049822064064,0.029440139000143972
unet,fixed_dose,2,line_hop,0.3,32,Films_Coated_Surface,23.527584075927734,0.378759669083739,23.342010498046875,0.44306049822064064,0.021318484999937937
unet,fixed_dose,2,line_hop,0.3,33,MEMS_devices_and_electrodes,24.889026641845703,0.6339999167482518,24.40683364868164,0.44306049822064064,0.02857632600080251
unet,fixed_dose,2,line_hop,0.3,34,Nanowires,26.751157760620117,0.6920554481506692,26.361217498779297,0.44306049822064064,0.029823459999533952
unet,fixed_dose,2,line_hop,0.3,35,Particles,30.920705795288086,0.8224976771688985,30.782665252685547,0.44306049822064064,0.026386013999399438
unet,fixed_dose,2,line_hop,0.3,36,Patterned_surface,30.660751342773438,0.8750754433700247,30.000324249267578,0.44306049822064064,0.027457610000055865
unet,fixed_dose,2,line_hop,0.3,37,Porous_Sponge,16.67443084716797,0.4600601747832364,16.190895080566406,0.44306049822064064,0.029866816999856383
unet,fixed_dose,2,line_hop,0.3,38,Powder,21.379920959472656,0.33667617509042036,21.045230865478516,0.44306049822064064,0.02928691700071795
unet,fixed_dose,2,line_hop,0.3,39,Tips,35.32511901855469,0.8637229087097388,35.191856384277344,0.44306049822064064,0.020636524000110512
unet,fixed_dose,2,line_hop,0.3,40,Biological,22.133014678955078,0.42357137231606357,21.880693435668945,0.44306049822064064,0.029901814999902854
unet,fixed_dose,2,line_hop,0.3,41,Fibres,28.597843170166016,0.7623255751409574,28.430553436279297,0.44306049822064064,0.027544824999495177
unet,fixed_dose,2,line_hop,0.3,42,Films_Coated_Surface,26.197711944580078,0.41336084467954415,26.085281372070312,0.44306049822064064,0.023443474000487186
unet,fixed_dose,2,line_hop,0.3,43,MEMS_devices_and_electrodes,22.25347137451172,0.300993956222595,22.159908294677734,0.44306049822064064,0.02922334499999124
unet,fixed_dose,2,line_hop,0.3,44,Nanowires,23.295089721679688,0.4017876574593012,23.10837173461914,0.44306049822064064,0.02945566200014582
unet,fixed_dose,2,line_hop,0.3,45,Particles,35.282649993896484,0.9468654524557182,35.059906005859375,0.44306049822064064,0.029542043000219564
unet,fixed_dose,2,line_hop,0.3,46,Patterned_surface,27.590721130371094,0.5780591518596806,27.457944869995117,0.44306049822064064,0.01946853900062706
unet,fixed_dose,2,line_hop,0.3,47,Porous_Sponge,23.40637969970703,0.4674673157599558,23.06028175354004,0.44306049822064064,0.027729338999961328
unet,fixed_dose,2,line_hop,0.3,48,Powder,24.287397384643555,0.47722756559182433,24.083786010742188,0.44306049822064064,0.028735828999742807
unet,fixed_dose,2,line_hop,0.3,49,Tips,18.756319046020508,0.21797514921643085,18.554912567138672,0.44306049822064064,0.02513995499975863
unet,fixed_dose,2,line_hop,0.3,50,Biological,24.409175872802734,0.2917598325045719,24.27411651611328,0.44306049822064064,0.02562410899918177
unet,fixed_dose,2,line_hop,0.3,51,Fibres,30.592641830444336,0.7019064716895707,30.535594940185547,0.44306049822064064,0.02961103699999512
unet,fixed_dose,2,line_hop,0.3,52,Films_Coated_Surface,17.137428283691406,0.5695099466853953,16.46379280090332,0.44306049822064064,0.02991622199988342
unet,fixed_dose,2,line_hop,0.3,53,MEMS_devices_and_electrodes,34.82173156738281,0.8875640818776986,34.8303108215332,0.44306049822064064,0.02355916599935881
unet,fixed_dose,2,line_hop,0.3,54,Nanowires,30.07245635986328,0.7391500379375556,29.86600112915039,0.44306049822064064,0.025401077999958943
unet,fixed_dose,2,line_hop,0.3,55,Particles,26.930315017700195,0.4036425127172671,26.81973648071289,0.44306049822064064,0.02951491400017403
unet,fixed_dose,2,line_hop,0.3,56,Patterned_surface,23.160884857177734,0.5609274223233267,22.781543731689453,0.44306049822064064,0.0288652089993775
unet,fixed_dose,2,line_hop,0.3,57,Porous_Sponge,21.62728500366211,0.4412539548615927,21.221683502197266,0.44306049822064064,0.02605823399971996
unet,fixed_dose,2,line_hop,0.3,58,Powder,19.390666961669922,0.24207460632141897,19.060890197753906,0.44306049822064064,0.022993171000052826
unet,fixed_dose,2,line_hop,0.3,59,Tips,34.36974334716797,0.8423118608369742,34.365150451660156,0.44306049822064064,0.029626669000208494
unet,fixed_dose,2,line_hop,0.3,60,Biological,27.894773483276367,0.4906963388767256,27.84699249267578,0.44306049822064064,0.029522450000513345
unet,fixed_dose,2,line_hop,0.3,61,Fibres,32.435203552246094,0.8010909501509298,32.364593505859375,0.44306049822064064,0.0262641330000406
unet,fixed_dose,2,line_hop,0.3,62,Films_Coated_Surface,18.074718475341797,0.4571844676590224,17.461421966552734,0.44306049822064064,0.021125512000253366
unet,fixed_dose,2,line_hop,0.3,63,MEMS_devices_and_electrodes,21.819087982177734,0.56901730737962,21.310155868530273,0.44306049822064064,0.029756347000329697
unet,fixed_dose,2,line_hop,0.3,64,Nanowires,38.69551467895508,0.9279037860497256,38.648738861083984,0.44306049822064064,0.02786635699976614
unet,fixed_dose,2,line_hop,0.3,65,Particles,35.35640335083008,0.8914564424736123,35.3488655090332,0.44306049822064064,0.02531067699965206
unet,fixed_dose,2,line_hop,0.3,66,Patterned_surface,19.323078155517578,0.723236971432041,19.317934036254883,0.44306049822064064,0.022262640999542782
unet,fixed_dose,2,line_hop,0.3,67,Porous_Sponge,18.575538635253906,0.5385109824048521,17.949722290039062,0.44306049822064064,0.02971069599971088
unet,fixed_dose,2,line_hop,0.3,68,Powder,22.085166931152344,0.4984371502419047,21.77907943725586,0.44306049822064064,0.027464073999908578
unet,fixed_dose,2,line_hop,0.3,69,Tips,35.20094299316406,0.8756795574901329,35.128028869628906,0.44306049822064064,0.028568161000293912
unet,fixed_dose,2,line_hop,0.3,70,Biological,24.066661834716797,0.3173503991614384,23.899044036865234,0.44306049822064064,0.01848863400027767
unet,fixed_dose,2,line_hop,0.3,71,Fibres,29.22525405883789,0.7001657251251937,29.155834197998047,0.44306049822064064,0.02930118600033893
unet,fixed_dose,2,line_hop,0.3,72,Films_Coated_Surface,22.3194522857666,0.6868458068906703,21.670513153076172,0.44306049822064064,0.029572798000117473
unet,fixed_dose,2,line_hop,0.3,73,MEMS_devices_and_electrodes,23.98987579345703,0.662501840852659,23.62696075439453,0.44306049822064064,0.02856253200025094
unet,fixed_dose,2,line_hop,0.3,74,Nanowires,35.50563049316406,0.8403011177394388,35.43707275390625,0.44306049822064064,0.021065881000140507
unet,fixed_dose,2,line_hop,0.3,75,Particles,33.76776123046875,0.8832169449596782,33.666748046875,0.44306049822064064,0.028670605000115756
unet,fixed_dose,2,line_hop,0.3,76,Patterned_surface,22.591266632080078,0.6979269536171852,21.934619903564453,0.44306049822064064,0.029571144999863463
unet,fixed_dose,2,line_hop,0.3,77,Porous_Sponge,22.117176055908203,0.4913224216275423,21.642131805419922,0.44306049822064064,0.029208002999439486
unet,fixed_dose,2,line_hop,0.3,78,Powder,22.945764541625977,0.5557357377527036,22.583454132080078,0.44306049822064064,0.01893188400026702
unet,fixed_dose,2,line_hop,0.3,79,Tips,27.352964401245117,0.4488674334765151,27.2966365814209,0.44306049822064064,0.02828387399949861
unet,fixed_dose,2,line_hop,0.3,80,Biological,29.17251968383789,0.49297778938219666,29.079801559448242,0.44306049822064064,0.02770225499989465
unet,fixed_dose,2,line_hop,0.3,81,Fibres,31.081024169921875,0.6693464648835374,31.10016632080078,0.44306049822064064,0.02848940700005187
unet,fixed_dose,2,line_hop,0.3,82,Films_Coated_Surface,22.018672943115234,0.6163965123066869,21.42926025390625,0.44306049822064064,0.019152922999637667
unet,fixed_dose,2,line_hop,0.3,83,MEMS_devices_and_electrodes,22.126182556152344,0.4757217184145979,21.809478759765625,0.44306049822064064,0.02784901099948911
unet,fixed_dose,2,line_hop,0.3,84,Nanowires,37.47478103637695,0.9661276684388973,37.28247833251953,0.44306049822064064,0.029675951000172063
unet,fixed_dose,2,line_hop,0.3,85,Particles,23.155498504638672,0.5161502273172367,22.655807495117188,0.44306049822064064,0.029191476999585575
unet,fixed_dose,2,line_hop,0.3,86,Patterned_surface,29.764020919799805,0.8306987745583543,29.253551483154297,0.44306049822064064,0.02174700199975632
unet,fixed_dose,2,line_hop,0.3,87,Porous_Sponge,21.723115921020508,0.48083399174558744,21.30554962158203,0.44306049822064064,0.026822757000445563
unet,fixed_dose,2,line_hop,0.3,88,Powder,25.385875701904297,0.7183576199929608,25.133304595947266,0.44306049822064064,0.029357312000684033
unet,fixed_dose,2,line_hop,0.3,89,Tips,27.701833724975586,0.42240469241108447,27.693599700927734,0.44306049822064064,0.027589471000283083
unet,fixed_dose,2,line_hop,0.3,90,Biological,28.6767578125,0.470958228763248,28.60974884033203,0.44306049822064064,0.021372344000155863
unet,fixed_dose,2,line_hop,0.3,91,Fibres,31.12242889404297,0.8053945582470706,30.9823055267334,0.44306049822064064,0.02801801100031298
unet,fixed_dose,2,line_hop,0.3,92,Films_Coated_Surface,23.034809112548828,0.4382524124286421,22.787338256835938,0.44306049822064064,0.029300158999831183
unet,fixed_dose,2,line_hop,0.3,93,MEMS_devices_and_electrodes,28.57883644104004,0.7978015250114702,28.39273452758789,0.44306049822064064,0.028974240999559697
unet,fixed_dose,2,line_hop,0.3,94,Nanowires,14.566608428955078,0.6156442983668177,13.654475212097168,0.44306049822064064,0.023788276000232145
unet,fixed_dose,2,line_hop,0.3,95,Particles,27.52745819091797,0.58146433747599,26.835704803466797,0.44306049822064064,0.02886492699963128
unet,fixed_dose,2,line_hop,0.3,96,Patterned_surface,24.16828155517578,0.4852076712448587,23.791969299316406,0.44306049822064064,0.02888352300033148
unet,fixed_dose,2,line_hop,0.3,97,Porous_Sponge,24.448156356811523,0.577679235428987,24.2171688079834,0.44306049822064064,0.027950924999458948
unet,fixed_dose,2,line_hop,0.3,98,Powder,30.301359176635742,0.8557804767171074,30.047191619873047,0.44306049822064064,0.02660055199976341
unet,fixed_dose,2,line_hop,0.3,99,Tips,30.85585594177246,0.6882155825102191,30.852123260498047,0.44306049822064064,0.02537599199968099
