method,regime,dose,pattern,frac,image,category,psnr,ssim,psnr_unobserved,scan_time_rel,runtime_s
unet_uniform_only,fixed_dwell,20,uniform,0.05,0,Biological,23.21407699584961,0.28629998620230845,23.18251609802246,0.34190808496441283,0.5331153329998415
unet_uniform_only,fixed_dwell,20,uniform,0.05,1,Fibres,21.0718994140625,0.41103473606488766,21.011306762695312,0.3418733318505338,0.028940993000105664
unet_uniform_only,fixed_dwell,20,uniform,0.05,2,Films_Coated_Surface,23.280941009521484,0.364016279401312,23.245851516723633,0.3417690725088968,0.028783891000784934
unet_uniform_only,fixed_dwell,20,uniform,0.05,3,MEMS_devices_and_electrodes,24.07575225830078,0.27607614446657647,24.021947860717773,0.3424988879003559,0.02430795300006139
unet_uniform_only,fixed_dwell,20,uniform,0.05,4,Nanowires,17.04708480834961,0.41510744184570036,16.8851261138916,0.3418385787366548,0.022447059999649355
unet_uniform_only,fixed_dwell,20,uniform,0.05,5,Particles,17.02036476135254,0.23969067901212945,16.99867057800293,0.3428637955960854,0.027768041999479465
unet_uniform_only,fixed_dwell,20,uniform,0.05,6,Patterned_surface,23.479433059692383,0.45792219796801725,23.431766510009766,0.3418038256227758,0.0288580179994824
unet_uniform_only,fixed_dwell,20,uniform,0.05,7,Porous_Sponge,22.24645233154297,0.3946802432136766,22.186813354492188,0.3416995662811388,0.027826798999740276
unet_uniform_only,fixed_dwell,20,uniform,0.05,8,Powder,17.726179122924805,0.2729069322595365,17.62250518798828,0.3426205237989324,0.01786384699971677
unet_uniform_only,fixed_dwell,20,uniform,0.05,9,Tips,31.362117767333984,0.9039242910383223,31.302440643310547,0.3418212021797153,0.027611657999841555
unet_uniform_only,fixed_dwell,20,uniform,0.05,10,Biological,26.437158584594727,0.3871640828418487,26.40607452392578,0.3429159252669039,0.028579445000104897
unet_uniform_only,fixed_dwell,20,uniform,0.05,11,Fibres,25.31702995300293,0.6481433309795879,25.267963409423828,0.34216873331850534,0.02789182400010759
unet_uniform_only,fixed_dwell,20,uniform,0.05,12,Films_Coated_Surface,25.30526351928711,0.3748035551903737,25.28341293334961,0.34190808496441283,0.029011478000029456
unet_uniform_only,fixed_dwell,20,uniform,0.05,13,MEMS_devices_and_electrodes,25.13179588317871,0.3191918621897324,25.08211326599121,0.3421166036476868,0.019062059999669145
unet_uniform_only,fixed_dwell,20,uniform,0.05,14,Nanowires,13.440962791442871,0.266021033654564,13.276548385620117,0.34202972086298933,0.02578292500038515
unet_uniform_only,fixed_dwell,20,uniform,0.05,15,Particles,36.134483337402344,0.9201234630330943,36.1447868347168,0.34216873331850534,0.028763138999238436
unet_uniform_only,fixed_dwell,20,uniform,0.05,16,Patterned_surface,19.848011016845703,0.3984274495226823,19.808481216430664,0.3416821897241993,0.029408276999674854
unet_uniform_only,fixed_dwell,20,uniform,0.05,17,Porous_Sponge,14.710397720336914,0.3482783502530711,14.555171966552734,0.34220348643238435,0.028556542999467638
unet_uniform_only,fixed_dwell,20,uniform,0.05,18,Powder,19.36501121520996,0.3689509570539514,19.298011779785156,0.34216873331850534,0.021434737999697973
unet_uniform_only,fixed_dwell,20,uniform,0.05,19,Tips,24.939247131347656,0.7597327314033465,24.895639419555664,0.34140416481316727,0.024052957999629143
unet_uniform_only,fixed_dwell,20,uniform,0.05,20,Biological,23.178821563720703,0.5502301462126891,23.123151779174805,0.3417343193950178,0.027767892999690957
unet_uniform_only,fixed_dwell,20,uniform,0.05,21,Fibres,21.197710037231445,0.45784048043472325,21.14862060546875,0.34208185053380785,0.028918162000081793
unet_uniform_only,fixed_dwell,20,uniform,0.05,22,Films_Coated_Surface,13.186373710632324,0.2814735014262072,13.034647941589355,0.3418212021797153,0.02951425199989899
unet_uniform_only,fixed_dwell,20,uniform,0.05,23,MEMS_devices_and_electrodes,25.1455020904541,0.3645748470078964,25.110204696655273,0.34178644906583633,0.026393170999654103
unet_uniform_only,fixed_dwell,20,uniform,0.05,24,Nanowires,13.764055252075195,0.08854540157713826,13.651886940002441,0.3423772520017793,0.021065623000140477
unet_uniform_only,fixed_dwell,20,uniform,0.05,25,Particles,31.644695281982422,0.6432715327485624,31.62175941467285,0.34216873331850534,0.02968647699981375
unet_uniform_only,fixed_dwell,20,uniform,0.05,26,Patterned_surface,18.381885528564453,0.2724864508244973,18.27375602722168,0.3429506783807829,0.028645544999562844
unet_uniform_only,fixed_dwell,20,uniform,0.05,27,Porous_Sponge,23.197343826293945,0.32689729482848895,23.16613006591797,0.3419775911921708,0.02847509799994441
unet_uniform_only,fixed_dwell,20,uniform,0.05,28,Powder,21.67190170288086,0.4855977043555609,21.614343643188477,0.34222086298932386,0.028442076999454002
unet_uniform_only,fixed_dwell,20,uniform,0.05,29,Tips,36.476539611816406,0.9614832265589666,36.49093246459961,0.3418212021797153,0.021673964000001433
unet_uniform_only,fixed_dwell,20,uniform,0.05,30,Biological,26.0886287689209,0.3533130706225634,26.068716049194336,0.3424120051156584,0.025039520999598608
unet_uniform_only,fixed_dwell,20,uniform,0.05,31,Fibres,32.532081604003906,0.7462135758578906,32.55031204223633,0.34258577068505336,0.02722157900007005
unet_uniform_only,fixed_dwell,20,uniform,0.05,32,Films_Coated_Surface,22.915931701660156,0.300028373201649,22.889293670654297,0.3422556161032028,0.02884474999973463
unet_uniform_only,fixed_dwell,20,uniform,0.05,33,MEMS_devices_and_electrodes,23.61588478088379,0.6065225333537201,23.50428009033203,0.3418733318505338,0.029050255999209185
unet_uniform_only,fixed_dwell,20,uniform,0.05,34,Nanowires,25.02439308166504,0.5995136648536882,24.969463348388672,0.34275953625444844,0.02145553300033498
unet_uniform_only,fixed_dwell,20,uniform,0.05,35,Particles,29.20659637451172,0.8117268010202221,29.16776466369629,0.34138678825622776,0.025236825999854773
unet_uniform_only,fixed_dwell,20,uniform,0.05,36,Patterned_surface,29.245088577270508,0.8529224289980397,29.177989959716797,0.34215135676156583,0.028917275999447156
unet_uniform_only,fixed_dwell,20,uniform,0.05,37,Porous_Sponge,15.678391456604004,0.35202774684725424,15.578929901123047,0.3418038256227758,0.02882131600017601
unet_uniform_only,fixed_dwell,20,uniform,0.05,38,Powder,20.597991943359375,0.2795715871472256,20.526241302490234,0.34152580071174377,0.028717111999867484
unet_uniform_only,fixed_dwell,20,uniform,0.05,39,Tips,33.98970031738281,0.8607612058283911,33.98765182495117,0.34234249888790036,0.021453308000673132
unet_uniform_only,fixed_dwell,20,uniform,0.05,40,Biological,21.30620002746582,0.3516286760379109,21.26213264465332,0.3429680549377224,0.025258364000364963
unet_uniform_only,fixed_dwell,20,uniform,0.05,41,Fibres,25.65593910217285,0.7114518981874126,25.624361038208008,0.3417169428380783,0.02777796599912108
unet_uniform_only,fixed_dwell,20,uniform,0.05,42,Films_Coated_Surface,25.764558792114258,0.39510932814145056,25.74890899658203,0.3423946285587189,0.02910363800037885
unet_uniform_only,fixed_dwell,20,uniform,0.05,43,MEMS_devices_and_electrodes,21.75244903564453,0.23939157036877612,21.679658889770508,0.34248151134341637,0.02956196499962971
unet_uniform_only,fixed_dwell,20,uniform,0.05,44,Nanowires,22.32862091064453,0.3655093375292155,22.278165817260742,0.34126515235765126,0.02367036499981623
unet_uniform_only,fixed_dwell,20,uniform,0.05,45,Particles,32.63478469848633,0.9399408027537665,32.63702392578125,0.34275953625444844,0.02182992699999886
unet_uniform_only,fixed_dwell,20,uniform,0.05,46,Patterned_surface,27.079853057861328,0.5637473057567692,27.04998207092285,0.3426900300266904,0.02856448999955319
unet_uniform_only,fixed_dwell,20,uniform,0.05,47,Porous_Sponge,22.494773864746094,0.41270030922275536,22.428741455078125,0.3428116659252669,0.027510113999596797
unet_uniform_only,fixed_dwell,20,uniform,0.05,48,Powder,23.223709106445312,0.43148094274562326,23.191390991210938,0.3419775911921708,0.027222658000027877
unet_uniform_only,fixed_dwell,20,uniform,0.05,49,Tips,18.077960968017578,0.1770254037990621,17.999069213867188,0.3426726534697509,0.02787211700069747
unet_uniform_only,fixed_dwell,20,uniform,0.05,50,Biological,23.946706771850586,0.2631886829690349,23.920602798461914,0.3418212021797153,0.017659144999925047
unet_uniform_only,fixed_dwell,20,uniform,0.05,51,Fibres,29.27339744567871,0.6832229976437346,29.266258239746094,0.34136941169928825,0.028411606999725336
unet_uniform_only,fixed_dwell,20,uniform,0.05,52,Films_Coated_Surface,15.711795806884766,0.4187762899222665,15.595720291137695,0.34242938167259784,0.02871290199982468
unet_uniform_only,fixed_dwell,20,uniform,0.05,53,MEMS_devices_and_electrodes,32.19821548461914,0.8850175646928395,32.15730285644531,0.34246413478647686,0.02730299599988939
unet_uniform_only,fixed_dwell,20,uniform,0.05,54,Nanowires,28.25556182861328,0.7155316016226866,28.225933074951172,0.34244675822953735,0.023738584999591694
unet_uniform_only,fixed_dwell,20,uniform,0.05,55,Particles,26.426162719726562,0.3946109427951261,26.398828506469727,0.34218610987544484,0.022571145000256365
unet_uniform_only,fixed_dwell,20,uniform,0.05,56,Patterned_surface,21.503591537475586,0.4598855819671108,21.436969757080078,0.3421166036476868,0.02857499000037933
unet_uniform_only,fixed_dwell,20,uniform,0.05,57,Porous_Sponge,20.53445053100586,0.39267519535079315,20.443206787109375,0.34232512233096085,0.027562416999899142
unet_uniform_only,fixed_dwell,20,uniform,0.05,58,Powder,18.969690322875977,0.08946280059901685,18.940040588378906,0.3418385787366548,0.028402973000083875
unet_uniform_only,fixed_dwell,20,uniform,0.05,59,Tips,31.976154327392578,0.8292692936402565,31.96829605102539,0.3419602146352313,0.0259342489998744
unet_uniform_only,fixed_dwell,20,uniform,0.05,60,Biological,27.44807243347168,0.48302665200292827,27.42103385925293,0.34230774577402134,0.020024313000249094
unet_uniform_only,fixed_dwell,20,uniform,0.05,61,Fibres,31.244108200073242,0.7873804732189642,31.227176666259766,0.3418385787366548,0.029321602999516472
unet_uniform_only,fixed_dwell,20,uniform,0.05,62,Films_Coated_Surface,16.824222564697266,0.3351013121568531,16.720569610595703,0.34190808496441283,0.028841889000432275
unet_uniform_only,fixed_dwell,20,uniform,0.05,63,MEMS_devices_and_electrodes,20.671062469482422,0.504371970057492,20.57664680480957,0.34218610987544484,0.02920322899990424
unet_uniform_only,fixed_dwell,20,uniform,0.05,64,Nanowires,37.47052001953125,0.9252710172169102,37.48503875732422,0.34202972086298933,0.023782930999914242
unet_uniform_only,fixed_dwell,20,uniform,0.05,65,Particles,34.64012908935547,0.8901953810473721,34.644283294677734,0.3419602146352313,0.02447268299965799
unet_uniform_only,fixed_dwell,20,uniform,0.05,66,Patterned_surface,17.06473159790039,0.5166982232153399,16.928752899169922,0.3411956461298932,0.022445459999289596
unet_uniform_only,fixed_dwell,20,uniform,0.05,67,Porous_Sponge,17.21010971069336,0.4227528033002059,17.081417083740234,0.3418038256227758,0.029005643999880704
unet_uniform_only,fixed_dwell,20,uniform,0.05,68,Powder,20.955547332763672,0.4537712411134684,20.889509201049805,0.3419949677491103,0.02893987399966136
unet_uniform_only,fixed_dwell,20,uniform,0.05,69,Tips,33.031455993652344,0.8680481210582631,33.010475158691406,0.34302018460854095,0.0300989950001167
unet_uniform_only,fixed_dwell,20,uniform,0.05,70,Biological,23.538211822509766,0.2775054671643222,23.503969192504883,0.3420123443060498,0.029860343000109424
unet_uniform_only,fixed_dwell,20,uniform,0.05,71,Fibres,27.567272186279297,0.6720307066663593,27.552574157714844,0.3418212021797153,0.026358809999692312
unet_uniform_only,fixed_dwell,20,uniform,0.05,72,Films_Coated_Surface,19.46947479248047,0.6081122844971727,19.345178604125977,0.3418559552935943,0.019440951999968092
unet_uniform_only,fixed_dwell,20,uniform,0.05,73,MEMS_devices_and_electrodes,22.88050651550293,0.6329038107667407,22.81102752685547,0.3428637955960854,0.028733639000165567
unet_uniform_only,fixed_dwell,20,uniform,0.05,74,Nanowires,34.00605392456055,0.8315248368475026,33.9639892578125,0.34136941169928825,0.02920419700058119
unet_uniform_only,fixed_dwell,20,uniform,0.05,75,Particles,30.89801025390625,0.8693050356900502,30.89010238647461,0.3429159252669039,0.028913930999806325
unet_uniform_only,fixed_dwell,20,uniform,0.05,76,Patterned_surface,20.9012451171875,0.6399079030711624,20.800445556640625,0.34190808496441283,0.029506804000448028
unet_uniform_only,fixed_dwell,20,uniform,0.05,77,Porous_Sponge,20.47856330871582,0.4246542251806223,20.384368896484375,0.3417690725088968,0.021480632000020705
unet_uniform_only,fixed_dwell,20,uniform,0.05,78,Powder,21.5645751953125,0.48275088762801355,21.507070541381836,0.34202972086298933,0.025115030000051775
unet_uniform_only,fixed_dwell,20,uniform,0.05,79,Tips,26.735061645507812,0.4408854532020027,26.726951599121094,0.3426900300266904,0.029225332000351045
unet_uniform_only,fixed_dwell,20,uniform,0.05,80,Biological,28.964025497436523,0.4904353139745327,28.950416564941406,0.34230774577402134,0.028923531999680563
unet_uniform_only,fixed_dwell,20,uniform,0.05,81,Fibres,30.556987762451172,0.6605749452503891,30.55354118347168,0.3419602146352313,0.02900739500000782
unet_uniform_only,fixed_dwell,20,uniform,0.05,82,Films_Coated_Surface,20.219417572021484,0.5567396470889028,20.120485305786133,0.3417343193950178,0.03073472199957905
unet_uniform_only,fixed_dwell,20,uniform,0.05,83,MEMS_devices_and_electrodes,21.044504165649414,0.4063960344295014,20.952539443969727,0.34208185053380785,0.023805787000128475
unet_uniform_only,fixed_dwell,20,uniform,0.05,84,Nanowires,36.304744720458984,0.963010501587746,36.317909240722656,0.3415431772686833,0.022851536000416672
unet_uniform_only,fixed_dwell,20,uniform,0.05,85,Particles,21.17669677734375,0.4478685802470755,21.101287841796875,0.34178644906583633,0.029151659000490326
unet_uniform_only,fixed_dwell,20,uniform,0.05,86,Patterned_surface,27.7872371673584,0.822296361502436,27.697172164916992,0.3418038256227758,0.02869713000018237
unet_uniform_only,fixed_dwell,20,uniform,0.05,87,Porous_Sponge,20.48908042907715,0.43638272900982134,20.39603042602539,0.3421339802046263,0.027201746000173443
unet_uniform_only,fixed_dwell,20,uniform,0.05,88,Powder,23.860153198242188,0.6652461607815274,23.829708099365234,0.34178644906583633,0.02419520500006911
unet_uniform_only,fixed_dwell,20,uniform,0.05,89,Tips,27.24022674560547,0.4176938874713708,27.222522735595703,0.34150842415480426,0.02148014999966108
unet_uniform_only,fixed_dwell,20,uniform,0.05,90,Biological,28.49027442932129,0.4675405811936932,28.481952667236328,0.34204709741992884,0.027292597999803547
unet_uniform_only,fixed_dwell,20,uniform,0.05,91,Fibres,29.52077865600586,0.795668192031759,29.510231018066406,0.3419949677491103,0.02868519900039246
unet_uniform_only,fixed_dwell,20,uniform,0.05,92,Films_Coated_Surface,22.065631866455078,0.35366557284762423,22.021329879760742,0.34190808496441283,0.028766890000042622
unet_uniform_only,fixed_dwell,20,uniform,0.05,93,MEMS_devices_and_electrodes,26.656877517700195,0.7657647740640278,26.62166976928711,0.34204709741992884,0.02745167700049933
unet_uniform_only,fixed_dwell,20,uniform,0.05,94,Nanowires,12.6493558883667,0.4192501597407953,12.48674201965332,0.3419949677491103,0.01768732100026682
unet_uniform_only,fixed_dwell,20,uniform,0.05,95,Particles,26.353599548339844,0.5681908666065763,26.24087905883789,0.3423946285587189,0.02719650100061699
unet_uniform_only,fixed_dwell,20,uniform,0.05,96,Patterned_surface,23.22891616821289,0.4312124607524903,23.170564651489258,0.3417169428380783,0.029702397000619385
unet_uniform_only,fixed_dwell,20,uniform,0.05,97,Porous_Sponge,23.30945587158203,0.45754570311326587,23.25948715209961,0.34312444395017794,0.028296669000155816
unet_uniform_only,fixed_dwell,20,uniform,0.05,98,Powder,29.11872673034668,0.8370510961818622,29.108699798583984,0.3416995662811388,0.029442872999425163
unet_uniform_only,fixed_dwell,20,uniform,0.05,99,Tips,29.836816787719727,0.6812496881156859,29.810321807861328,0.3418385787366548,0.026054300000396324
unet_uniform_only,fixed_dwell,20,uniform,0.1,0,Biological,23.758739471435547,0.3145518456676663,23.696977615356445,0.5814334964412812,0.01923282699954143
unet_uniform_only,fixed_dwell,20,uniform,0.1,1,Fibres,22.26909828186035,0.5001386268959672,22.159757614135742,0.5805125389234876,0.026059377999445132
unet_uniform_only,fixed_dwell,20,uniform,0.1,2,Films_Coated_Surface,24.178855895996094,0.4044368388749212,24.113067626953125,0.5808426935053381,0.029119588999492407
unet_uniform_only,fixed_dwell,20,uniform,0.1,3,MEMS_devices_and_electrodes,24.59137725830078,0.29811808189645517,24.477333068847656,0.5802518905693951,0.02885555699958786
unet_uniform_only,fixed_dwell,20,uniform,0.1,4,Nanowires,18.440128326416016,0.5727065513267013,18.139619827270508,0.5817984041370107,0.029556372000115516
unet_uniform_only,fixed_dwell,20,uniform,0.1,5,Particles,17.44353675842285,0.3037209735370746,17.322751998901367,0.5825282195284698,0.02893391999987216
unet_uniform_only,fixed_dwell,20,uniform,0.1,6,Patterned_surface,24.65723991394043,0.5006492261393717,24.572662353515625,0.5814856261120998,0.025214882999534893
unet_uniform_only,fixed_dwell,20,uniform,0.1,7,Porous_Sponge,23.355772018432617,0.45699071018653453,23.256807327270508,0.5822154415035588,0.018105828999978257
unet_uniform_only,fixed_dwell,20,uniform,0.1,8,Powder,18.45090103149414,0.3258051576069118,18.26275062561035,0.5802518905693951,0.02469659500002308
unet_uniform_only,fixed_dwell,20,uniform,0.1,9,Tips,32.465091705322266,0.908037268535027,32.37954330444336,0.5812944839857652,0.027540179999959946
unet_uniform_only,fixed_dwell,20,uniform,0.1,10,Biological,26.87303352355957,0.39720502067162083,26.84168243408203,0.5816246385676157,0.028630556000280194
unet_uniform_only,fixed_dwell,20,uniform,0.1,11,Fibres,27.0242977142334,0.6862520540975916,26.952842712402344,0.5816767682384343,0.028793389999918872
unet_uniform_only,fixed_dwell,20,uniform,0.1,12,Films_Coated_Surface,25.66946792602539,0.39701240655810405,25.612335205078125,0.5823892070729537,0.029294911999386386
unet_uniform_only,fixed_dwell,20,uniform,0.1,13,MEMS_devices_and_electrodes,25.444461822509766,0.33552724665239186,25.33885955810547,0.5812597308718862,0.025894587000038882
unet_uniform_only,fixed_dwell,20,uniform,0.1,14,Nanowires,14.147478103637695,0.4293784340655904,13.850821495056152,0.5791571674822065,0.01981668999997055
unet_uniform_only,fixed_dwell,20,uniform,0.1,15,Particles,37.696754455566406,0.922101970321619,37.71492004394531,0.5803213967971531,0.02412769000056869
unet_uniform_only,fixed_dwell,20,uniform,0.1,16,Patterned_surface,20.34143829345703,0.4567753282354076,20.28885841369629,0.5808600700622776,0.029098286000589724
unet_uniform_only,fixed_dwell,20,uniform,0.1,17,Porous_Sponge,16.31922149658203,0.4619145412068462,16.03850555419922,0.580668927935943,0.028679454000666738
unet_uniform_only,fixed_dwell,20,uniform,0.1,18,Powder,20.440326690673828,0.47675521158752676,20.331754684448242,0.5804082795818506,0.02851466399988567
unet_uniform_only,fixed_dwell,20,uniform,0.1,19,Tips,25.665145874023438,0.7873303047090806,25.60737419128418,0.5805299154804271,0.023402394000186177
unet_uniform_only,fixed_dwell,20,uniform,0.1,20,Biological,24.90370750427246,0.5831489516284358,24.83736228942871,0.5801476312277581,0.01789477500005887
unet_uniform_only,fixed_dwell,20,uniform,0.1,21,Fibres,22.88271141052246,0.5871271883837628,22.81531524658203,0.5806863044928826,0.027455572999315336
unet_uniform_only,fixed_dwell,20,uniform,0.1,22,Films_Coated_Surface,14.191069602966309,0.4275297221449269,13.903790473937988,0.5807210576067616,0.027092598999843176
unet_uniform_only,fixed_dwell,20,uniform,0.1,23,MEMS_devices_and_electrodes,25.582914352416992,0.3747086460996501,25.511722564697266,0.5806515513790036,0.02770282799974666
unet_uniform_only,fixed_dwell,20,uniform,0.1,24,Nanowires,13.958650588989258,0.2476402597127107,13.748947143554688,0.5819026634786477,0.027392114999202022
unet_uniform_only,fixed_dwell,20,uniform,0.1,25,Particles,32.220733642578125,0.6454307332946264,32.182682037353516,0.5813813667704627,0.02146349599934183
unet_uniform_only,fixed_dwell,20,uniform,0.1,26,Patterned_surface,18.9950008392334,0.3322567866314737,18.782917022705078,0.5824239601868328,0.021433651000734244
unet_uniform_only,fixed_dwell,20,uniform,0.1,27,Porous_Sponge,23.917152404785156,0.3402069712980528,23.873167037963867,0.5824413367437723,0.029322774999855028
unet_uniform_only,fixed_dwell,20,uniform,0.1,28,Powder,22.815704345703125,0.5678366063040747,22.77071189880371,0.5808600700622776,0.02896717199928389
unet_uniform_only,fixed_dwell,20,uniform,0.1,29,Tips,38.39432907104492,0.9697792403831988,38.415645599365234,0.5809469528469751,0.027257067000391544
unet_uniform_only,fixed_dwell,20,uniform,0.1,30,Biological,26.461984634399414,0.3616185844796735,26.42658233642578,0.5806863044928826,0.028877783000098134
unet_uniform_only,fixed_dwell,20,uniform,0.1,31,Fibres,33.480045318603516,0.7503957160415807,33.48920440673828,0.5806167982651247,0.025182321000102093
unet_uniform_only,fixed_dwell,20,uniform,0.1,32,Films_Coated_Surface,23.43026351928711,0.3467963533619443,23.356592178344727,0.5799217359875446,0.01709824900081003
unet_uniform_only,fixed_dwell,20,uniform,0.1,33,MEMS_devices_and_electrodes,24.469139099121094,0.6253538734112406,24.27240562438965,0.5797827235320285,0.027106042000013986
unet_uniform_only,fixed_dwell,20,uniform,0.1,34,Nanowires,26.685876846313477,0.6850256534479479,26.596603393554688,0.5814856261120998,0.02769871000054991
unet_uniform_only,fixed_dwell,20,uniform,0.1,35,Particles,30.730113983154297,0.8200942496122325,30.706222534179688,0.5809990825177936,0.028853531000095245
unet_uniform_only,fixed_dwell,20,uniform,0.1,36,Patterned_surface,30.94426918029785,0.8732193718929975,30.80550765991211,0.5807384341637011,0.028492714999629243
unet_uniform_only,fixed_dwell,20,uniform,0.1,37,Porous_Sponge,16.33928680419922,0.4089853282972565,16.166671752929688,0.5807905638345197,0.02371546100039268
unet_uniform_only,fixed_dwell,20,uniform,0.1,38,Powder,21.31224822998047,0.3232006365760843,21.186546325683594,0.5800086187722421,0.019534476999979233
unet_uniform_only,fixed_dwell,20,uniform,0.1,39,Tips,35.50554275512695,0.8659009829916187,35.5089111328125,0.57938306272242,0.028388796000399452
unet_uniform_only,fixed_dwell,20,uniform,0.1,40,Biological,22.175872802734375,0.40575773014023314,22.101327896118164,0.5809295762900356,0.029490832000192313
unet_uniform_only,fixed_dwell,20,uniform,0.1,41,Fibres,27.400497436523438,0.7472297564391105,27.338106155395508,0.5817115213523132,0.0286275080006817
unet_uniform_only,fixed_dwell,20,uniform,0.1,42,Films_Coated_Surface,26.155500411987305,0.4035119860145557,26.12821388244629,0.5814508729982207,0.029337496999687573
unet_uniform_only,fixed_dwell,20,uniform,0.1,43,MEMS_devices_and_electrodes,22.16119384765625,0.28374937376336135,22.114032745361328,0.5820416759341638,0.029431942999508465
unet_uniform_only,fixed_dwell,20,uniform,0.1,44,Nanowires,23.162546157836914,0.39061224155317814,23.09003448486328,0.5819026634786477,0.02607197300039843
unet_uniform_only,fixed_dwell,20,uniform,0.1,45,Particles,34.812538146972656,0.9472564954018905,34.83016586303711,0.5809990825177936,0.017273395000302116
unet_uniform_only,fixed_dwell,20,uniform,0.1,46,Patterned_surface,27.441062927246094,0.5685167509672382,27.391124725341797,0.5813466136565837,0.027554784000130894
unet_uniform_only,fixed_dwell,20,uniform,0.1,47,Porous_Sponge,23.468425750732422,0.4653663353133001,23.366525650024414,0.5806341748220641,0.028875230000267038
unet_uniform_only,fixed_dwell,20,uniform,0.1,48,Powder,24.27027130126953,0.4729565285539446,24.212738037109375,0.5808774466192171,0.02922506200047792
unet_uniform_only,fixed_dwell,20,uniform,0.1,49,Tips,18.562108993530273,0.21220413886844033,18.418773651123047,0.579834853202847,0.029015942000114592
unet_uniform_only,fixed_dwell,20,uniform,0.1,50,Biological,24.2648983001709,0.2757655562780978,24.219942092895508,0.580390903024911,0.028572296000675124
unet_uniform_only,fixed_dwell,20,uniform,0.1,51,Fibres,29.91234016418457,0.6922300966261761,29.898818969726562,0.5811902246441282,0.026145345000259113
unet_uniform_only,fixed_dwell,20,uniform,0.1,52,Films_Coated_Surface,17.08470916748047,0.5627750245923684,16.88426399230957,0.5825108429715303,0.020200441000270075
unet_uniform_only,fixed_dwell,20,uniform,0.1,53,MEMS_devices_and_electrodes,34.32219696044922,0.8924815386520064,34.38792419433594,0.5807731872775801,0.02540319499985344
unet_uniform_only,fixed_dwell,20,uniform,0.1,54,Nanowires,29.80722427368164,0.7362263635860374,29.77444839477539,0.5815030026690392,0.028884442999697058
unet_uniform_only,fixed_dwell,20,uniform,0.1,55,Particles,26.940439224243164,0.4025931524521679,26.903684616088867,0.5812423543149466,0.028709054000501055
unet_uniform_only,fixed_dwell,20,uniform,0.1,56,Patterned_surface,23.1253662109375,0.5387752401284994,23.01957130432129,0.5812249777580071,0.029672890000256302
unet_uniform_only,fixed_dwell,20,uniform,0.1,57,Porous_Sponge,21.317319869995117,0.42882004802910684,21.1429500579834,0.5803213967971531,0.02895443699981115
unet_uniform_only,fixed_dwell,20,uniform,0.1,58,Powder,19.16733169555664,0.12345352620601549,19.07312774658203,0.5814682495551602,0.02317259000028571
unet_uniform_only,fixed_dwell,20,uniform,0.1,59,Tips,33.95271301269531,0.8403842290453004,33.964759826660156,0.5812076012010677,0.020548247000078845
unet_uniform_only,fixed_dwell,20,uniform,0.1,60,Biological,27.758071899414062,0.4858073917163563,27.73603630065918,0.5815203792259787,0.027411234000283002
unet_uniform_only,fixed_dwell,20,uniform,0.1,61,Fibres,32.13665771484375,0.793976140612021,32.12186813354492,0.5822154415035588,0.027142276000631682
unet_uniform_only,fixed_dwell,20,uniform,0.1,62,Films_Coated_Surface,18.06319236755371,0.43884726537100993,17.875539779663086,0.5815030026690392,0.02862887999981467
unet_uniform_only,fixed_dwell,20,uniform,0.1,63,MEMS_devices_and_electrodes,21.92283821105957,0.5671778734915361,21.785276412963867,0.579800100088968,0.029343195000365085
unet_uniform_only,fixed_dwell,20,uniform,0.1,64,Nanowires,39.264713287353516,0.9296639001313233,39.29342269897461,0.5812597308718862,0.02530534700053977
unet_uniform_only,fixed_dwell,20,uniform,0.1,65,Particles,35.26332473754883,0.8914222906798075,35.27709197998047,0.5815898854537368,0.016710459000023548
unet_uniform_only,fixed_dwell,20,uniform,0.1,66,Patterned_surface,17.503904342651367,0.5742072873447783,17.260366439819336,0.5805299154804271,0.028547337999953015
unet_uniform_only,fixed_dwell,20,uniform,0.1,67,Porous_Sponge,18.388580322265625,0.5118984337350696,18.15131187438965,0.5814856261120998,0.0297989510008847
unet_uniform_only,fixed_dwell,20,uniform,0.1,68,Powder,22.041156768798828,0.5034447532708467,21.935806274414062,0.5807905638345197,0.028786728999875777
unet_uniform_only,fixed_dwell,20,uniform,0.1,69,Tips,35.52559280395508,0.8755838315714555,35.535526275634766,0.5811033418594307,0.02958893300001364
unet_uniform_only,fixed_dwell,20,uniform,0.1,70,Biological,23.93251609802246,0.2969271874544226,23.869220733642578,0.5814508729982207,0.02905669499978103
unet_uniform_only,fixed_dwell,20,uniform,0.1,71,Fibres,28.758975982666016,0.6891301509999779,28.717342376708984,0.5806167982651247,0.023676271999647724
unet_uniform_only,fixed_dwell,20,uniform,0.1,72,Films_Coated_Surface,21.780471801757812,0.671221116600896,21.577939987182617,0.5812944839857652,0.01875464299973828
unet_uniform_only,fixed_dwell,20,uniform,0.1,73,MEMS_devices_and_electrodes,23.858901977539062,0.6603340058139445,23.735044479370117,0.5819895462633452,0.026211264000266965
unet_uniform_only,fixed_dwell,20,uniform,0.1,74,Nanowires,35.28321075439453,0.839261698173923,35.26824188232422,0.5822154415035588,0.02938832600011665
unet_uniform_only,fixed_dwell,20,uniform,0.1,75,Particles,33.09440612792969,0.8813652507885499,33.08708953857422,0.5805472920373665,0.028579425000316405
unet_uniform_only,fixed_dwell,20,uniform,0.1,76,Patterned_surface,22.962743759155273,0.6892167540867403,22.793691635131836,0.5812249777580071,0.028947294999852602
unet_uniform_only,fixed_dwell,20,uniform,0.1,77,Porous_Sponge,22.128204345703125,0.48710439864127153,21.98369026184082,0.5833101645907474,0.02908301399929769
unet_uniform_only,fixed_dwell,20,uniform,0.1,78,Powder,22.85289764404297,0.5457689673398842,22.758228302001953,0.5805472920373665,0.028281816999879084
unet_uniform_only,fixed_dwell,20,uniform,0.1,79,Tips,27.29913902282715,0.4478886759442008,27.276275634765625,0.5807210576067616,0.019042714000534033
unet_uniform_only,fixed_dwell,20,uniform,0.1,80,Biological,29.11583709716797,0.49348666893249876,29.098461151123047,0.5822675711743773,0.023992325000108394
unet_uniform_only,fixed_dwell,20,uniform,0.1,81,Fibres,30.84670639038086,0.6664017629094813,30.833223342895508,0.5811207184163701,0.02905957999973907
unet_uniform_only,fixed_dwell,20,uniform,0.1,82,Films_Coated_Surface,21.811405181884766,0.6122755170294153,21.638538360595703,0.5814334964412812,0.028551946000334283
unet_uniform_only,fixed_dwell,20,uniform,0.1,83,MEMS_devices_and_electrodes,21.978839874267578,0.45533994858581384,21.846546173095703,0.5812597308718862,0.02959619000012026
unet_uniform_only,fixed_dwell,20,uniform,0.1,84,Nanowires,36.699127197265625,0.963677730295254,36.691200256347656,0.5811380949733096,0.02532706500005588
unet_uniform_only,fixed_dwell,20,uniform,0.1,85,Particles,23.41507339477539,0.5153489030906476,23.29922103881836,0.5808253169483987,0.016934359000515542
unet_uniform_only,fixed_dwell,20,uniform,0.1,86,Patterned_surface,29.210552215576172,0.8326910265489963,29.043163299560547,0.5805125389234876,0.025903101000039896
unet_uniform_only,fixed_dwell,20,uniform,0.1,87,Porous_Sponge,21.624631881713867,0.47794590358518857,21.446561813354492,0.5800259953291815,0.028936878999957116
unet_uniform_only,fixed_dwell,20,uniform,0.1,88,Powder,25.546903610229492,0.7169761684047479,25.499771118164062,0.5821111821619217,0.02986234800027887
unet_uniform_only,fixed_dwell,20,uniform,0.1,89,Tips,27.561885833740234,0.4218234656405793,27.545696258544922,0.5832232818060499,0.028545637999741302
unet_uniform_only,fixed_dwell,20,uniform,0.1,90,Biological,28.648605346679688,0.4698523862622062,28.622535705566406,0.5813813667704627,0.02867966299982072
unet_uniform_only,fixed_dwell,20,uniform,0.1,91,Fibres,31.029869079589844,0.8051292313234092,31.00501823425293,0.5816072620106761,0.029817675000231247
unet_uniform_only,fixed_dwell,20,uniform,0.1,92,Films_Coated_Surface,23.011058807373047,0.41538304611589694,22.935138702392578,0.5812249777580071,0.023499617999732436
unet_uniform_only,fixed_dwell,20,uniform,0.1,93,MEMS_devices_and_electrodes,28.138980865478516,0.7864620620083126,28.0821533203125,0.5810164590747332,0.02056502699997509
unet_uniform_only,fixed_dwell,20,uniform,0.1,94,Nanowires,14.258481979370117,0.5822716637503056,13.953756332397461,0.5822849477313168,0.028803791999962414
unet_uniform_only,fixed_dwell,20,uniform,0.1,95,Particles,27.256282806396484,0.57934726220267,27.016624450683594,0.5826151023131673,0.029291030000422325
unet_uniform_only,fixed_dwell,20,uniform,0.1,96,Patterned_surface,24.087425231933594,0.48509289756205437,23.99820327758789,0.5812944839857652,0.02938749600070878
unet_uniform_only,fixed_dwell,20,uniform,0.1,97,Porous_Sponge,24.270023345947266,0.5807983961318298,24.254655838012695,0.5813466136565837,0.02851954699963244
unet_uniform_only,fixed_dwell,20,uniform,0.1,98,Powder,30.37541961669922,0.8571342672571814,30.34511947631836,0.5814334964412812,0.02456552700004977
unet_uniform_only,fixed_dwell,20,uniform,0.1,99,Tips,30.7230224609375,0.6865869876688719,30.66135597229004,0.5805820451512456,0.021852202999980364
unet_uniform_only,fixed_dwell,20,uniform,0.15,0,Biological,24.273937225341797,0.3572205453943854,24.18316650390625,0.7992243104982206,0.020856221999565605
unet_uniform_only,fixed_dwell,20,uniform,0.15,1,Fibres,23.02297592163086,0.5698829605886864,22.870746612548828,0.7973128892348755,0.02522958099962125
unet_uniform_only,fixed_dwell,20,uniform,0.15,2,Films_Coated_Surface,24.669172286987305,0.4286007757833009,24.58421516418457,0.7980774577402135,0.02858414900038042
unet_uniform_only,fixed_dwell,20,uniform,0.15,3,MEMS_devices_and_electrodes,24.755847930908203,0.30314210499943817,24.627033233642578,0.7974519016903916,0.02957951200005482
unet_uniform_only,fixed_dwell,20,uniform,0.15,4,Nanowires,19.519432067871094,0.6593691120602281,19.100343704223633,0.7966525800711745,0.027532971000255202
unet_uniform_only,fixed_dwell,20,uniform,0.15,5,Particles,17.874248504638672,0.36161897242770363,17.688053131103516,0.7994675822953737,0.029261361999488145
unet_uniform_only,fixed_dwell,20,uniform,0.15,6,Patterned_surface,25.35762596130371,0.5320993165505078,25.251956939697266,0.7979384452846976,0.023345685000094818
unet_uniform_only,fixed_dwell,20,uniform,0.15,7,Porous_Sponge,23.937877655029297,0.4882034484866594,23.795764923095703,0.7974866548042705,0.018917982999482774
unet_uniform_only,fixed_dwell,20,uniform,0.15,8,Powder,18.86520767211914,0.35085177767604575,18.611724853515625,0.7986161310053381,0.0264415170004213
unet_uniform_only,fixed_dwell,20,uniform,0.15,9,Tips,33.00004959106445,0.9095056365612739,32.90580368041992,0.7962702958185054,0.02866076800000883
unet_uniform_only,fixed_dwell,20,uniform,0.15,10,Biological,27.082172393798828,0.40753896420275465,27.025455474853516,0.7954535976423488,0.02975720199992793
unet_uniform_only,fixed_dwell,20,uniform,0.15,11,Fibres,27.83102798461914,0.7013561624520361,27.744218826293945,0.7977646797153026,0.02841860100033955
unet_uniform_only,fixed_dwell,20,uniform,0.15,12,Films_Coated_Surface,26.147031784057617,0.42783583170608736,26.065902709960938,0.7982164701957296,0.028822585000852996
unet_uniform_only,fixed_dwell,20,uniform,0.15,13,MEMS_devices_and_electrodes,25.555505752563477,0.3460731605325283,25.399776458740234,0.797677796930605,0.02985772900046868
unet_uniform_only,fixed_dwell,20,uniform,0.15,14,Nanowires,14.879205703735352,0.5326394905200448,14.435530662536621,0.7987551434608542,0.029180552000070747
unet_uniform_only,fixed_dwell,20,uniform,0.15,15,Particles,37.476783752441406,0.9210372619651795,37.494659423828125,0.7964266848309609,0.026080469999214984
unet_uniform_only,fixed_dwell,20,uniform,0.15,16,Patterned_surface,20.935972213745117,0.5334392433265521,20.807931900024414,0.7966525800711745,0.021509577999495377
unet_uniform_only,fixed_dwell,20,uniform,0.15,17,Porous_Sponge,17.282690048217773,0.5224327744402263,16.8851261138916,0.7988941559163703,0.01882762300010654
unet_uniform_only,fixed_dwell,20,uniform,0.15,18,Powder,21.24248695373535,0.5236271486035313,21.101179122924805,0.8007708240658363,0.022685531000206538
unet_uniform_only,fixed_dwell,20,uniform,0.15,19,Tips,26.226940155029297,0.8093091183767415,26.17778778076172,0.7979558218416372,0.02923866600031033
unet_uniform_only,fixed_dwell,20,uniform,0.15,20,Biological,25.52243995666504,0.6014392612068505,25.435171127319336,0.7982164701957296,0.02874146300018765
unet_uniform_only,fixed_dwell,20,uniform,0.15,21,Fibres,23.92816925048828,0.6660935652241263,23.84617042541504,0.7994154526245552,0.02776950699990266
unet_uniform_only,fixed_dwell,20,uniform,0.15,22,Films_Coated_Surface,15.138858795166016,0.5246597600079304,14.716058731079102,0.7984423654359432,0.0286762549994819
unet_uniform_only,fixed_dwell,20,uniform,0.15,23,MEMS_devices_and_electrodes,25.791837692260742,0.38416790382287325,25.689504623413086,0.7979905749555161,0.027938209000240022
unet_uniform_only,fixed_dwell,20,uniform,0.15,24,Nanowires,14.189512252807617,0.3279796218236638,13.853742599487305,0.7975040313612101,0.028347974999633152
unet_uniform_only,fixed_dwell,20,uniform,0.15,25,Particles,32.38603973388672,0.6480465477828361,32.33868408203125,0.797712550044484,0.025710242999593902
unet_uniform_only,fixed_dwell,20,uniform,0.15,26,Patterned_surface,19.4676570892334,0.37356271103903355,19.167449951171875,0.797330265791815,0.021808592000525096
unet_uniform_only,fixed_dwell,20,uniform,0.15,27,Porous_Sponge,24.193580627441406,0.3501734096211064,24.132902145385742,0.7967568394128115,0.018811858999470132
unet_uniform_only,fixed_dwell,20,uniform,0.15,28,Powder,23.77336883544922,0.6272721227951535,23.675928115844727,0.7974519016903916,0.025990255999204237
unet_uniform_only,fixed_dwell,20,uniform,0.15,29,Tips,39.40533447265625,0.9715084907429419,39.422969818115234,0.7984597419928826,0.028949945000022126
unet_uniform_only,fixed_dwell,20,uniform,0.15,30,Biological,26.59235382080078,0.3679327483075745,26.52285385131836,0.7970348643238435,0.02785379900069529
unet_uniform_only,fixed_dwell,20,uniform,0.15,31,Fibres,33.5477294921875,0.7509154875414444,33.52925109863281,0.7984249888790037,0.02866825199998857
unet_uniform_only,fixed_dwell,20,uniform,0.15,32,Films_Coated_Surface,23.845848083496094,0.4140340511333633,23.80012321472168,0.7985292482206406,0.029297558000507706
unet_uniform_only,fixed_dwell,20,uniform,0.15,33,MEMS_devices_and_electrodes,25.38015365600586,0.6390712895001643,25.099088668823242,0.7994502057384343,0.02816723199975968
unet_uniform_only,fixed_dwell,20,uniform,0.15,34,Nanowires,27.744640350341797,0.7335794313863823,27.636512756347656,0.7993980760676158,0.023385626999697706
unet_uniform_only,fixed_dwell,20,uniform,0.15,35,Particles,31.262840270996094,0.823811308928164,31.22593879699707,0.796878475311388,0.019656200999634166
unet_uniform_only,fixed_dwell,20,uniform,0.15,36,Patterned_surface,31.730525970458984,0.8873200660394512,31.531497955322266,0.7987725200177936,0.022749742999621958
unet_uniform_only,fixed_dwell,20,uniform,0.15,37,Porous_Sponge,16.851884841918945,0.46191365944269747,16.592830657958984,0.7972607595640571,0.02919095500055846
unet_uniform_only,fixed_dwell,20,uniform,0.15,38,Powder,21.817121505737305,0.34884203274618036,21.655351638793945,0.7958880115658363,0.029726922000008926
unet_uniform_only,fixed_dwell,20,uniform,0.15,39,Tips,35.98082733154297,0.8663570699462336,35.96361541748047,0.7970348643238435,0.028800882000723504
unet_uniform_only,fixed_dwell,20,uniform,0.15,40,Biological,22.842544555664062,0.45510416785012514,22.729747772216797,0.7987203903469752,0.028787869000552746
unet_uniform_only,fixed_dwell,20,uniform,0.15,41,Fibres,28.490964889526367,0.7605574542820225,28.446958541870117,0.7979905749555161,0.02884938399984094
unet_uniform_only,fixed_dwell,20,uniform,0.15,42,Films_Coated_Surface,26.482067108154297,0.4206565824242961,26.424068450927734,0.7981469639679717,0.028639664000365883
unet_uniform_only,fixed_dwell,20,uniform,0.15,43,MEMS_devices_and_electrodes,22.22240447998047,0.3100343738211905,22.208621978759766,0.7984423654359432,0.029048119999970368
unet_uniform_only,fixed_dwell,20,uniform,0.15,44,Nanowires,23.61425018310547,0.41418700993665647,23.503873825073242,0.7985987544483987,0.025186670000039157
unet_uniform_only,fixed_dwell,20,uniform,0.15,45,Particles,35.77204513549805,0.9478513772293935,35.786800384521484,0.7969306049822065,0.021378288000050816
unet_uniform_only,fixed_dwell,20,uniform,0.15,46,Patterned_surface,27.671844482421875,0.5799235545738767,27.60261344909668,0.7981990936387902,0.020218599000145332
unet_uniform_only,fixed_dwell,20,uniform,0.15,47,Porous_Sponge,24.139598846435547,0.5036435968895774,23.997020721435547,0.7974171485765125,0.028864715000054275
unet_uniform_only,fixed_dwell,20,uniform,0.15,48,Powder,24.87470817565918,0.5022577607908018,24.796920776367188,0.8001626445729538,0.029336601999602863
unet_uniform_only,fixed_dwell,20,uniform,0.15,49,Tips,18.849695205688477,0.23197524814986847,18.67148208618164,0.797295512677936,0.028898182000375527
unet_uniform_only,fixed_dwell,20,uniform,0.15,50,Biological,24.485273361206055,0.294945828007787,24.414226531982422,0.7995718416370108,0.029497841999727825
unet_uniform_only,fixed_dwell,20,uniform,0.15,51,Fibres,30.57533073425293,0.6989605658506564,30.55805206298828,0.7979905749555161,0.028529918999993242
unet_uniform_only,fixed_dwell,20,uniform,0.15,52,Films_Coated_Surface,18.055103302001953,0.629083282244846,17.77659797668457,0.7974519016903916,0.028917100000398932
unet_uniform_only,fixed_dwell,20,uniform,0.15,53,MEMS_devices_and_electrodes,34.77814865112305,0.8829921426069046,35.100914001464844,0.7981990936387902,0.02882293899983779
unet_uniform_only,fixed_dwell,20,uniform,0.15,54,Nanowires,30.508094787597656,0.7433430158100899,30.440656661987305,0.7977994328291815,0.02584254500015959
unet_uniform_only,fixed_dwell,20,uniform,0.15,55,Particles,27.17340850830078,0.4070391778143287,27.11166000366211,0.7980253280693951,0.02462145600020449
unet_uniform_only,fixed_dwell,20,uniform,0.15,56,Patterned_surface,24.003381729125977,0.5737838622344447,23.855445861816406,0.797677796930605,0.019946506999986013
unet_uniform_only,fixed_dwell,20,uniform,0.15,57,Porous_Sponge,21.88332748413086,0.46200395406796374,21.65144157409668,0.7972433830071175,0.02118615699964721
unet_uniform_only,fixed_dwell,20,uniform,0.15,58,Powder,19.50408935546875,0.21060380378026464,19.284997940063477,0.7979210687277581,0.02758653000000777
unet_uniform_only,fixed_dwell,20,uniform,0.15,59,Tips,34.62812042236328,0.8439859855326965,34.61528015136719,0.7988420262455517,0.02869091100001242
unet_uniform_only,fixed_dwell,20,uniform,0.15,60,Biological,28.233739852905273,0.499219862391276,28.18370819091797,0.7973823954626336,0.029397553999842785
unet_uniform_only,fixed_dwell,20,uniform,0.15,61,Fibres,32.56460952758789,0.7987051456113771,32.51958465576172,0.7962529192615659,0.029471632999957365
unet_uniform_only,fixed_dwell,20,uniform,0.15,62,Films_Coated_Surface,18.990631103515625,0.5052074357059961,18.722566604614258,0.7985466247775801,0.029061391000141157
unet_uniform_only,fixed_dwell,20,uniform,0.15,63,MEMS_devices_and_electrodes,22.598665237426758,0.6021627241899661,22.398386001586914,0.7989289090302492,0.02953046499987977
unet_uniform_only,fixed_dwell,20,uniform,0.15,64,Nanowires,39.647857666015625,0.9302743781533708,39.671592712402344,0.7970348643238435,0.02792396499989991
unet_uniform_only,fixed_dwell,20,uniform,0.15,65,Particles,35.54180908203125,0.8925886935682469,35.563846588134766,0.7974866548042705,0.02615025599970977
unet_uniform_only,fixed_dwell,20,uniform,0.15,66,Patterned_surface,17.978374481201172,0.6250307854351504,17.669042587280273,0.7978515625000001,0.017298756000855064
unet_uniform_only,fixed_dwell,20,uniform,0.15,67,Porous_Sponge,19.072540283203125,0.5547428040551922,18.750402450561523,0.7982164701957296,0.026584561000163376
unet_uniform_only,fixed_dwell,20,uniform,0.15,68,Powder,22.673540115356445,0.5278859945354535,22.521751403808594,0.7980600811832741,0.029777194999951462
unet_uniform_only,fixed_dwell,20,uniform,0.15,69,Tips,35.719974517822266,0.8763827593122361,35.751033782958984,0.7962529192615659,0.02875780000067607
unet_uniform_only,fixed_dwell,20,uniform,0.15,70,Biological,24.32591438293457,0.3515432354923965,24.22716522216797,0.7964093082740215,0.028709907000120438
unet_uniform_only,fixed_dwell,20,uniform,0.15,71,Fibres,29.492496490478516,0.7060152111596241,29.443904876708984,0.7980948342971531,0.028737427999658394
unet_uniform_only,fixed_dwell,20,uniform,0.15,72,Films_Coated_Surface,23.18208885192871,0.7011265258703137,22.929895401000977,0.7998151134341638,0.02719385799991869
unet_uniform_only,fixed_dwell,20,uniform,0.15,73,MEMS_devices_and_electrodes,24.22323226928711,0.6780621465129006,24.04781723022461,0.7980253280693951,0.02879373999985546
unet_uniform_only,fixed_dwell,20,uniform,0.15,74,Nanowires,35.6540412902832,0.8406571965479234,35.64743423461914,0.797469278247331,0.025909983999554242
unet_uniform_only,fixed_dwell,20,uniform,0.15,75,Particles,33.86315155029297,0.8829147742035921,33.85558319091797,0.7980427046263346,0.026073636999171868
unet_uniform_only,fixed_dwell,20,uniform,0.15,76,Patterned_surface,24.22332763671875,0.7159043081587885,24.006591796875,0.7961312833629893,0.02148213799955556
unet_uniform_only,fixed_dwell,20,uniform,0.15,77,Porous_Sponge,22.885658264160156,0.5135868451340796,22.702634811401367,0.7976951734875445,0.019619830000010552
unet_uniform_only,fixed_dwell,20,uniform,0.15,78,Powder,23.76226234436035,0.5941092111263673,23.64183807373047,0.7969132284252669,0.025473474000136775
unet_uniform_only,fixed_dwell,20,uniform,0.15,79,Tips,27.439476013183594,0.4514981011765255,27.403486251831055,0.7981122108540926,0.029525078000006033
unet_uniform_only,fixed_dwell,20,uniform,0.15,80,Biological,29.297687530517578,0.49740683218328346,29.25959014892578,0.7970001112099644,0.027682265000294137
unet_uniform_only,fixed_dwell,20,uniform,0.15,81,Fibres,31.33145523071289,0.6725320842083599,31.3095760345459,0.7993285698398577,0.028849305000221648
unet_uniform_only,fixed_dwell,20,uniform,0.15,82,Films_Coated_Surface,23.145963668823242,0.6458558425935913,22.94078826904297,0.7989115324733097,0.028649924000092142
unet_uniform_only,fixed_dwell,20,uniform,0.15,83,MEMS_devices_and_electrodes,22.39649200439453,0.483997287474517,22.206132888793945,0.7975040313612101,0.02962636700067378
unet_uniform_only,fixed_dwell,20,uniform,0.15,84,Nanowires,38.038658142089844,0.9669709804182287,38.08567810058594,0.797365018905694,0.029835862000254565
unet_uniform_only,fixed_dwell,20,uniform,0.15,85,Particles,24.335216522216797,0.5401242717540894,24.203575134277344,0.7984076123220641,0.027852330000314396
unet_uniform_only,fixed_dwell,20,uniform,0.15,86,Patterned_surface,30.276506423950195,0.8371798346975773,30.08758544921875,0.7977646797153026,0.0237690140002087
unet_uniform_only,fixed_dwell,20,uniform,0.15,87,Porous_Sponge,22.185935974121094,0.5052369068347776,21.92469596862793,0.7967220862989324,0.017578605999915453
unet_uniform_only,fixed_dwell,20,uniform,0.15,88,Powder,26.500398635864258,0.74635995736623,26.444171905517578,0.7981469639679717,0.024219136999818147
unet_uniform_only,fixed_dwell,20,uniform,0.15,89,Tips,27.781631469726562,0.4245773154833501,27.751182556152344,0.7989810387010677,0.03003703600006702
unet_uniform_only,fixed_dwell,20,uniform,0.15,90,Biological,28.79828643798828,0.4744334802270419,28.7591552734375,0.7984423654359432,0.028469319000578253
unet_uniform_only,fixed_dwell,20,uniform,0.15,91,Fibres,31.929889678955078,0.8119626052809465,31.928260803222656,0.7984597419928826,0.02962658900014503
unet_uniform_only,fixed_dwell,20,uniform,0.15,92,Films_Coated_Surface,23.576967239379883,0.4619756470147205,23.475933074951172,0.7962181661476869,0.028603521000150067
unet_uniform_only,fixed_dwell,20,uniform,0.15,93,MEMS_devices_and_electrodes,29.25748062133789,0.8051692598080783,29.19921875,0.7981295874110321,0.029523217000132718
unet_uniform_only,fixed_dwell,20,uniform,0.15,94,Nanowires,15.472970008850098,0.6620570648732196,15.045815467834473,0.7991200511565837,0.028736209999806306
unet_uniform_only,fixed_dwell,20,uniform,0.15,95,Particles,27.964143753051758,0.5862183762716368,27.649829864501953,0.797330265791815,0.029055613999844354
unet_uniform_only,fixed_dwell,20,uniform,0.15,96,Patterned_surface,24.70160675048828,0.5192245117995073,24.56563949584961,0.797677796930605,0.0251727300001221
unet_uniform_only,fixed_dwell,20,uniform,0.15,97,Porous_Sponge,24.713851928710938,0.6173773590192367,24.805315017700195,0.7964961910587189,0.021791849999317492
unet_uniform_only,fixed_dwell,20,uniform,0.15,98,Powder,31.29593276977539,0.8687997677596053,31.26106071472168,0.7991374277135231,0.018822952999471454
unet_uniform_only,fixed_dwell,20,uniform,0.15,99,Tips,30.980527877807617,0.6894402222794633,30.92359161376953,0.7957837522241994,0.027028802999666368
unet_uniform_only,fixed_dwell,20,uniform,0.2,0,Biological,24.447036743164062,0.3904000446923274,24.312620162963867,0.9913464746441282,0.02852504099973885
unet_uniform_only,fixed_dwell,20,uniform,0.2,1,Fibres,23.488788604736328,0.6037292264541141,23.30911636352539,0.9929798709964414,0.027801207000266004
unet_uniform_only,fixed_dwell,20,uniform,0.2,2,Films_Coated_Surface,25.022485733032227,0.44048081940266653,24.914522171020508,0.9932752724644129,0.028827983999690332
unet_uniform_only,fixed_dwell,20,uniform,0.2,3,MEMS_devices_and_electrodes,24.878131866455078,0.3204952254875144,24.64973258972168,0.9913812277580072,0.028760925999449682
unet_uniform_only,fixed_dwell,20,uniform,0.2,4,Nanowires,20.458696365356445,0.7177629068239202,19.956600189208984,0.9927887288701068,0.028530773000056797
unet_uniform_only,fixed_dwell,20,uniform,0.2,5,Particles,18.22954559326172,0.40065369083473795,17.970130920410156,0.9923543149466193,0.028872515000330168
unet_uniform_only,fixed_dwell,20,uniform,0.2,6,Patterned_surface,25.767810821533203,0.5444378845239363,25.63886260986328,0.9905123999110322,0.029329965000215452
unet_uniform_only,fixed_dwell,20,uniform,0.2,7,Porous_Sponge,24.3089656829834,0.5060031657247921,24.136268615722656,0.9940224644128114,0.029537585000070976
unet_uniform_only,fixed_dwell,20,uniform,0.2,8,Powder,19.147035598754883,0.38198527658406617,18.80632972717285,0.9904776467971531,0.02871506499923271
unet_uniform_only,fixed_dwell,20,uniform,0.2,9,Tips,33.18404769897461,0.9096953055576423,33.070247650146484,0.9879754225978649,0.02558327599945187
unet_uniform_only,fixed_dwell,20,uniform,0.2,10,Biological,27.239463806152344,0.41811641999618787,27.15285873413086,0.9930146241103205,0.026096981000591768
unet_uniform_only,fixed_dwell,20,uniform,0.2,11,Fibres,28.349143981933594,0.7138843706811415,28.231714248657227,0.9944916314501779,0.026395455000056245
unet_uniform_only,fixed_dwell,20,uniform,0.2,12,Films_Coated_Surface,26.464771270751953,0.4611152718150308,26.33733367919922,0.9910163200622776,0.019453323000561795
unet_uniform_only,fixed_dwell,20,uniform,0.2,13,MEMS_devices_and_electrodes,25.69025421142578,0.3580949922961409,25.473081588745117,0.9905992826957297,0.020732395999402797
unet_uniform_only,fixed_dwell,20,uniform,0.2,14,Nanowires,15.501566886901855,0.5898754111868322,14.892646789550781,0.9907730482651247,0.02482809699995414
unet_uniform_only,fixed_dwell,20,uniform,0.2,15,Particles,38.28504180908203,0.9225253562887559,38.31657409667969,0.9910858262900356,0.028310802999840234
unet_uniform_only,fixed_dwell,20,uniform,0.2,16,Patterned_surface,21.630638122558594,0.6087742659094396,21.41954231262207,0.9929103647686833,0.028018392999911157
unet_uniform_only,fixed_dwell,20,uniform,0.2,17,Porous_Sponge,17.992822647094727,0.5597646447155569,17.49997901916504,0.9950129281583631,0.028452333999666735
unet_uniform_only,fixed_dwell,20,uniform,0.2,18,Powder,21.744787216186523,0.5599050978003846,21.555330276489258,0.9925107039590748,0.029884649999985413
unet_uniform_only,fixed_dwell,20,uniform,0.2,19,Tips,26.678783416748047,0.8184171238434901,26.61914825439453,0.9903212577846976,0.02917632099979528
unet_uniform_only,fixed_dwell,20,uniform,0.2,20,Biological,25.965198516845703,0.612749221620043,25.858671188354492,0.9908946841637012,0.029008530000282917
unet_uniform_only,fixed_dwell,20,uniform,0.2,21,Fibres,24.824993133544922,0.7159235048327225,24.747547149658203,0.9884098365213524,0.028824762999647646
unet_uniform_only,fixed_dwell,20,uniform,0.2,22,Films_Coated_Surface,15.908437728881836,0.5924911511168625,15.415820121765137,0.9930320006672598,0.028854940000201168
unet_uniform_only,fixed_dwell,20,uniform,0.2,23,MEMS_devices_and_electrodes,25.86360740661621,0.3830383635266614,25.760662078857422,0.9904602702402135,0.0283139109997137
unet_uniform_only,fixed_dwell,20,uniform,0.2,24,Nanowires,14.49126148223877,0.3900744794575045,14.009654998779297,0.9919546541370108,0.028616089000024658
unet_uniform_only,fixed_dwell,20,uniform,0.2,25,Particles,32.391048431396484,0.6495187141229483,32.32521057128906,0.9922326790480428,0.029284928999913973
unet_uniform_only,fixed_dwell,20,uniform,0.2,26,Patterned_surface,19.841690063476562,0.4075962594598247,19.45537567138672,0.9892439112544485,0.0291921160005586
unet_uniform_only,fixed_dwell,20,uniform,0.2,27,Porous_Sponge,24.39236831665039,0.3564052210104495,24.316192626953125,0.9906340358096085,0.029201485000157845
unet_uniform_only,fixed_dwell,20,uniform,0.2,28,Powder,24.463899612426758,0.6562298447891913,24.330739974975586,0.9917808885676156,0.023147509999944305
unet_uniform_only,fixed_dwell,20,uniform,0.2,29,Tips,40.27899169921875,0.9738371037331472,40.29362487792969,0.9930493772241993,0.017636546000176168
unet_uniform_only,fixed_dwell,20,uniform,0.2,30,Biological,26.715280532836914,0.3766699692199345,26.63710594177246,0.9910336966192171,0.02310489100000268
unet_uniform_only,fixed_dwell,20,uniform,0.2,31,Fibres,33.779720306396484,0.7529089544058066,33.76978302001953,0.9897130782918151,0.027747566000471124
unet_uniform_only,fixed_dwell,20,uniform,0.2,32,Films_Coated_Surface,24.128223419189453,0.43715606236837246,24.043806076049805,0.9891744050266905,0.028952465000656957
unet_uniform_only,fixed_dwell,20,uniform,0.2,33,MEMS_devices_and_electrodes,25.663480758666992,0.6437666918572073,25.322620391845703,0.9914681105427047,0.02912449699942954
unet_uniform_only,fixed_dwell,20,uniform,0.2,34,Nanowires,28.438705444335938,0.763773536732455,28.291065216064453,0.9923716915035588,0.02979123199929745
unet_uniform_only,fixed_dwell,20,uniform,0.2,35,Particles,31.58995819091797,0.8259745526547501,31.574724197387695,0.9917982651245553,0.028955728999790153
unet_uniform_only,fixed_dwell,20,uniform,0.2,36,Patterned_surface,32.14318084716797,0.8912555796653874,31.867149353027344,0.9921457962633452,0.028658137999627797
unet_uniform_only,fixed_dwell,20,uniform,0.2,37,Porous_Sponge,17.18663787841797,0.5052630694573712,16.814279556274414,0.9888790035587189,0.029887534000408778
unet_uniform_only,fixed_dwell,20,uniform,0.2,38,Powder,22.145034790039062,0.3703151712596546,21.95075225830078,0.9899737266459075,0.02997462999974232
unet_uniform_only,fixed_dwell,20,uniform,0.2,39,Tips,36.158267974853516,0.867253660851201,36.15333557128906,0.9901474922153026,0.029745026999989932
unet_uniform_only,fixed_dwell,20,uniform,0.2,40,Biological,23.214134216308594,0.47763074672584566,23.095006942749023,0.9916940057829181,0.030194510000001173
unet_uniform_only,fixed_dwell,20,uniform,0.2,41,Fibres,29.073198318481445,0.772634725439926,28.96990966796875,0.9909294372775801,0.02874431399959576
unet_uniform_only,fixed_dwell,20,uniform,0.2,42,Films_Coated_Surface,26.655532836914062,0.4250199974858863,26.590394973754883,0.9904428936832741,0.02730635800071468
unet_uniform_only,fixed_dwell,20,uniform,0.2,43,MEMS_devices_and_electrodes,22.315937042236328,0.33990288641555133,22.39319610595703,0.9908251779359432,0.026269967000189354
unet_uniform_only,fixed_dwell,20,uniform,0.2,44,Nanowires,23.99380111694336,0.430117227467297,23.874176025390625,0.9910510731761566,0.023230625999531185
unet_uniform_only,fixed_dwell,20,uniform,0.2,45,Particles,36.436458587646484,0.9499477367993308,36.45183181762695,0.9910684497330963,0.021319434999895748
unet_uniform_only,fixed_dwell,20,uniform,0.2,46,Patterned_surface,27.91485023498535,0.6009302761069757,27.817588806152344,0.9915549933274022,0.017086138000195206
unet_uniform_only,fixed_dwell,20,uniform,0.2,47,Porous_Sponge,24.60087013244629,0.5293129383990101,24.439611434936523,0.9920415369217084,0.02296454600036668
unet_uniform_only,fixed_dwell,20,uniform,0.2,48,Powder,25.22963523864746,0.5260730662456164,25.130962371826172,0.989400300266904,0.02654328600056033
unet_uniform_only,fixed_dwell,20,uniform,0.2,49,Tips,19.050344467163086,0.2532755639129473,18.799278259277344,0.9923195618327403,0.028602725000382634
unet_uniform_only,fixed_dwell,20,uniform,0.2,50,Biological,24.675386428833008,0.31404157202754224,24.57769775390625,0.9924064446174378,0.028249566999875242
unet_uniform_only,fixed_dwell,20,uniform,0.2,51,Fibres,31.052154541015625,0.7086478798730534,31.02596092224121,0.9928756116548043,0.028904484000122466
unet_uniform_only,fixed_dwell,20,uniform,0.2,52,Films_Coated_Surface,18.868677139282227,0.6838288491726183,18.531089782714844,0.994178853425267,0.027911218000554072
unet_uniform_only,fixed_dwell,20,uniform,0.2,53,MEMS_devices_and_electrodes,34.93611526489258,0.865675578885636,35.649723052978516,0.990199621886121,0.029539725000176986
unet_uniform_only,fixed_dwell,20,uniform,0.2,54,Nanowires,30.880659103393555,0.7494312536741287,30.815017700195312,0.9910336966192171,0.029377182000644098
unet_uniform_only,fixed_dwell,20,uniform,0.2,55,Particles,27.336328506469727,0.41179256614787796,27.27311134338379,0.9913812277580072,0.02813020699977642
unet_uniform_only,fixed_dwell,20,uniform,0.2,56,Patterned_surface,24.69129753112793,0.5926883483510247,24.522472381591797,0.9906687889234875,0.029035403999841947
unet_uniform_only,fixed_dwell,20,uniform,0.2,57,Porous_Sponge,22.31084632873535,0.4779757218327526,22.00348663330078,0.9893829237099645,0.028848586000094656
unet_uniform_only,fixed_dwell,20,uniform,0.2,58,Powder,19.68349266052246,0.3366379290072391,19.36002540588379,0.9922153024911033,0.028364021000015782
unet_uniform_only,fixed_dwell,20,uniform,0.2,59,Tips,35.101295471191406,0.8447102050519301,35.088802337646484,0.9909468138345197,0.027540217000023404
unet_uniform_only,fixed_dwell,20,uniform,0.2,60,Biological,28.38801383972168,0.5034817504009217,28.31890869140625,0.9928061054270464,0.027751253000133147
unet_uniform_only,fixed_dwell,20,uniform,0.2,61,Fibres,32.947574615478516,0.8031836103497,32.92607879638672,0.9928408585409253,0.02554403700014518
unet_uniform_only,fixed_dwell,20,uniform,0.2,62,Films_Coated_Surface,19.69513702392578,0.5503937782615989,19.34541893005371,0.9932926490213524,0.023419721000209393
unet_uniform_only,fixed_dwell,20,uniform,0.2,63,MEMS_devices_and_electrodes,23.24420166015625,0.6258999294891027,23.002092361450195,0.9918156416814947,0.023971169000105874
unet_uniform_only,fixed_dwell,20,uniform,0.2,64,Nanowires,39.90065002441406,0.9309117627148702,39.9168815612793,0.9908599310498222,0.01800792799986084
unet_uniform_only,fixed_dwell,20,uniform,0.2,65,Particles,35.82716369628906,0.8938091450410598,35.8166618347168,0.9942657362099645,0.022480185999484092
unet_uniform_only,fixed_dwell,20,uniform,0.2,66,Patterned_surface,18.459604263305664,0.6607016397372092,18.030059814453125,0.9911032028469751,0.02901665699937439
unet_uniform_only,fixed_dwell,20,uniform,0.2,67,Porous_Sponge,19.608327865600586,0.603704172418277,19.16415786743164,0.9912595918594307,0.029850028000510065
unet_uniform_only,fixed_dwell,20,uniform,0.2,68,Powder,23.018192291259766,0.5515767522557593,22.852678298950195,0.9889658863434164,0.02866917600022134
unet_uniform_only,fixed_dwell,20,uniform,0.2,69,Tips,36.10480499267578,0.8775981544797169,36.088356018066406,0.9909468138345197,0.02923496499988687
unet_uniform_only,fixed_dwell,20,uniform,0.2,70,Biological,24.47740364074707,0.3608947045997378,24.35930633544922,0.9894871830516014,0.02849115399931179
unet_uniform_only,fixed_dwell,20,uniform,0.2,71,Fibres,29.99343490600586,0.7173688749300359,29.94891929626465,0.993310025578292,0.029147346999707224
unet_uniform_only,fixed_dwell,20,uniform,0.2,72,Films_Coated_Surface,24.19973373413086,0.7208326774722834,23.914167404174805,0.9916592526690393,0.028967467000256875
unet_uniform_only,fixed_dwell,20,uniform,0.2,73,MEMS_devices_and_electrodes,24.669349670410156,0.6945221377191728,24.460737228393555,0.9908773076067616,0.028950494000127946
unet_uniform_only,fixed_dwell,20,uniform,0.2,74,Nanowires,35.8531379699707,0.8427901952640652,35.81113815307617,0.9913464746441282,0.028636535000259755
unet_uniform_only,fixed_dwell,20,uniform,0.2,75,Particles,34.57371139526367,0.8867323636969452,34.56719970703125,0.9895566892793595,0.0296434309993856
unet_uniform_only,fixed_dwell,20,uniform,0.2,76,Patterned_surface,24.889448165893555,0.72474176854937,24.635150909423828,0.9900779859875445,0.024908348999815644
unet_uniform_only,fixed_dwell,20,uniform,0.2,77,Porous_Sponge,23.349395751953125,0.5362605843601275,23.113113403320312,0.9917113823398578,0.02613867800027947
unet_uniform_only,fixed_dwell,20,uniform,0.2,78,Powder,24.3410701751709,0.6196555764057265,24.201995849609375,0.9904255171263345,0.02599841700066463
unet_uniform_only,fixed_dwell,20,uniform,0.2,79,Tips,27.68157958984375,0.4548258940995391,27.646347045898438,0.9935880504893239,0.02614272400023765
unet_uniform_only,fixed_dwell,20,uniform,0.2,80,Biological,29.488975524902344,0.5008141229142229,29.439125061035156,0.9888790035587189,0.02318733600077394
unet_uniform_only,fixed_dwell,20,uniform,0.2,81,Fibres,31.396522521972656,0.6749335318663923,31.38082504272461,0.9914681105427047,0.01901647500017134
unet_uniform_only,fixed_dwell,20,uniform,0.2,82,Films_Coated_Surface,23.921600341796875,0.6673147657352236,23.668596267700195,0.9923543149466193,0.019418922999648203
unet_uniform_only,fixed_dwell,20,uniform,0.2,83,MEMS_devices_and_electrodes,22.673303604125977,0.5091918758875449,22.493694305419922,0.9911379559608541,0.025051763999726973
unet_uniform_only,fixed_dwell,20,uniform,0.2,84,Nanowires,38.83457565307617,0.9684220915679032,38.85044860839844,0.9915376167704627,0.029706938000344962
unet_uniform_only,fixed_dwell,20,uniform,0.2,85,Particles,25.070415496826172,0.5561345288605497,24.910564422607422,0.9932057662366549,0.029244045999803348
unet_uniform_only,fixed_dwell,20,uniform,0.2,86,Patterned_surface,30.839176177978516,0.8405667973274844,30.580463409423828,0.9899215969750891,0.029257064000375976
unet_uniform_only,fixed_dwell,20,uniform,0.2,87,Porous_Sponge,22.650842666625977,0.527558437475016,22.349590301513672,0.9911727090747331,0.028616753999813227
unet_uniform_only,fixed_dwell,20,uniform,0.2,88,Powder,27.281654357910156,0.768832812760117,27.22907257080078,0.9929972475533808,0.029440682000313245
unet_uniform_only,fixed_dwell,20,uniform,0.2,89,Tips,27.826948165893555,0.4258029519864053,27.77162742614746,0.9908251779359432,0.028876354999738396
unet_uniform_only,fixed_dwell,20,uniform,0.2,90,Biological,28.865982055664062,0.4778409503815107,28.816768646240234,0.9915723698843418,0.028911192000123265
unet_uniform_only,fixed_dwell,20,uniform,0.2,91,Fibres,32.403350830078125,0.8143664217194992,32.3875732421875,0.9930146241103205,0.028456101000301715
unet_uniform_only,fixed_dwell,20,uniform,0.2,92,Films_Coated_Surface,24.047555923461914,0.4889427844670347,23.92220687866211,0.9913117215302492,0.03014108400020632
unet_uniform_only,fixed_dwell,20,uniform,0.2,93,MEMS_devices_and_electrodes,29.594194412231445,0.8125420943416082,29.519622802734375,0.9902169984430607,0.026997841999218508
unet_uniform_only,fixed_dwell,20,uniform,0.2,94,Nanowires,16.426807403564453,0.7180493161875448,15.888191223144531,0.9928234819839858,0.030016120000254887
unet_uniform_only,fixed_dwell,20,uniform,0.2,95,Particles,28.637332916259766,0.5921758843203462,28.26372528076172,0.9913117215302492,0.025018184000145993
unet_uniform_only,fixed_dwell,20,uniform,0.2,96,Patterned_surface,25.217981338500977,0.5456037120223867,25.026031494140625,0.9908599310498222,0.0236577670002589
unet_uniform_only,fixed_dwell,20,uniform,0.2,97,Porous_Sponge,25.12494659423828,0.6365327276830084,25.243818283081055,0.9892091581405695,0.02143844900001568
unet_uniform_only,fixed_dwell,20,uniform,0.2,98,Powder,32.209571838378906,0.8790145417476828,32.17353057861328,0.9885314724199289,0.019373369000277307
unet_uniform_only,fixed_dwell,20,uniform,0.2,99,Tips,31.116230010986328,0.6905438877472222,31.0115909576416,0.9912422153024912,0.024022992000027443
unet_uniform_only,fixed_dwell,20,uniform,0.3,0,Biological,24.905271530151367,0.42465471498497886,24.724397659301758,1.3103244550711746,0.025609727000301064
unet_uniform_only,fixed_dwell,20,uniform,0.3,1,Fibres,24.34943199157715,0.6615185007531286,24.099925994873047,1.3101506895017796,0.027020022999749926
unet_uniform_only,fixed_dwell,20,uniform,0.3,2,Films_Coated_Surface,25.54813575744629,0.4667294794129882,25.40226173400879,1.3147902302046264,0.027276951000203553
unet_uniform_only,fixed_dwell,20,uniform,0.3,3,MEMS_devices_and_electrodes,25.065832138061523,0.3349716676394178,24.78057098388672,1.3111237766903914,0.028730185000313213
unet_uniform_only,fixed_dwell,20,uniform,0.3,4,Nanowires,21.615734100341797,0.7805545189727023,20.921916961669922,1.3163541203291813,0.029751791000308003
unet_uniform_only,fixed_dwell,20,uniform,0.3,5,Particles,19.05585289001465,0.4718179859788279,18.574302673339844,1.312183746663701,0.028983872999560845
unet_uniform_only,fixed_dwell,20,uniform,0.3,6,Patterned_surface,26.474506378173828,0.5665332040647993,26.325824737548828,1.3099247942615662,0.02920565299973532
unet_uniform_only,fixed_dwell,20,uniform,0.3,7,Porous_Sponge,24.92273712158203,0.5470109582125335,24.700620651245117,1.3111064001334523,0.0272201120005775
unet_uniform_only,fixed_dwell,20,uniform,0.3,8,Powder,19.575206756591797,0.4136988064230406,19.119422912597656,1.3124965246886122,0.027271953000308713
unet_uniform_only,fixed_dwell,20,uniform,0.3,9,Tips,33.72700119018555,0.9122182174213371,33.51990509033203,1.3135391181049823,0.02862145499966573
unet_uniform_only,fixed_dwell,20,uniform,0.3,10,Biological,27.467754364013672,0.43053825737591267,27.350732803344727,1.3108457517793595,0.028532798000014736
unet_uniform_only,fixed_dwell,20,uniform,0.3,11,Fibres,29.11237335205078,0.7262105332652766,28.971765518188477,1.311836215524911,0.029094513000018196
unet_uniform_only,fixed_dwell,20,uniform,0.3,12,Films_Coated_Surface,26.85742950439453,0.5084260684742554,26.69263458251953,1.3095425100088969,0.02761717600060365
unet_uniform_only,fixed_dwell,20,uniform,0.3,13,MEMS_devices_and_electrodes,25.92717933654785,0.40128920214965325,25.553226470947266,1.3128093027135233,0.027756462000070314
unet_uniform_only,fixed_dwell,20,uniform,0.3,14,Nanowires,16.444557189941406,0.6773352924479753,15.565098762512207,1.3091080960854096,0.029775918000268575
unet_uniform_only,fixed_dwell,20,uniform,0.3,15,Particles,38.82231140136719,0.9226129226772177,38.86188888549805,1.3115060609430607,0.022274250999544165
unet_uniform_only,fixed_dwell,20,uniform,0.3,16,Patterned_surface,22.723796844482422,0.6967645533859252,22.437232971191406,1.3109847642348758,0.02854009800012136
unet_uniform_only,fixed_dwell,20,uniform,0.3,17,Porous_Sponge,19.12681770324707,0.6165108555141388,18.450992584228516,1.3126876668149468,0.02886103600030765
unet_uniform_only,fixed_dwell,20,uniform,0.3,18,Powder,22.552494049072266,0.6146758098412759,22.306629180908203,1.3141646741548045,0.02736715299943171
unet_uniform_only,fixed_dwell,20,uniform,0.3,19,Tips,27.367816925048828,0.8378191379704628,27.288578033447266,1.3110542704626333,0.027687349000188988
unet_uniform_only,fixed_dwell,20,uniform,0.3,20,Biological,26.718969345092773,0.6279972453470578,26.57686996459961,1.309855288033808,0.026469503000043915
unet_uniform_only,fixed_dwell,20,uniform,0.3,21,Fibres,25.9139461517334,0.761509715760192,25.814363479614258,1.308812694617438,0.02753694200055179
unet_uniform_only,fixed_dwell,20,uniform,0.3,22,Films_Coated_Surface,17.178302764892578,0.6709809763755362,16.534353256225586,1.3085346697064058,0.026585399999930814
unet_uniform_only,fixed_dwell,20,uniform,0.3,23,MEMS_devices_and_electrodes,25.970474243164062,0.38849543845049134,25.87108612060547,1.3100985598309611,0.02838378499927785
unet_uniform_only,fixed_dwell,20,uniform,0.3,24,Nanowires,15.138593673706055,0.4908263343740342,14.375225067138672,1.3098031583629894,0.026827634000255784
unet_uniform_only,fixed_dwell,20,uniform,0.3,25,Particles,32.57497787475586,0.652474827270077,32.48680877685547,1.3138345195729537,0.02765454000018508
unet_uniform_only,fixed_dwell,20,uniform,0.3,26,Patterned_surface,20.38475799560547,0.4614652308922762,19.845197677612305,1.311975227980427,0.029480878999493143
unet_uniform_only,fixed_dwell,20,uniform,0.3,27,Porous_Sponge,24.83872413635254,0.37664690493948877,24.703176498413086,1.3079438667704626,0.029482506000022113
unet_uniform_only,fixed_dwell,20,uniform,0.3,28,Powder,25.245664596557617,0.6997206805156502,25.095216751098633,1.3105329737544484,0.027563181000004988
unet_uniform_only,fixed_dwell,20,uniform,0.3,29,Tips,40.92020034790039,0.9755060153465868,40.9337272644043,1.310515597197509,0.028656964000219887
unet_uniform_only,fixed_dwell,20,uniform,0.3,30,Biological,26.957294464111328,0.3917159944419985,26.835716247558594,1.3114365547153026,0.028506035999271262
unet_uniform_only,fixed_dwell,20,uniform,0.3,31,Fibres,34.06432342529297,0.7552545577432067,34.05872344970703,1.3120968638790038,0.028951770999810833
unet_uniform_only,fixed_dwell,20,uniform,0.3,32,Films_Coated_Surface,24.434358596801758,0.4831106620880986,24.38309669494629,1.310202819172598,0.028303811000114365
unet_uniform_only,fixed_dwell,20,uniform,0.3,33,MEMS_devices_and_electrodes,26.092864990234375,0.6560842096746142,25.582469940185547,1.3118883451957295,0.029673839000679436
unet_uniform_only,fixed_dwell,20,uniform,0.3,34,Nanowires,29.514074325561523,0.7986799863507307,29.357547760009766,1.3102549488434165,0.02888832300050126
unet_uniform_only,fixed_dwell,20,uniform,0.3,35,Particles,32.36479949951172,0.8308876599467345,32.31891632080078,1.3101159363879002,0.029342963000090094
unet_uniform_only,fixed_dwell,20,uniform,0.3,36,Patterned_surface,33.03492736816406,0.9015335433316838,32.58418655395508,1.3090385898576515,0.02925737100031256
unet_uniform_only,fixed_dwell,20,uniform,0.3,37,Porous_Sponge,17.749849319458008,0.5590801001997578,17.189294815063477,1.3107588689946619,0.02694365099978313
unet_uniform_only,fixed_dwell,20,uniform,0.3,38,Powder,22.584491729736328,0.4069146951201876,22.32448959350586,1.3091428491992885,0.029711834000409
unet_uniform_only,fixed_dwell,20,uniform,0.3,39,Tips,36.6541862487793,0.8686823542743806,36.64080047607422,1.3095251334519573,0.029121934000613692
unet_uniform_only,fixed_dwell,20,uniform,0.3,40,Biological,23.920997619628906,0.5228763003239864,23.754737854003906,1.3110021407918149,0.028867230000287236
unet_uniform_only,fixed_dwell,20,uniform,0.3,41,Fibres,29.950105667114258,0.7802571532505858,29.869070053100586,1.3107067393238434,0.028490005000094243
unet_uniform_only,fixed_dwell,20,uniform,0.3,42,Films_Coated_Surface,27.07106590270996,0.4464983154767536,26.98398208618164,1.3119578514234875,0.02844610099964484
unet_uniform_only,fixed_dwell,20,uniform,0.3,43,MEMS_devices_and_electrodes,22.53927993774414,0.3770354611204645,22.562328338623047,1.3096988990213523,0.02700344199911342
unet_uniform_only,fixed_dwell,20,uniform,0.3,44,Nanowires,24.51249885559082,0.4641222095191862,24.333494186401367,1.3099247942615662,0.027147267000145803
unet_uniform_only,fixed_dwell,20,uniform,0.3,45,Particles,37.46263885498047,0.9505648381980023,37.521812438964844,1.30594556272242,0.025260868999794184
unet_uniform_only,fixed_dwell,20,uniform,0.3,46,Patterned_surface,28.384286880493164,0.6360156868729917,28.261104583740234,1.3098379114768683,0.02588355700027023
unet_uniform_only,fixed_dwell,20,uniform,0.3,47,Porous_Sponge,25.216014862060547,0.5612427679672346,24.996824264526367,1.3133305994217084,0.025887022000461002
unet_uniform_only,fixed_dwell,20,uniform,0.3,48,Powder,25.853313446044922,0.5575636992028439,25.716283798217773,1.3078917370996441,0.02394847200048389
unet_uniform_only,fixed_dwell,20,uniform,0.3,49,Tips,19.394039154052734,0.3211260328482611,18.947603225708008,1.3099769239323846,0.028058647000761994
unet_uniform_only,fixed_dwell,20,uniform,0.3,50,Biological,24.956300735473633,0.3401269775458748,24.79446029663086,1.310272325400356,0.02852634000009857
unet_uniform_only,fixed_dwell,20,uniform,0.3,51,Fibres,31.660871505737305,0.7168474469067363,31.636545181274414,1.3100811832740213,0.029530319000514282
unet_uniform_only,fixed_dwell,20,uniform,0.3,52,Films_Coated_Surface,19.993274688720703,0.7444838723144989,19.56020164489746,1.310446090969751,0.02932799399968644
unet_uniform_only,fixed_dwell,20,uniform,0.3,53,MEMS_devices_and_electrodes,35.616371154785156,0.8819616950190107,36.06584930419922,1.308152385453737,0.027094219999526103
unet_uniform_only,fixed_dwell,20,uniform,0.3,54,Nanowires,31.295101165771484,0.7552093298804696,31.219078063964844,1.3126007840302492,0.028606216000298446
unet_uniform_only,fixed_dwell,20,uniform,0.3,55,Particles,27.452756881713867,0.4160391397114645,27.379314422607422,1.310897881450178,0.028885603999697196
unet_uniform_only,fixed_dwell,20,uniform,0.3,56,Patterned_surface,25.4686336517334,0.6195598777774294,25.256912231445312,1.3134174822064058,0.027677791000314755
unet_uniform_only,fixed_dwell,20,uniform,0.3,57,Porous_Sponge,22.812992095947266,0.5095522103129507,22.467239379882812,1.3126355371441283,0.029175472999668273
unet_uniform_only,fixed_dwell,20,uniform,0.3,58,Powder,19.957538604736328,0.4225063319958848,19.50364112854004,1.3097684052491103,0.029410914999971283
unet_uniform_only,fixed_dwell,20,uniform,0.3,59,Tips,35.49970245361328,0.847068542026619,35.50541687011719,1.3097336521352314,0.027592773999458586
unet_uniform_only,fixed_dwell,20,uniform,0.3,60,Biological,28.715835571289062,0.5135028125206874,28.634641647338867,1.3133827290925268,0.029071805000057793
unet_uniform_only,fixed_dwell,20,uniform,0.3,61,Fibres,33.50439453125,0.8118489627648258,33.48404312133789,1.311071647019573,0.028540510999846447
unet_uniform_only,fixed_dwell,20,uniform,0.3,62,Films_Coated_Surface,20.80422592163086,0.6036228661644626,20.34682846069336,1.3090733429715302,0.028935204999470443
unet_uniform_only,fixed_dwell,20,uniform,0.3,63,MEMS_devices_and_electrodes,24.022174835205078,0.6631625039606727,23.713083267211914,1.3100464301601427,0.027520990000084566
unet_uniform_only,fixed_dwell,20,uniform,0.3,64,Nanowires,40.20127868652344,0.9315408735470521,40.20685577392578,1.3088822008451957,0.027398279999943043
unet_uniform_only,fixed_dwell,20,uniform,0.3,65,Particles,36.08671569824219,0.893991864784507,36.108306884765625,1.3105677268683276,0.028763342999809538
unet_uniform_only,fixed_dwell,20,uniform,0.3,66,Patterned_surface,19.29651641845703,0.7122202297465999,18.58047103881836,1.311592943727758,0.02995736000048055
unet_uniform_only,fixed_dwell,20,uniform,0.3,67,Porous_Sponge,20.470611572265625,0.6533429700316151,19.86284637451172,1.3109152580071175,0.029130342000826204
unet_uniform_only,fixed_dwell,20,uniform,0.3,68,Powder,23.684595108032227,0.578780064781598,23.462846755981445,1.3107588689946619,0.030308178000268526
unet_uniform_only,fixed_dwell,20,uniform,0.3,69,Tips,36.72126770019531,0.8791345817338371,36.748207092285156,1.309681522464413,0.02766799799974251
unet_uniform_only,fixed_dwell,20,uniform,0.3,70,Biological,24.84121322631836,0.4114110696945389,24.670570373535156,1.3103418316281141,0.02981015700061107
unet_uniform_only,fixed_dwell,20,uniform,0.3,71,Fibres,30.626625061035156,0.7332716076906698,30.55693817138672,1.3087953180604983,0.028290758000366623
unet_uniform_only,fixed_dwell,20,uniform,0.3,72,Films_Coated_Surface,25.357284545898438,0.7473084394719752,24.959230422973633,1.3129656917259787,0.028861502999461663
unet_uniform_only,fixed_dwell,20,uniform,0.3,73,MEMS_devices_and_electrodes,25.276702880859375,0.7128098393340416,24.932031631469727,1.311836215524911,0.029624046000208182
unet_uniform_only,fixed_dwell,20,uniform,0.3,74,Nanowires,36.26503372192383,0.8440171072035506,36.25834274291992,1.309160225756228,0.028591592999873683
unet_uniform_only,fixed_dwell,20,uniform,0.3,75,Particles,35.33152770996094,0.8884384170612026,35.32245635986328,1.3128266792704626,0.029117724000570888
unet_uniform_only,fixed_dwell,20,uniform,0.3,76,Patterned_surface,25.817670822143555,0.7401418191435167,25.523197174072266,1.3130004448398576,0.028714413000670902
unet_uniform_only,fixed_dwell,20,uniform,0.3,77,Porous_Sponge,24.198997497558594,0.5614816773788066,23.909748077392578,1.3098205349199288,0.029826830999809317
unet_uniform_only,fixed_dwell,20,uniform,0.3,78,Powder,25.129619598388672,0.6539264438867236,24.949420928955078,1.3112106594750892,0.02975737900032982
unet_uniform_only,fixed_dwell,20,uniform,0.3,79,Tips,27.850130081176758,0.45968811758485945,27.801759719848633,1.3111064001334523,0.028976534999856085
unet_uniform_only,fixed_dwell,20,uniform,0.3,80,Biological,29.594886779785156,0.5084854748183838,29.527910232543945,1.310897881450178,0.02889871099978336
unet_uniform_only,fixed_dwell,20,uniform,0.3,81,Fibres,31.75729751586914,0.6823850944897581,31.724449157714844,1.3122184997775803,0.0286502399994788
unet_uniform_only,fixed_dwell,20,uniform,0.3,82,Films_Coated_Surface,24.86503791809082,0.7004980085444601,24.50835418701172,1.3109326345640573,0.02959764300067036
unet_uniform_only,fixed_dwell,20,uniform,0.3,83,MEMS_devices_and_electrodes,22.993982315063477,0.5440559238652951,22.76755142211914,1.3072835576067614,0.028714948000015283
unet_uniform_only,fixed_dwell,20,uniform,0.3,84,Nanowires,39.42015838623047,0.9694927601130711,39.441017150878906,1.3122184997775803,0.028955625999515178
unet_uniform_only,fixed_dwell,20,uniform,0.3,85,Particles,25.834596633911133,0.5721454676791073,25.647647857666016,1.3095598865658364,0.027762586999415362
unet_uniform_only,fixed_dwell,20,uniform,0.3,86,Patterned_surface,31.809358596801758,0.8449002713151771,31.45550537109375,1.3086736821619218,0.029456178000145883
unet_uniform_only,fixed_dwell,20,uniform,0.3,87,Porous_Sponge,23.362823486328125,0.5529521494429651,22.9329891204834,1.3125834074733098,0.027045914999689558
unet_uniform_only,fixed_dwell,20,uniform,0.3,88,Powder,28.10717010498047,0.7869370429704117,28.03586196899414,1.3099595473754448,0.02955257800022082
unet_uniform_only,fixed_dwell,20,uniform,0.3,89,Tips,27.97803497314453,0.4293247870149559,27.91106414794922,1.3122011232206408,0.027855565999743703
unet_uniform_only,fixed_dwell,20,uniform,0.3,90,Biological,29.0689697265625,0.48631792667185697,29.00674819946289,1.311488684386121,0.02882086400040862
unet_uniform_only,fixed_dwell,20,uniform,0.3,91,Fibres,32.969810485839844,0.8177884994766335,32.97388458251953,1.3106719862099645,0.02864480599964736
unet_uniform_only,fixed_dwell,20,uniform,0.3,92,Films_Coated_Surface,24.44766616821289,0.5336126509142395,24.304292678833008,1.3087084352758007,0.02761309200013784
unet_uniform_only,fixed_dwell,20,uniform,0.3,93,MEMS_devices_and_electrodes,30.480995178222656,0.8258138987410221,30.38208770751953,1.3136781305604983,0.029168553999625146
unet_uniform_only,fixed_dwell,20,uniform,0.3,94,Nanowires,17.79136848449707,0.7805987399071266,17.051380157470703,1.310863128336299,0.02919204299996636
unet_uniform_only,fixed_dwell,20,uniform,0.3,95,Particles,29.508848190307617,0.6011755350528629,29.02216911315918,1.3096293927935945,0.02914062699983333
unet_uniform_only,fixed_dwell,20,uniform,0.3,96,Patterned_surface,25.812644958496094,0.5884483147457464,25.52725601196289,1.3100464301601427,0.02964234800037957
unet_uniform_only,fixed_dwell,20,uniform,0.3,97,Porous_Sponge,26.131912231445312,0.6949005033981664,26.26657485961914,1.310446090969751,0.027351566000106686
unet_uniform_only,fixed_dwell,20,uniform,0.3,98,Powder,33.0931510925293,0.8880699388969475,33.04457473754883,1.3118535920818506,0.028543264999825624
unet_uniform_only,fixed_dwell,20,uniform,0.3,99,Tips,31.733762741088867,0.6955627350599604,31.62771224975586,1.3125312778024911,0.027664490999995905
unet_uniform_only,fixed_dwell,20,partial_raster,0.05,0,Biological,20.30514144897461,0.1935874409801073,20.368305206298828,0.05078125,0.028468006999901263
unet_uniform_only,fixed_dwell,20,partial_raster,0.05,1,Fibres,18.051645278930664,0.2229334565095189,17.949462890625,0.05078125,0.02868550800030789
unet_uniform_only,fixed_dwell,20,partial_raster,0.05,2,Films_Coated_Surface,20.59563446044922,0.22602921798998804,20.585453033447266,0.05078125,0.023653072000342945
unet_uniform_only,fixed_dwell,20,partial_raster,0.05,3,MEMS_devices_and_electrodes,21.827001571655273,0.23549946823745346,21.784154891967773,0.05078125,0.024215675999585073
unet_uniform_only,fixed_dwell,20,partial_raster,0.05,4,Nanowires,14.647466659545898,0.2014084839491096,14.445723533630371,0.05078125,0.028671930999735196
unet_uniform_only,fixed_dwell,20,partial_raster,0.05,5,Particles,15.984071731567383,0.16366101210133885,15.85039234161377,0.05078125,0.02746569400005683
unet_uniform_only,fixed_dwell,20,partial_raster,0.05,6,Patterned_surface,20.38991928100586,0.3623387518061294,20.256515502929688,0.05078125,0.025141299000097206
unet_uniform_only,fixed_dwell,20,partial_raster,0.05,7,Porous_Sponge,19.69180679321289,0.29818377059124274,19.59041976928711,0.05078125,0.021824710999680974
unet_uniform_only,fixed_dwell,20,partial_raster,0.05,8,Powder,15.687886238098145,0.194549547935361,15.531888961791992,0.05078125,0.028690675000689225
unet_uniform_only,fixed_dwell,20,partial_raster,0.05,9,Tips,30.212574005126953,0.8496173567644285,30.395343780517578,0.05078125,0.02819107300001633
unet_uniform_only,fixed_dwell,20,partial_raster,0.05,10,Biological,21.84271240234375,0.20185734827118615,22.07765769958496,0.05078125,0.028071142000044347
unet_uniform_only,fixed_dwell,20,partial_raster,0.05,11,Fibres,21.388338088989258,0.3482951024291636,21.394731521606445,0.05078125,0.019776705000367656
unet_uniform_only,fixed_dwell,20,partial_raster,0.05,12,Films_Coated_Surface,22.541748046875,0.26475245537156894,22.609275817871094,0.05078125,0.02753728300012881
unet_uniform_only,fixed_dwell,20,partial_raster,0.05,13,MEMS_devices_and_electrodes,24.19463348388672,0.3190325245674645,24.125141143798828,0.05078125,0.02869436999935715
unet_uniform_only,fixed_dwell,20,partial_raster,0.05,14,Nanowires,11.921039581298828,0.13046895542691195,11.732735633850098,0.05078125,0.02823887199974706
unet_uniform_only,fixed_dwell,20,partial_raster,0.05,15,Particles,24.403640747070312,0.32908529325221125,25.12021827697754,0.05078125,0.01939288799985661
unet_uniform_only,fixed_dwell,20,partial_raster,0.05,16,Patterned_surface,17.489654541015625,0.18920061604134608,17.432910919189453,0.05078125,0.027725841999199474
unet_uniform_only,fixed_dwell,20,partial_raster,0.05,17,Porous_Sponge,11.869718551635742,0.17956075839158053,11.679669380187988,0.05078125,0.028680518000328448
unet_uniform_only,fixed_dwell,20,partial_raster,0.05,18,Powder,17.027099609375,0.2826593903249763,16.889598846435547,0.05078125,0.029117627999767137
unet_uniform_only,fixed_dwell,20,partial_raster,0.05,19,Tips,22.806350708007812,0.6877674069305584,22.768016815185547,0.05078125,0.026033623999865085
unet_uniform_only,fixed_dwell,20,partial_raster,0.05,20,Biological,20.230396270751953,0.4484390975216786,20.13648796081543,0.05078125,0.022214577000340796
unet_uniform_only,fixed_dwell,20,partial_raster,0.05,21,Fibres,17.999614715576172,0.19144860278382286,17.890220642089844,0.05078125,0.029097560000082012
unet_uniform_only,fixed_dwell,20,partial_raster,0.05,22,Films_Coated_Surface,11.496389389038086,0.14521291495527194,11.31299877166748,0.05078125,0.028822354000112682
unet_uniform_only,fixed_dwell,20,partial_raster,0.05,23,MEMS_devices_and_electrodes,23.361873626708984,0.35227043020803034,23.259323120117188,0.05078125,0.027714925000509538
unet_uniform_only,fixed_dwell,20,partial_raster,0.05,24,Nanowires,12.260054588317871,0.08561233918887004,12.092266082763672,0.05078125,0.017997423999986495
unet_uniform_only,fixed_dwell,20,partial_raster,0.05,25,Particles,27.954626083374023,0.5168832149558027,28.59142303466797,0.05078125,0.029817112000273482
unet_uniform_only,fixed_dwell,20,partial_raster,0.05,26,Patterned_surface,16.35312271118164,0.16204064292840056,16.242454528808594,0.05078125,0.027417471000262594
unet_uniform_only,fixed_dwell,20,partial_raster,0.05,27,Porous_Sponge,19.557987213134766,0.22853643794516093,19.5461483001709,0.05078125,0.027865180999469885
unet_uniform_only,fixed_dwell,20,partial_raster,0.05,28,Powder,18.89920997619629,0.339243688686206,18.76226043701172,0.05078125,0.021828164999533328
unet_uniform_only,fixed_dwell,20,partial_raster,0.05,29,Tips,35.33757781982422,0.9482773876764624,35.346256256103516,0.05078125,0.02610030000050756
unet_uniform_only,fixed_dwell,20,partial_raster,0.05,30,Biological,20.912025451660156,0.1884051736186308,21.19717788696289,0.05078125,0.02791438000076596
unet_uniform_only,fixed_dwell,20,partial_raster,0.05,31,Fibres,22.032291412353516,0.22747937303857838,22.533864974975586,0.05078125,0.029824123999787844
unet_uniform_only,fixed_dwell,20,partial_raster,0.05,32,Films_Coated_Surface,18.977054595947266,0.14274488458834886,19.039278030395508,0.05078125,0.028995106000365922
unet_uniform_only,fixed_dwell,20,partial_raster,0.05,33,MEMS_devices_and_electrodes,19.604642868041992,0.5487773920964251,19.4307861328125,0.05078125,0.017486815000665956
unet_uniform_only,fixed_dwell,20,partial_raster,0.05,34,Nanowires,21.984424591064453,0.3511682653391547,21.905502319335938,0.05078125,0.02952252800059796
unet_uniform_only,fixed_dwell,20,partial_raster,0.05,35,Particles,25.12718963623047,0.6511900072619901,25.225189208984375,0.05078125,0.0280836800002362
unet_uniform_only,fixed_dwell,20,partial_raster,0.05,36,Patterned_surface,23.61031723022461,0.6657139391785376,23.52109146118164,0.05078125,0.02775274499981606
unet_uniform_only,fixed_dwell,20,partial_raster,0.05,37,Porous_Sponge,13.892339706420898,0.26928509505621995,13.720784187316895,0.05078125,0.025991060000706057
unet_uniform_only,fixed_dwell,20,partial_raster,0.05,38,Powder,18.35782814025879,0.20818085814349824,18.22964859008789,0.05078125,0.02167224300046655
unet_uniform_only,fixed_dwell,20,partial_raster,0.05,39,Tips,25.665802001953125,0.41605863891625366,26.595375061035156,0.05078125,0.02832378399943991
unet_uniform_only,fixed_dwell,20,partial_raster,0.05,40,Biological,18.57073974609375,0.2090336672106156,18.509815216064453,0.05078125,0.029234524000457895
unet_uniform_only,fixed_dwell,20,partial_raster,0.05,41,Fibres,21.95470428466797,0.432606616649107,21.954050064086914,0.05078125,0.03007778099981806
unet_uniform_only,fixed_dwell,20,partial_raster,0.05,42,Films_Coated_Surface,20.152469635009766,0.15580408179726232,20.378341674804688,0.05078125,0.01970587899995735
unet_uniform_only,fixed_dwell,20,partial_raster,0.05,43,MEMS_devices_and_electrodes,18.88646697998047,0.19770701439885516,18.769184112548828,0.05078125,0.02718019700023433
unet_uniform_only,fixed_dwell,20,partial_raster,0.05,44,Nanowires,20.55992317199707,0.3605676001262218,20.462129592895508,0.05078125,0.029393658000117284
unet_uniform_only,fixed_dwell,20,partial_raster,0.05,45,Particles,20.641490936279297,0.4497400720813225,20.851716995239258,0.05078125,0.0291444730000876
unet_uniform_only,fixed_dwell,20,partial_raster,0.05,46,Patterned_surface,24.11864471435547,0.4392687812871282,24.286842346191406,0.05078125,0.025072544000067865
unet_uniform_only,fixed_dwell,20,partial_raster,0.05,47,Porous_Sponge,19.497196197509766,0.3071099133558457,19.390657424926758,0.05078125,0.02224043500063999
unet_uniform_only,fixed_dwell,20,partial_raster,0.05,48,Powder,20.43714714050293,0.2862183534503848,20.422060012817383,0.05078125,0.02912442899923917
unet_uniform_only,fixed_dwell,20,partial_raster,0.05,49,Tips,16.255985260009766,0.13050063952815463,16.154541015625,0.05078125,0.029563019999841345
unet_uniform_only,fixed_dwell,20,partial_raster,0.05,50,Biological,19.90432357788086,0.15683373336539305,20.01064109802246,0.05078125,0.02875173000029463
unet_uniform_only,fixed_dwell,20,partial_raster,0.05,51,Fibres,22.095849990844727,0.24141408488063637,22.446044921875,0.05078125,0.025959350999983144
unet_uniform_only,fixed_dwell,20,partial_raster,0.05,52,Films_Coated_Surface,13.16310977935791,0.21225364347486128,12.982648849487305,0.05078125,0.021757501999672968
unet_uniform_only,fixed_dwell,20,partial_raster,0.05,53,MEMS_devices_and_electrodes,27.46990966796875,0.782918240847827,27.478158950805664,0.05078125,0.029866829999264155
unet_uniform_only,fixed_dwell,20,partial_raster,0.05,54,Nanowires,26.559688568115234,0.5821030890986794,26.65827751159668,0.05078125,0.027836123000270163
unet_uniform_only,fixed_dwell,20,partial_raster,0.05,55,Particles,22.037879943847656,0.240299050279241,22.38414764404297,0.05078125,0.02854545100035466
unet_uniform_only,fixed_dwell,20,partial_raster,0.05,56,Patterned_surface,18.42707633972168,0.4175552503100854,18.29872703552246,0.05078125,0.021647277999363723
unet_uniform_only,fixed_dwell,20,partial_raster,0.05,57,Porous_Sponge,17.901323318481445,0.21680145319485822,17.842615127563477,0.05078125,0.025539834000483097
unet_uniform_only,fixed_dwell,20,partial_raster,0.05,58,Powder,17.1162109375,0.11887915155399342,17.016498565673828,0.05078125,0.030065633000049274
unet_uniform_only,fixed_dwell,20,partial_raster,0.05,59,Tips,24.861669540405273,0.39743808272455133,25.541194915771484,0.05078125,0.02862693999941257
unet_uniform_only,fixed_dwell,20,partial_raster,0.05,60,Biological,21.190832138061523,0.19518969939957212,21.551179885864258,0.05078125,0.029206618999523926
unet_uniform_only,fixed_dwell,20,partial_raster,0.05,61,Fibres,23.966167449951172,0.33372172821999,24.392240524291992,0.05078125,0.01769116900049994
unet_uniform_only,fixed_dwell,20,partial_raster,0.05,62,Films_Coated_Surface,14.428611755371094,0.1737466640142553,14.272176742553711,0.05078125,0.029463027000019792
unet_uniform_only,fixed_dwell,20,partial_raster,0.05,63,MEMS_devices_and_electrodes,18.66149139404297,0.4398666000248349,18.536996841430664,0.05078125,0.02831669300030626
unet_uniform_only,fixed_dwell,20,partial_raster,0.05,64,Nanowires,36.15401077270508,0.8828654347819886,36.81492233276367,0.05078125,0.028886832000353024
unet_uniform_only,fixed_dwell,20,partial_raster,0.05,65,Particles,23.108613967895508,0.30729815919484227,23.773815155029297,0.05078125,0.026032149999991816
unet_uniform_only,fixed_dwell,20,partial_raster,0.05,66,Patterned_surface,17.24822425842285,0.5002185926538284,17.107580184936523,0.05078125,0.0215373239998371
unet_uniform_only,fixed_dwell,20,partial_raster,0.05,67,Porous_Sponge,14.80518913269043,0.2868843127983435,14.620543479919434,0.05078125,0.02762787899973773
unet_uniform_only,fixed_dwell,20,partial_raster,0.05,68,Powder,17.622777938842773,0.3243466286266827,17.486135482788086,0.05078125,0.027639201999591023
unet_uniform_only,fixed_dwell,20,partial_raster,0.05,69,Tips,24.342533111572266,0.365159591310612,24.912769317626953,0.05078125,0.029012574000262248
unet_uniform_only,fixed_dwell,20,partial_raster,0.05,70,Biological,20.036540985107422,0.1676808971992676,20.125648498535156,0.05078125,0.02142495299995062
unet_uniform_only,fixed_dwell,20,partial_raster,0.05,71,Fibres,22.585498809814453,0.3226434857068325,22.83303451538086,0.05078125,0.026254090999827895
unet_uniform_only,fixed_dwell,20,partial_raster,0.05,72,Films_Coated_Surface,15.096380233764648,0.35213292960554304,14.928716659545898,0.05078125,0.030027570000129344
unet_uniform_only,fixed_dwell,20,partial_raster,0.05,73,MEMS_devices_and_electrodes,20.68238067626953,0.4581973748373723,20.627666473388672,0.05078125,0.027220295000006445
unet_uniform_only,fixed_dwell,20,partial_raster,0.05,74,Nanowires,29.060768127441406,0.6046053258770356,29.899728775024414,0.05078125,0.030219569000109914
unet_uniform_only,fixed_dwell,20,partial_raster,0.05,75,Particles,26.61525535583496,0.6183174455145521,26.860074996948242,0.05078125,0.01999626800079568
unet_uniform_only,fixed_dwell,20,partial_raster,0.05,76,Patterned_surface,17.14993667602539,0.5557635405586606,16.98557472229004,0.05078125,0.02764968300016335
unet_uniform_only,fixed_dwell,20,partial_raster,0.05,77,Porous_Sponge,16.349679946899414,0.28896351227484185,16.189237594604492,0.05078125,0.02944303399999626
unet_uniform_only,fixed_dwell,20,partial_raster,0.05,78,Powder,18.849241256713867,0.350057575314153,18.71381378173828,0.05078125,0.027838147999318608
unet_uniform_only,fixed_dwell,20,partial_raster,0.05,79,Tips,21.63801383972168,0.2672088040438892,21.942523956298828,0.05078125,0.025264731999413925
unet_uniform_only,fixed_dwell,20,partial_raster,0.05,80,Biological,21.060813903808594,0.17352659357587724,21.410276412963867,0.05078125,0.02129001600042102
unet_uniform_only,fixed_dwell,20,partial_raster,0.05,81,Fibres,21.6274471282959,0.22531523416386667,22.027151107788086,0.05078125,0.02875706199938577
unet_uniform_only,fixed_dwell,20,partial_raster,0.05,82,Films_Coated_Surface,16.546438217163086,0.2191005344272628,16.450836181640625,0.05078125,0.027801476000604453
unet_uniform_only,fixed_dwell,20,partial_raster,0.05,83,MEMS_devices_and_electrodes,17.0728816986084,0.2923418985854178,16.904085159301758,0.05078125,0.027324722000230395
unet_uniform_only,fixed_dwell,20,partial_raster,0.05,84,Nanowires,32.477664947509766,0.8834887765795615,32.75492858886719,0.05078125,0.019794038999862096
unet_uniform_only,fixed_dwell,20,partial_raster,0.05,85,Particles,18.697975158691406,0.3048090337071984,18.58859634399414,0.05078125,0.028996488000302634
unet_uniform_only,fixed_dwell,20,partial_raster,0.05,86,Patterned_surface,21.768672943115234,0.7102168705890499,21.601318359375,0.05078125,0.028645401999710884
unet_uniform_only,fixed_dwell,20,partial_raster,0.05,87,Porous_Sponge,17.9564151763916,0.2674492557420254,17.866500854492188,0.05078125,0.029230692999590246
unet_uniform_only,fixed_dwell,20,partial_raster,0.05,88,Powder,21.57576560974121,0.5596033273148144,21.48151206970215,0.05078125,0.021489703000042937
unet_uniform_only,fixed_dwell,20,partial_raster,0.05,89,Tips,25.528465270996094,0.36423531679695115,25.742145538330078,0.05078125,0.02615710299960483
unet_uniform_only,fixed_dwell,20,partial_raster,0.05,90,Biological,21.095279693603516,0.17625703819176672,21.416683197021484,0.05078125,0.029332701000384986
unet_uniform_only,fixed_dwell,20,partial_raster,0.05,91,Fibres,21.927684783935547,0.283890133292515,22.301443099975586,0.05078125,0.02771442199991725
unet_uniform_only,fixed_dwell,20,partial_raster,0.05,92,Films_Coated_Surface,18.645401000976562,0.20339757997495334,18.623350143432617,0.05078125,0.025264731000788743
unet_uniform_only,fixed_dwell,20,partial_raster,0.05,93,MEMS_devices_and_electrodes,23.18490982055664,0.7046709912180095,23.03815460205078,0.05078125,0.022218359999897075
unet_uniform_only,fixed_dwell,20,partial_raster,0.05,94,Nanowires,10.21558952331543,0.2126601208109471,10.014265060424805,0.05078125,0.02879427100015164
unet_uniform_only,fixed_dwell,20,partial_raster,0.05,95,Particles,24.911888122558594,0.48070324156251076,25.051660537719727,0.05078125,0.0295495979999032
unet_uniform_only,fixed_dwell,20,partial_raster,0.05,96,Patterned_surface,20.621816635131836,0.34754676923114325,20.52248764038086,0.05078125,0.02824734299974807
unet_uniform_only,fixed_dwell,20,partial_raster,0.05,97,Porous_Sponge,20.216829299926758,0.26663748322512193,20.176088333129883,0.05078125,0.02140347699969425
unet_uniform_only,fixed_dwell,20,partial_raster,0.05,98,Powder,24.959758758544922,0.533108265685559,25.177143096923828,0.05078125,0.026118226000107825
unet_uniform_only,fixed_dwell,20,partial_raster,0.05,99,Tips,25.913312911987305,0.44906249322360015,26.596725463867188,0.05078125,0.029197435000241967
unet_uniform_only,fixed_dwell,20,partial_raster,0.1,0,Biological,20.874998092651367,0.2436947586205071,20.823974609375,0.099609375,0.029557964000559878
unet_uniform_only,fixed_dwell,20,partial_raster,0.1,1,Fibres,19.124710083007812,0.3035001066173291,18.929052352905273,0.099609375,0.0288713199997801
unet_uniform_only,fixed_dwell,20,partial_raster,0.1,2,Films_Coated_Surface,21.82223129272461,0.2864684706957038,21.733291625976562,0.099609375,0.021378062000621867
unet_uniform_only,fixed_dwell,20,partial_raster,0.1,3,MEMS_devices_and_electrodes,22.745141983032227,0.2586343656419813,22.575641632080078,0.099609375,0.025552500000230793
unet_uniform_only,fixed_dwell,20,partial_raster,0.1,4,Nanowires,15.761953353881836,0.36512646936300974,15.38210391998291,0.099609375,0.02774299099928612
unet_uniform_only,fixed_dwell,20,partial_raster,0.1,5,Particles,16.301984786987305,0.21428620375704427,16.002901077270508,0.099609375,0.028850701000010304
unet_uniform_only,fixed_dwell,20,partial_raster,0.1,6,Patterned_surface,21.78622817993164,0.38927834398058764,21.59064292907715,0.099609375,0.029071429999930842
unet_uniform_only,fixed_dwell,20,partial_raster,0.1,7,Porous_Sponge,20.734453201293945,0.35322026159088216,20.567358016967773,0.099609375,0.01966469299986784
unet_uniform_only,fixed_dwell,20,partial_raster,0.1,8,Powder,17.380367279052734,0.28477772002339125,17.130523681640625,0.099609375,0.027268251000350574
unet_uniform_only,fixed_dwell,20,partial_raster,0.1,9,Tips,30.020315170288086,0.8060332437108395,30.30268669128418,0.099609375,0.02869816600014019
unet_uniform_only,fixed_dwell,20,partial_raster,0.1,10,Biological,22.232133865356445,0.2246416066928027,22.305734634399414,0.099609375,0.029875475999688206
unet_uniform_only,fixed_dwell,20,partial_raster,0.1,11,Fibres,22.851795196533203,0.41292425382310005,22.761337280273438,0.099609375,0.028859550000561285
unet_uniform_only,fixed_dwell,20,partial_raster,0.1,12,Films_Coated_Surface,23.405223846435547,0.31170227503364867,23.310848236083984,0.099609375,0.019188616999599617
unet_uniform_only,fixed_dwell,20,partial_raster,0.1,13,MEMS_devices_and_electrodes,24.270755767822266,0.32099826182558766,24.095703125,0.099609375,0.02734038899961888
unet_uniform_only,fixed_dwell,20,partial_raster,0.1,14,Nanowires,12.374332427978516,0.2373949916759327,11.998016357421875,0.099609375,0.029704577999837056
unet_uniform_only,fixed_dwell,20,partial_raster,0.1,15,Particles,24.601261138916016,0.2845885656938906,25.010995864868164,0.099609375,0.02935736699964764
unet_uniform_only,fixed_dwell,20,partial_raster,0.1,16,Patterned_surface,18.022043228149414,0.25518288157070856,17.83831214904785,0.099609375,0.028916724999362486
unet_uniform_only,fixed_dwell,20,partial_raster,0.1,17,Porous_Sponge,13.349104881286621,0.3015113019703498,12.986746788024902,0.099609375,0.021442489000037313
unet_uniform_only,fixed_dwell,20,partial_raster,0.1,18,Powder,18.35787582397461,0.3770182655292998,18.12505531311035,0.099609375,0.025314543000604317
unet_uniform_only,fixed_dwell,20,partial_raster,0.1,19,Tips,23.61018180847168,0.7204311702784499,23.531055450439453,0.099609375,0.028711965000184136
unet_uniform_only,fixed_dwell,20,partial_raster,0.1,20,Biological,22.24846076965332,0.4683620337704695,22.151403427124023,0.099609375,0.028984470999603218
unet_uniform_only,fixed_dwell,20,partial_raster,0.1,21,Fibres,18.38645362854004,0.24759268540330132,18.196977615356445,0.099609375,0.029353740999795264
unet_uniform_only,fixed_dwell,20,partial_raster,0.1,22,Films_Coated_Surface,12.023505210876465,0.24638274483816536,11.658101081848145,0.099609375,0.024218465000558353
unet_uniform_only,fixed_dwell,20,partial_raster,0.1,23,MEMS_devices_and_electrodes,24.786949157714844,0.3821037333552981,24.659116744995117,0.099609375,0.023587914999552595
unet_uniform_only,fixed_dwell,20,partial_raster,0.1,24,Nanowires,12.296677589416504,0.1505947748621665,11.951833724975586,0.099609375,0.0286742519992913
unet_uniform_only,fixed_dwell,20,partial_raster,0.1,25,Particles,29.994611740112305,0.549884284857626,30.13650131225586,0.099609375,0.029259019999699376
unet_uniform_only,fixed_dwell,20,partial_raster,0.1,26,Patterned_surface,16.827451705932617,0.1962284675042969,16.59033966064453,0.099609375,0.02988524700049311
unet_uniform_only,fixed_dwell,20,partial_raster,0.1,27,Porous_Sponge,19.836193084716797,0.22598697755529928,19.804241180419922,0.099609375,0.021588450000308512
unet_uniform_only,fixed_dwell,20,partial_raster,0.1,28,Powder,20.506927490234375,0.43884968892765575,20.309412002563477,0.099609375,0.023788628000147582
unet_uniform_only,fixed_dwell,20,partial_raster,0.1,29,Tips,35.714866638183594,0.9469465283639531,35.791778564453125,0.099609375,0.028566891999616928
unet_uniform_only,fixed_dwell,20,partial_raster,0.1,30,Biological,21.385910034179688,0.20361833660972198,21.551923751831055,0.099609375,0.028670674000750296
unet_uniform_only,fixed_dwell,20,partial_raster,0.1,31,Fibres,22.625003814697266,0.20699813476422965,23.04399871826172,0.099609375,0.027080977999503375
unet_uniform_only,fixed_dwell,20,partial_raster,0.1,32,Films_Coated_Surface,19.6245059967041,0.17651032457915022,19.580795288085938,0.099609375,0.02146236799944745
unet_uniform_only,fixed_dwell,20,partial_raster,0.1,33,MEMS_devices_and_electrodes,21.314115524291992,0.5649140557622643,21.04842185974121,0.099609375,0.025308003999271023
unet_uniform_only,fixed_dwell,20,partial_raster,0.1,34,Nanowires,23.882888793945312,0.48906466904647833,23.709308624267578,0.099609375,0.028825020000113
unet_uniform_only,fixed_dwell,20,partial_raster,0.1,35,Particles,25.84070587158203,0.5470786985631829,25.998981475830078,0.099609375,0.026923520999844186
unet_uniform_only,fixed_dwell,20,partial_raster,0.1,36,Patterned_surface,25.623552322387695,0.7626020058125235,25.323951721191406,0.099609375,0.02530022300015844
unet_uniform_only,fixed_dwell,20,partial_raster,0.1,37,Porous_Sponge,15.135997772216797,0.38731222270354665,14.82094669342041,0.099609375,0.021102824999616132
unet_uniform_only,fixed_dwell,20,partial_raster,0.1,38,Powder,19.381458282470703,0.2714120355945675,19.150678634643555,0.099609375,0.028449624000131735
unet_uniform_only,fixed_dwell,20,partial_raster,0.1,39,Tips,26.385204315185547,0.3974021784549841,26.80853271484375,0.099609375,0.029386537999926077
unet_uniform_only,fixed_dwell,20,partial_raster,0.1,40,Biological,19.150108337402344,0.25444769863869376,19.051557540893555,0.099609375,0.028894653999486763
unet_uniform_only,fixed_dwell,20,partial_raster,0.1,41,Fibres,23.472497940063477,0.4418595111829407,23.48159408569336,0.099609375,0.022663169999759702
unet_uniform_only,fixed_dwell,20,partial_raster,0.1,42,Films_Coated_Surface,20.78392791748047,0.17637683494400958,20.922863006591797,0.099609375,0.02244216500002949
unet_uniform_only,fixed_dwell,20,partial_raster,0.1,43,MEMS_devices_and_electrodes,19.678457260131836,0.22249795695125932,19.52756118774414,0.099609375,0.028720356000121683
unet_uniform_only,fixed_dwell,20,partial_raster,0.1,44,Nanowires,21.395597457885742,0.3832688562749678,21.29026222229004,0.099609375,0.02883476300030452
unet_uniform_only,fixed_dwell,20,partial_raster,0.1,45,Particles,26.00226402282715,0.5677937757716659,26.03969383239746,0.099609375,0.029409871000098065
unet_uniform_only,fixed_dwell,20,partial_raster,0.1,46,Patterned_surface,24.860124588012695,0.47212236631084903,24.810495376586914,0.099609375,0.025782063999940874
unet_uniform_only,fixed_dwell,20,partial_raster,0.1,47,Porous_Sponge,20.665699005126953,0.36357868295127355,20.509740829467773,0.099609375,0.02098537199981365
unet_uniform_only,fixed_dwell,20,partial_raster,0.1,48,Powder,21.67901611328125,0.3409429008061968,21.61891746520996,0.099609375,0.028058312000212027
unet_uniform_only,fixed_dwell,20,partial_raster,0.1,49,Tips,17.010957717895508,0.19051887185792407,16.812671661376953,0.099609375,0.028573345999575395
unet_uniform_only,fixed_dwell,20,partial_raster,0.1,50,Biological,20.687793731689453,0.18846264920952494,20.674400329589844,0.099609375,0.027138589000060165
unet_uniform_only,fixed_dwell,20,partial_raster,0.1,51,Fibres,22.55157470703125,0.23118494493840705,22.821979522705078,0.099609375,0.02359813299972302
unet_uniform_only,fixed_dwell,20,partial_raster,0.1,52,Films_Coated_Surface,14.269304275512695,0.35961817867417534,13.934347152709961,0.099609375,0.021851507999599562
unet_uniform_only,fixed_dwell,20,partial_raster,0.1,53,MEMS_devices_and_electrodes,30.261219024658203,0.8073246983738634,30.181360244750977,0.099609375,0.027068125999903714
unet_uniform_only,fixed_dwell,20,partial_raster,0.1,54,Nanowires,26.265470504760742,0.5098601471984673,26.386110305786133,0.099609375,0.02772470399941085
unet_uniform_only,fixed_dwell,20,partial_raster,0.1,55,Particles,22.85613250732422,0.26001658959552665,22.928070068359375,0.099609375,0.021412138999949093
unet_uniform_only,fixed_dwell,20,partial_raster,0.1,56,Patterned_surface,20.34368896484375,0.4850895020536412,20.12506866455078,0.099609375,0.024444204000246827
unet_uniform_only,fixed_dwell,20,partial_raster,0.1,57,Porous_Sponge,18.807260513305664,0.24926202275954318,18.652257919311523,0.099609375,0.028467954000007012
unet_uniform_only,fixed_dwell,20,partial_raster,0.1,58,Powder,17.539161682128906,0.1611756290421541,17.285404205322266,0.099609375,0.028982134999750997
unet_uniform_only,fixed_dwell,20,partial_raster,0.1,59,Tips,25.018482208251953,0.3484104671789338,25.318239212036133,0.099609375,0.027957283000432653
unet_uniform_only,fixed_dwell,20,partial_raster,0.1,60,Biological,21.526613235473633,0.18385594924105578,21.716413497924805,0.099609375,0.021546392000345804
unet_uniform_only,fixed_dwell,20,partial_raster,0.1,61,Fibres,24.974910736083984,0.35050478196770707,25.240097045898438,0.099609375,0.025708025000312773
unet_uniform_only,fixed_dwell,20,partial_raster,0.1,62,Films_Coated_Surface,15.016373634338379,0.2488407198427522,14.716583251953125,0.099609375,0.030037190000257397
unet_uniform_only,fixed_dwell,20,partial_raster,0.1,63,MEMS_devices_and_electrodes,20.037185668945312,0.5183606217725762,19.803598403930664,0.099609375,0.02961079999931826
unet_uniform_only,fixed_dwell,20,partial_raster,0.1,64,Nanowires,35.524452209472656,0.8519595628033211,35.94111251831055,0.099609375,0.028268189999835158
unet_uniform_only,fixed_dwell,20,partial_raster,0.1,65,Particles,23.532533645629883,0.24636843621950028,23.941967010498047,0.099609375,0.021684946999812382
unet_uniform_only,fixed_dwell,20,partial_raster,0.1,66,Patterned_surface,17.756458282470703,0.5569188217885923,17.499126434326172,0.099609375,0.024196168999878864
unet_uniform_only,fixed_dwell,20,partial_raster,0.1,67,Porous_Sponge,16.40142250061035,0.41944686161618644,16.062694549560547,0.099609375,0.0300267980001081
unet_uniform_only,fixed_dwell,20,partial_raster,0.1,68,Powder,19.752222061157227,0.3879808304300004,19.58000373840332,0.099609375,0.028858288999799697
unet_uniform_only,fixed_dwell,20,partial_raster,0.1,69,Tips,24.94879913330078,0.33511554343491434,25.37967300415039,0.099609375,0.028467707999880076
unet_uniform_only,fixed_dwell,20,partial_raster,0.1,70,Biological,20.62017059326172,0.20586963883142526,20.595977783203125,0.099609375,0.016231272000368335
unet_uniform_only,fixed_dwell,20,partial_raster,0.1,71,Fibres,23.641511917114258,0.33634987926409443,23.86075210571289,0.099609375,0.02859030600029655
unet_uniform_only,fixed_dwell,20,partial_raster,0.1,72,Films_Coated_Surface,17.028539657592773,0.3268708484546315,16.78631591796875,0.099609375,0.029714881000472815
unet_uniform_only,fixed_dwell,20,partial_raster,0.1,73,MEMS_devices_and_electrodes,20.97734260559082,0.4022587526966138,20.869277954101562,0.099609375,0.027147759000399674
unet_uniform_only,fixed_dwell,20,partial_raster,0.1,74,Nanowires,29.90866470336914,0.5901591920488257,30.48821449279785,0.099609375,0.019632507000096666
unet_uniform_only,fixed_dwell,20,partial_raster,0.1,75,Particles,25.724075317382812,0.43552874574751327,26.0523681640625,0.099609375,0.027406721000261314
unet_uniform_only,fixed_dwell,20,partial_raster,0.1,76,Patterned_surface,20.36016273498535,0.6378871798389198,20.085275650024414,0.099609375,0.0275355160001709
unet_uniform_only,fixed_dwell,20,partial_raster,0.1,77,Porous_Sponge,18.030298233032227,0.35901876185982196,17.79351806640625,0.099609375,0.02920326200001
unet_uniform_only,fixed_dwell,20,partial_raster,0.1,78,Powder,20.598159790039062,0.43479299755442896,20.420745849609375,0.099609375,0.029514180000660417
unet_uniform_only,fixed_dwell,20,partial_raster,0.1,79,Tips,21.519105911254883,0.24298278493930475,21.65387725830078,0.099609375,0.026325337999878684
unet_uniform_only,fixed_dwell,20,partial_raster,0.1,80,Biological,21.659076690673828,0.17113475933741873,21.90281105041504,0.099609375,0.01785839100011799
unet_uniform_only,fixed_dwell,20,partial_raster,0.1,81,Fibres,21.89063835144043,0.19534694348139844,22.226543426513672,0.099609375,0.029760882000118727
unet_uniform_only,fixed_dwell,20,partial_raster,0.1,82,Films_Coated_Surface,17.751344680786133,0.26694522715848523,17.559856414794922,0.099609375,0.02839954499995656
unet_uniform_only,fixed_dwell,20,partial_raster,0.1,83,MEMS_devices_and_electrodes,19.264127731323242,0.38414537258334575,19.01240348815918,0.099609375,0.024930648999543337
unet_uniform_only,fixed_dwell,20,partial_raster,0.1,84,Nanowires,30.547792434692383,0.6767544120566085,30.957294464111328,0.099609375,0.018729775999418052
unet_uniform_only,fixed_dwell,20,partial_raster,0.1,85,Particles,20.383132934570312,0.3745562189828656,20.187206268310547,0.099609375,0.02921528600018064
unet_uniform_only,fixed_dwell,20,partial_raster,0.1,86,Patterned_surface,22.62354850769043,0.41458529007240885,22.599365234375,0.099609375,0.02992511699994793
unet_uniform_only,fixed_dwell,20,partial_raster,0.1,87,Porous_Sponge,18.954448699951172,0.30071099569188575,18.78015899658203,0.099609375,0.02989693899962731
unet_uniform_only,fixed_dwell,20,partial_raster,0.1,88,Powder,23.578895568847656,0.6043428057574407,23.485069274902344,0.099609375,0.02148894099991594
unet_uniform_only,fixed_dwell,20,partial_raster,0.1,89,Tips,25.177532196044922,0.3285976530524256,25.22832489013672,0.099609375,0.02276443900063896
unet_uniform_only,fixed_dwell,20,partial_raster,0.1,90,Biological,21.328014373779297,0.17061186337918385,21.580007553100586,0.099609375,0.028780057999938435
unet_uniform_only,fixed_dwell,20,partial_raster,0.1,91,Fibres,21.74522590637207,0.21454978452668733,22.00290298461914,0.099609375,0.029148755999813147
unet_uniform_only,fixed_dwell,20,partial_raster,0.1,92,Films_Coated_Surface,19.859176635742188,0.27544908932043755,19.768091201782227,0.099609375,0.028953551999620686
unet_uniform_only,fixed_dwell,20,partial_raster,0.1,93,MEMS_devices_and_electrodes,25.011226654052734,0.7376562520220216,24.835111618041992,0.099609375,0.023423331000230974
unet_uniform_only,fixed_dwell,20,partial_raster,0.1,94,Nanowires,11.46737289428711,0.3757828825369422,11.075419425964355,0.099609375,0.02129983499980881
unet_uniform_only,fixed_dwell,20,partial_raster,0.1,95,Particles,25.39969253540039,0.4799040083093024,25.24590301513672,0.099609375,0.029036695000286272
unet_uniform_only,fixed_dwell,20,partial_raster,0.1,96,Patterned_surface,22.023365020751953,0.39745424664953977,21.871952056884766,0.099609375,0.029346002000238514
unet_uniform_only,fixed_dwell,20,partial_raster,0.1,97,Porous_Sponge,21.41718292236328,0.36725467599998896,21.288013458251953,0.099609375,0.029175063000366208
unet_uniform_only,fixed_dwell,20,partial_raster,0.1,98,Powder,27.620344161987305,0.6710717298152307,27.62112808227539,0.099609375,0.027508682000188855
unet_uniform_only,fixed_dwell,20,partial_raster,0.1,99,Tips,26.740020751953125,0.4515262799022561,26.946735382080078,0.099609375,0.020548315000269213
unet_uniform_only,fixed_dwell,20,partial_raster,0.15,0,Biological,21.973371505737305,0.3159624465098703,21.894329071044922,0.150390625,0.021451200999763387
unet_uniform_only,fixed_dwell,20,partial_raster,0.15,1,Fibres,20.381500244140625,0.41941602331614625,20.142114639282227,0.150390625,0.028978942000321695
unet_uniform_only,fixed_dwell,20,partial_raster,0.15,2,Films_Coated_Surface,22.677095413208008,0.33693312297485617,22.589330673217773,0.150390625,0.02876481600014813
unet_uniform_only,fixed_dwell,20,partial_raster,0.15,3,MEMS_devices_and_electrodes,23.344423294067383,0.29173391912791363,23.084510803222656,0.150390625,0.028544564999720023
unet_uniform_only,fixed_dwell,20,partial_raster,0.15,4,Nanowires,16.998931884765625,0.4948098810725726,16.447311401367188,0.150390625,0.027558407000469742
unet_uniform_only,fixed_dwell,20,partial_raster,0.15,5,Particles,16.82706642150879,0.2752423301499721,16.431102752685547,0.150390625,0.019834093999634206
unet_uniform_only,fixed_dwell,20,partial_raster,0.15,6,Patterned_surface,23.18218231201172,0.4419046525967992,23.006866455078125,0.150390625,0.025225269999282318
unet_uniform_only,fixed_dwell,20,partial_raster,0.15,7,Porous_Sponge,21.566280364990234,0.4053243971148096,21.442974090576172,0.150390625,0.029371675999755098
unet_uniform_only,fixed_dwell,20,partial_raster,0.15,8,Powder,18.099742889404297,0.3422190054632274,17.75392723083496,0.150390625,0.030050668000512815
unet_uniform_only,fixed_dwell,20,partial_raster,0.15,9,Tips,31.307804107666016,0.8508457872400864,31.409969329833984,0.150390625,0.02731848199982778
unet_uniform_only,fixed_dwell,20,partial_raster,0.15,10,Biological,23.138065338134766,0.26190270409988387,23.172853469848633,0.150390625,0.027868834999935643
unet_uniform_only,fixed_dwell,20,partial_raster,0.15,11,Fibres,23.9805908203125,0.45960451082602866,23.925504684448242,0.150390625,0.017971913000110362
unet_uniform_only,fixed_dwell,20,partial_raster,0.15,12,Films_Coated_Surface,24.141855239868164,0.363989328279083,24.05535888671875,0.150390625,0.02849602100013726
unet_uniform_only,fixed_dwell,20,partial_raster,0.15,13,MEMS_devices_and_electrodes,24.827693939208984,0.3442100277948426,24.59453773498535,0.150390625,0.027158443000189436
unet_uniform_only,fixed_dwell,20,partial_raster,0.15,14,Nanowires,13.126157760620117,0.3627483100298471,12.55903434753418,0.150390625,0.027891493999959494
unet_uniform_only,fixed_dwell,20,partial_raster,0.15,15,Particles,26.836742401123047,0.40104609833584975,27.2037296295166,0.150390625,0.030340139000145427
unet_uniform_only,fixed_dwell,20,partial_raster,0.15,16,Patterned_surface,18.92361831665039,0.35608757500676397,18.670167922973633,0.150390625,0.02642268699946726
unet_uniform_only,fixed_dwell,20,partial_raster,0.15,17,Porous_Sponge,14.759485244750977,0.40525137571702446,14.237344741821289,0.150390625,0.019810056000096665
unet_uniform_only,fixed_dwell,20,partial_raster,0.15,18,Powder,19.603179931640625,0.4637559078946656,19.364421844482422,0.150390625,0.02158693100045639
unet_uniform_only,fixed_dwell,20,partial_raster,0.15,19,Tips,24.470325469970703,0.7312737243127959,24.426807403564453,0.150390625,0.029203714000686887
unet_uniform_only,fixed_dwell,20,partial_raster,0.15,20,Biological,23.187379837036133,0.4978294764261865,23.112720489501953,0.150390625,0.02931557600004453
unet_uniform_only,fixed_dwell,20,partial_raster,0.15,21,Fibres,19.70703125,0.3826037448399913,19.59092903137207,0.150390625,0.02880289799941238
unet_uniform_only,fixed_dwell,20,partial_raster,0.15,22,Films_Coated_Surface,12.979427337646484,0.37423066130190913,12.426460266113281,0.150390625,0.03125575000012759
unet_uniform_only,fixed_dwell,20,partial_raster,0.15,23,MEMS_devices_and_electrodes,25.253372192382812,0.3939773698655103,25.060928344726562,0.150390625,0.027732970000215573
unet_uniform_only,fixed_dwell,20,partial_raster,0.15,24,Nanowires,12.447595596313477,0.21125995792401758,11.917744636535645,0.150390625,0.019541065000339586
unet_uniform_only,fixed_dwell,20,partial_raster,0.15,25,Particles,30.12378692626953,0.5488047653896906,30.187313079833984,0.150390625,0.025655010999798833
unet_uniform_only,fixed_dwell,20,partial_raster,0.15,26,Patterned_surface,17.505037307739258,0.2579225787621355,17.162918090820312,0.150390625,0.02738943299937091
unet_uniform_only,fixed_dwell,20,partial_raster,0.15,27,Porous_Sponge,20.64849853515625,0.2558614552443455,20.61801528930664,0.150390625,0.02970141700006934
unet_uniform_only,fixed_dwell,20,partial_raster,0.15,28,Powder,21.713058471679688,0.5156283721737984,21.579063415527344,0.150390625,0.027579385000535694
unet_uniform_only,fixed_dwell,20,partial_raster,0.15,29,Tips,37.21174621582031,0.9468226814997202,37.50641632080078,0.150390625,0.019833471999845642
unet_uniform_only,fixed_dwell,20,partial_raster,0.15,30,Biological,22.1951961517334,0.23982247988472927,22.292640686035156,0.150390625,0.02552845299942419
unet_uniform_only,fixed_dwell,20,partial_raster,0.15,31,Fibres,23.47384262084961,0.23505255269083739,23.775516510009766,0.150390625,0.029873024999687914
unet_uniform_only,fixed_dwell,20,partial_raster,0.15,32,Films_Coated_Surface,20.116540908813477,0.2184941005758408,20.08367919921875,0.150390625,0.027711820999684278
unet_uniform_only,fixed_dwell,20,partial_raster,0.15,33,MEMS_devices_and_electrodes,22.472000122070312,0.5902130261712931,22.095823287963867,0.150390625,0.028990849000365415
unet_uniform_only,fixed_dwell,20,partial_raster,0.15,34,Nanowires,25.886905670166016,0.6214176551882967,25.68218994140625,0.150390625,0.0254752679993544
unet_uniform_only,fixed_dwell,20,partial_raster,0.15,35,Particles,27.811372756958008,0.6205256622727182,27.944440841674805,0.150390625,0.018741806000434735
unet_uniform_only,fixed_dwell,20,partial_raster,0.15,36,Patterned_surface,27.80344009399414,0.7936531446830408,27.398874282836914,0.150390625,0.029242831999908958
unet_uniform_only,fixed_dwell,20,partial_raster,0.15,37,Porous_Sponge,15.892205238342285,0.4650699472724429,15.430503845214844,0.150390625,0.0295487809999031
unet_uniform_only,fixed_dwell,20,partial_raster,0.15,38,Powder,20.32817840576172,0.34315072512122835,20.018230438232422,0.150390625,0.02878441200027737
unet_uniform_only,fixed_dwell,20,partial_raster,0.15,39,Tips,28.415306091308594,0.5020881775384565,28.699649810791016,0.150390625,0.01960496400079137
unet_uniform_only,fixed_dwell,20,partial_raster,0.15,40,Biological,20.104616165161133,0.3320090837641022,20.04338264465332,0.150390625,0.022777600000154052
unet_uniform_only,fixed_dwell,20,partial_raster,0.15,41,Fibres,25.249536514282227,0.5294993378710942,25.29472541809082,0.150390625,0.028495563999968
unet_uniform_only,fixed_dwell,20,partial_raster,0.15,42,Films_Coated_Surface,21.687936782836914,0.216714769176471,21.779399871826172,0.150390625,0.02802352900016558
unet_uniform_only,fixed_dwell,20,partial_raster,0.15,43,MEMS_devices_and_electrodes,20.24420928955078,0.2529377605337674,20.100250244140625,0.150390625,0.027756651999879978
unet_uniform_only,fixed_dwell,20,partial_raster,0.15,44,Nanowires,22.088985443115234,0.41961479311321764,21.97360610961914,0.150390625,0.017278102000091167
unet_uniform_only,fixed_dwell,20,partial_raster,0.15,45,Particles,26.821014404296875,0.5327435322718952,27.054424285888672,0.150390625,0.027833164999719884
unet_uniform_only,fixed_dwell,20,partial_raster,0.15,46,Patterned_surface,24.95950698852539,0.47046817308698885,24.85135841369629,0.150390625,0.029824700000062876
unet_uniform_only,fixed_dwell,20,partial_raster,0.15,47,Porous_Sponge,21.999025344848633,0.428645911713083,21.80030632019043,0.150390625,0.028752055000040855
unet_uniform_only,fixed_dwell,20,partial_raster,0.15,48,Powder,22.70724868774414,0.4015787780397749,22.642372131347656,0.150390625,0.02905154499967466
unet_uniform_only,fixed_dwell,20,partial_raster,0.15,49,Tips,17.664745330810547,0.2461335238185693,17.397838592529297,0.150390625,0.021289409000019077
unet_uniform_only,fixed_dwell,20,partial_raster,0.15,50,Biological,21.26614761352539,0.228817727957903,21.219058990478516,0.150390625,0.022512186999847472
unet_uniform_only,fixed_dwell,20,partial_raster,0.15,51,Fibres,23.710803985595703,0.27778548481028636,23.94601821899414,0.150390625,0.02904232899982162
unet_uniform_only,fixed_dwell,20,partial_raster,0.15,52,Films_Coated_Surface,15.681611061096191,0.4934704627954385,15.22343635559082,0.150390625,0.030046740000216232
unet_uniform_only,fixed_dwell,20,partial_raster,0.15,53,MEMS_devices_and_electrodes,31.102596282958984,0.8164669762949999,31.03459930419922,0.150390625,0.029530443000112427
unet_uniform_only,fixed_dwell,20,partial_raster,0.15,54,Nanowires,27.342737197875977,0.5578899968955927,27.45126724243164,0.150390625,0.028948354000021936
unet_uniform_only,fixed_dwell,20,partial_raster,0.15,55,Particles,23.81954002380371,0.29906886853724524,23.80278778076172,0.150390625,0.02362399999947229
unet_uniform_only,fixed_dwell,20,partial_raster,0.15,56,Patterned_surface,22.291629791259766,0.5314849548910887,22.06688117980957,0.150390625,0.021060508000118716
unet_uniform_only,fixed_dwell,20,partial_raster,0.15,57,Porous_Sponge,19.611757278442383,0.29505618566786374,19.38962745666504,0.150390625,0.028213663999849814
unet_uniform_only,fixed_dwell,20,partial_raster,0.15,58,Powder,17.853832244873047,0.2256702592686355,17.487775802612305,0.150390625,0.028561165999235527
unet_uniform_only,fixed_dwell,20,partial_raster,0.15,59,Tips,26.890430450439453,0.44335874141729364,27.21083641052246,0.150390625,0.027747125000132655
unet_uniform_only,fixed_dwell,20,partial_raster,0.15,60,Biological,22.672061920166016,0.22846342317119614,22.747575759887695,0.150390625,0.029170558999794594
unet_uniform_only,fixed_dwell,20,partial_raster,0.15,61,Fibres,25.95750617980957,0.402547923325884,26.16565704345703,0.150390625,0.02535614099997474
unet_uniform_only,fixed_dwell,20,partial_raster,0.15,62,Films_Coated_Surface,16.10858154296875,0.35766965272019824,15.690052032470703,0.150390625,0.018850825999834342
unet_uniform_only,fixed_dwell,20,partial_raster,0.15,63,MEMS_devices_and_electrodes,21.24302101135254,0.5730578327054235,20.96361541748047,0.150390625,0.0284149230001276
unet_uniform_only,fixed_dwell,20,partial_raster,0.15,64,Nanowires,35.363014221191406,0.8389644487756669,35.91143035888672,0.150390625,0.02925762199993187
unet_uniform_only,fixed_dwell,20,partial_raster,0.15,65,Particles,24.73150634765625,0.2967365363533302,25.012054443359375,0.150390625,0.0287272949999533
unet_uniform_only,fixed_dwell,20,partial_raster,0.15,66,Patterned_surface,18.414379119873047,0.6245690652111495,18.0803279876709,0.150390625,0.027465146999929857
unet_uniform_only,fixed_dwell,20,partial_raster,0.15,67,Porous_Sponge,17.659626007080078,0.512032333041944,17.190345764160156,0.150390625,0.019668169999931706
unet_uniform_only,fixed_dwell,20,partial_raster,0.15,68,Powder,20.68570327758789,0.4454603785160227,20.466691970825195,0.150390625,0.02467875699949218
unet_uniform_only,fixed_dwell,20,partial_raster,0.15,69,Tips,26.867687225341797,0.44155251930296036,27.148895263671875,0.150390625,0.029439280999213224
unet_uniform_only,fixed_dwell,20,partial_raster,0.15,70,Biological,21.40489959716797,0.24877317783509145,21.306550979614258,0.150390625,0.02721123500032263
unet_uniform_only,fixed_dwell,20,partial_raster,0.15,71,Fibres,25.148147583007812,0.41958011333444606,25.341289520263672,0.150390625,0.02976485099952697
unet_uniform_only,fixed_dwell,20,partial_raster,0.15,72,Films_Coated_Surface,19.054115295410156,0.427210886680485,18.740694046020508,0.150390625,0.029090973000165832
unet_uniform_only,fixed_dwell,20,partial_raster,0.15,73,MEMS_devices_and_electrodes,22.268707275390625,0.5040354411059268,22.056819915771484,0.150390625,0.023854912999922817
unet_uniform_only,fixed_dwell,20,partial_raster,0.15,74,Nanowires,31.662023544311523,0.6705603818322937,32.00422668457031,0.150390625,0.02151842500006751
unet_uniform_only,fixed_dwell,20,partial_raster,0.15,75,Particles,25.854890823364258,0.41521509764191195,26.186370849609375,0.150390625,0.028896875000100408
unet_uniform_only,fixed_dwell,20,partial_raster,0.15,76,Patterned_surface,21.883161544799805,0.6719618890591215,21.500694274902344,0.150390625,0.02784718199927738
unet_uniform_only,fixed_dwell,20,partial_raster,0.15,77,Porous_Sponge,19.432010650634766,0.419954292481239,19.217403411865234,0.150390625,0.027791121999143797
unet_uniform_only,fixed_dwell,20,partial_raster,0.15,78,Powder,22.231582641601562,0.5210141574943642,22.063753128051758,0.150390625,0.029231730999526917
unet_uniform_only,fixed_dwell,20,partial_raster,0.15,79,Tips,22.89822006225586,0.2952248277499481,22.99616050720215,0.150390625,0.021325896000234934
unet_uniform_only,fixed_dwell,20,partial_raster,0.15,80,Biological,22.642864227294922,0.20369982646821364,22.824621200561523,0.150390625,0.022909557000275527
unet_uniform_only,fixed_dwell,20,partial_raster,0.15,81,Fibres,23.11077308654785,0.23867992858751924,23.38980484008789,0.150390625,0.02888666499984538
unet_uniform_only,fixed_dwell,20,partial_raster,0.15,82,Films_Coated_Surface,19.13999366760254,0.32626873857840943,18.93979263305664,0.150390625,0.02969376500004728
unet_uniform_only,fixed_dwell,20,partial_raster,0.15,83,MEMS_devices_and_electrodes,20.666015625,0.4410580219874971,20.345983505249023,0.150390625,0.027808163000372588
unet_uniform_only,fixed_dwell,20,partial_raster,0.15,84,Nanowires,31.32846450805664,0.7090300478619528,31.69837188720703,0.150390625,0.02820488599991222
unet_uniform_only,fixed_dwell,20,partial_raster,0.15,85,Particles,22.090736389160156,0.4467831279188591,21.888771057128906,0.150390625,0.02159907999975985
unet_uniform_only,fixed_dwell,20,partial_raster,0.15,86,Patterned_surface,22.57493782043457,0.43808350255879586,22.40577507019043,0.150390625,0.023441381999873556
unet_uniform_only,fixed_dwell,20,partial_raster,0.15,87,Porous_Sponge,19.60959243774414,0.3239809007179136,19.432979583740234,0.150390625,0.027670202999615867
unet_uniform_only,fixed_dwell,20,partial_raster,0.15,88,Powder,24.57140350341797,0.6276017428633743,24.590011596679688,0.150390625,0.027434462999735842
unet_uniform_only,fixed_dwell,20,partial_raster,0.15,89,Tips,25.68883514404297,0.3559313554842028,25.668554306030273,0.150390625,0.02871256500020536
unet_uniform_only,fixed_dwell,20,partial_raster,0.15,90,Biological,22.44719696044922,0.20580284383294414,22.605783462524414,0.150390625,0.029127026999958616
unet_uniform_only,fixed_dwell,20,partial_raster,0.15,91,Fibres,22.719070434570312,0.25288654867714044,22.96257781982422,0.150390625,0.024203132999900845
unet_uniform_only,fixed_dwell,20,partial_raster,0.15,92,Films_Coated_Surface,20.615520477294922,0.3347182794581563,20.57916259765625,0.150390625,0.021133336999810126
unet_uniform_only,fixed_dwell,20,partial_raster,0.15,93,MEMS_devices_and_electrodes,26.314916610717773,0.7544142378047066,26.169116973876953,0.150390625,0.02849521299958724
unet_uniform_only,fixed_dwell,20,partial_raster,0.15,94,Nanowires,13.153468132019043,0.526700108011865,12.589498519897461,0.150390625,0.028908519000651722
unet_uniform_only,fixed_dwell,20,partial_raster,0.15,95,Particles,26.59676742553711,0.5524700066008649,26.234235763549805,0.150390625,0.027228529999774764
unet_uniform_only,fixed_dwell,20,partial_raster,0.15,96,Patterned_surface,23.313613891601562,0.4719372336217262,23.1223087310791,0.150390625,0.027765892000388703
unet_uniform_only,fixed_dwell,20,partial_raster,0.15,97,Porous_Sponge,22.266359329223633,0.448984923060229,22.27676010131836,0.150390625,0.01768356299999141
unet_uniform_only,fixed_dwell,20,partial_raster,0.15,98,Powder,28.84699058532715,0.696267651637439,28.928144454956055,0.150390625,0.027809207000245806
unet_uniform_only,fixed_dwell,20,partial_raster,0.15,99,Tips,28.077184677124023,0.5199403691621656,28.195417404174805,0.150390625,0.02762077199986379
unet_uniform_only,fixed_dwell,20,partial_raster,0.2,0,Biological,22.744216918945312,0.3658634109489279,22.63431739807129,0.19921875,0.028360403000078804
unet_uniform_only,fixed_dwell,20,partial_raster,0.2,1,Fibres,21.569320678710938,0.514396508162832,21.381370544433594,0.19921875,0.028943186000105925
unet_uniform_only,fixed_dwell,20,partial_raster,0.2,2,Films_Coated_Surface,23.58230209350586,0.3976245300273439,23.504005432128906,0.19921875,0.024199503000090772
unet_uniform_only,fixed_dwell,20,partial_raster,0.2,3,MEMS_devices_and_electrodes,24.11901092529297,0.3287333728086486,23.827608108520508,0.19921875,0.021122439999999187
unet_uniform_only,fixed_dwell,20,partial_raster,0.2,4,Nanowires,18.216136932373047,0.5950264269940162,17.504838943481445,0.19921875,0.028631663999476586
unet_uniform_only,fixed_dwell,20,partial_raster,0.2,5,Particles,17.475120544433594,0.3486946886711746,16.930082321166992,0.19921875,0.027140608999616234
unet_uniform_only,fixed_dwell,20,partial_raster,0.2,6,Patterned_surface,23.643550872802734,0.46404831901151355,23.623144149780273,0.19921875,0.027917980999518477
unet_uniform_only,fixed_dwell,20,partial_raster,0.2,7,Porous_Sponge,22.40644073486328,0.4567625211139243,22.221649169921875,0.19921875,0.02573845799997798
unet_uniform_only,fixed_dwell,20,partial_raster,0.2,8,Powder,18.61309814453125,0.3846440030725269,18.191871643066406,0.19921875,0.01877738599978329
unet_uniform_only,fixed_dwell,20,partial_raster,0.2,9,Tips,32.19292449951172,0.8699818287921578,32.2615966796875,0.19921875,0.028586933000042336
unet_uniform_only,fixed_dwell,20,partial_raster,0.2,10,Biological,24.330854415893555,0.32393793941305565,24.305879592895508,0.19921875,0.029239006000352674
unet_uniform_only,fixed_dwell,20,partial_raster,0.2,11,Fibres,25.20170021057129,0.5224132076705132,25.238008499145508,0.19921875,0.027229264000197873
unet_uniform_only,fixed_dwell,20,partial_raster,0.2,12,Films_Coated_Surface,24.63955307006836,0.4032708937222047,24.5162410736084,0.19921875,0.02999838699997781
unet_uniform_only,fixed_dwell,20,partial_raster,0.2,13,MEMS_devices_and_electrodes,25.321704864501953,0.36062412303695957,25.04388999938965,0.19921875,0.027943047999542614
unet_uniform_only,fixed_dwell,20,partial_raster,0.2,14,Nanowires,13.78315544128418,0.45433830495946514,13.044241905212402,0.19921875,0.021452236999721208
unet_uniform_only,fixed_dwell,20,partial_raster,0.2,15,Particles,27.714311599731445,0.44729736991827723,28.068124771118164,0.19921875,0.022646013000667153
unet_uniform_only,fixed_dwell,20,partial_raster,0.2,16,Patterned_surface,19.974660873413086,0.4741189241372075,19.72897720336914,0.19921875,0.02947211500031699
unet_uniform_only,fixed_dwell,20,partial_raster,0.2,17,Porous_Sponge,15.831442832946777,0.4810827395493899,15.16814136505127,0.19921875,0.029234819000521384
unet_uniform_only,fixed_dwell,20,partial_raster,0.2,18,Powder,20.676197052001953,0.5357309480296483,20.45311164855957,0.19921875,0.028059422000296763
unet_uniform_only,fixed_dwell,20,partial_raster,0.2,19,Tips,25.13400650024414,0.7511935530929253,25.17463493347168,0.19921875,0.028434562999791524
unet_uniform_only,fixed_dwell,20,partial_raster,0.2,20,Biological,24.227827072143555,0.5334735991002015,24.198915481567383,0.19921875,0.025186296999891056
unet_uniform_only,fixed_dwell,20,partial_raster,0.2,21,Fibres,21.039230346679688,0.4879911564658716,20.98902702331543,0.19921875,0.020548043999951915
unet_uniform_only,fixed_dwell,20,partial_raster,0.2,22,Films_Coated_Surface,13.920279502868652,0.4729765975178023,13.213088989257812,0.19921875,0.023655337000491272
unet_uniform_only,fixed_dwell,20,partial_raster,0.2,23,MEMS_devices_and_electrodes,25.76474952697754,0.4016493545637982,25.55002212524414,0.19921875,0.02881316399998468
unet_uniform_only,fixed_dwell,20,partial_raster,0.2,24,Nanowires,12.768340110778809,0.2753961943240529,12.046594619750977,0.19921875,0.028795377999813354
unet_uniform_only,fixed_dwell,20,partial_raster,0.2,25,Particles,30.98837661743164,0.5939882951362002,31.161623001098633,0.19921875,0.0289120939996792
unet_uniform_only,fixed_dwell,20,partial_raster,0.2,26,Patterned_surface,17.88448143005371,0.3054140472333921,17.499526977539062,0.19921875,0.025466099999903236
unet_uniform_only,fixed_dwell,20,partial_raster,0.2,27,Porous_Sponge,21.21035385131836,0.28918016741768693,21.2246150970459,0.19921875,0.01766843799941853
unet_uniform_only,fixed_dwell,20,partial_raster,0.2,28,Powder,22.85660743713379,0.59274715141937,22.707883834838867,0.19921875,0.026957455000228947
unet_uniform_only,fixed_dwell,20,partial_raster,0.2,29,Tips,37.49448013305664,0.944896620179615,37.95890426635742,0.19921875,0.02871334300016315
unet_uniform_only,fixed_dwell,20,partial_raster,0.2,30,Biological,23.15839958190918,0.2878370791998354,23.23350715637207,0.19921875,0.02961120599957212
unet_uniform_only,fixed_dwell,20,partial_raster,0.2,31,Fibres,24.700401306152344,0.28655210352765614,25.04250717163086,0.19921875,0.02937713299979805
unet_uniform_only,fixed_dwell,20,partial_raster,0.2,32,Films_Coated_Surface,20.704723358154297,0.2859783970397607,20.82638931274414,0.19921875,0.027465500000289467
unet_uniform_only,fixed_dwell,20,partial_raster,0.2,33,MEMS_devices_and_electrodes,23.302021026611328,0.6087308191338605,22.821090698242188,0.19921875,0.019611228999565355
unet_uniform_only,fixed_dwell,20,partial_raster,0.2,34,Nanowires,26.933374404907227,0.6845010583577843,26.75786590576172,0.19921875,0.02527006799937226
unet_uniform_only,fixed_dwell,20,partial_raster,0.2,35,Particles,28.55712890625,0.637258625107196,28.843839645385742,0.19921875,0.029053307000140194
unet_uniform_only,fixed_dwell,20,partial_raster,0.2,36,Patterned_surface,29.087417602539062,0.833686895987535,28.555727005004883,0.19921875,0.030275699000412715
unet_uniform_only,fixed_dwell,20,partial_raster,0.2,37,Porous_Sponge,16.55433464050293,0.5200129523039263,15.973430633544922,0.19921875,0.027599096000813006
unet_uniform_only,fixed_dwell,20,partial_raster,0.2,38,Powder,21.179641723632812,0.3895463538602383,20.803268432617188,0.19921875,0.02883599799952208
unet_uniform_only,fixed_dwell,20,partial_raster,0.2,39,Tips,30.476961135864258,0.6171859616593465,30.730361938476562,0.19921875,0.023541276999822003
unet_uniform_only,fixed_dwell,20,partial_raster,0.2,40,Biological,20.974349975585938,0.391906908163912,20.94831657409668,0.19921875,0.019708808000359568
unet_uniform_only,fixed_dwell,20,partial_raster,0.2,41,Fibres,26.596378326416016,0.59469261914692,26.71413230895996,0.19921875,0.027026712000406405
unet_uniform_only,fixed_dwell,20,partial_raster,0.2,42,Films_Coated_Surface,22.2666015625,0.2484652276910274,22.424808502197266,0.19921875,0.029042871999990894
unet_uniform_only,fixed_dwell,20,partial_raster,0.2,43,MEMS_devices_and_electrodes,20.8964900970459,0.2995330075962136,20.826929092407227,0.19921875,0.030010071999640786
unet_uniform_only,fixed_dwell,20,partial_raster,0.2,44,Nanowires,22.880569458007812,0.44840509412292195,22.769866943359375,0.19921875,0.028808389000005263
unet_uniform_only,fixed_dwell,20,partial_raster,0.2,45,Particles,27.963172912597656,0.6074912733272477,28.241107940673828,0.19921875,0.028662627999437973
unet_uniform_only,fixed_dwell,20,partial_raster,0.2,46,Patterned_surface,25.11225128173828,0.4919396130405126,25.02374267578125,0.19921875,0.02404275100070663
unet_uniform_only,fixed_dwell,20,partial_raster,0.2,47,Porous_Sponge,22.780378341674805,0.473696587554219,22.61848258972168,0.19921875,0.021527770999455242
unet_uniform_only,fixed_dwell,20,partial_raster,0.2,48,Powder,23.53639793395996,0.4634613309455648,23.522178649902344,0.19921875,0.027854120000483817
unet_uniform_only,fixed_dwell,20,partial_raster,0.2,49,Tips,18.112472534179688,0.28109907207555757,17.771682739257812,0.19921875,0.027092686999822035
unet_uniform_only,fixed_dwell,20,partial_raster,0.2,50,Biological,22.089967727661133,0.2716891422696352,21.991689682006836,0.19921875,0.027616212999419076
unet_uniform_only,fixed_dwell,20,partial_raster,0.2,51,Fibres,24.506826400756836,0.3190643644526227,24.84575080871582,0.19921875,0.02902716500011593
unet_uniform_only,fixed_dwell,20,partial_raster,0.2,52,Films_Coated_Surface,16.98044204711914,0.5889842928422022,16.447452545166016,0.19921875,0.028967514999749255
unet_uniform_only,fixed_dwell,20,partial_raster,0.2,53,MEMS_devices_and_electrodes,31.604507446289062,0.78444474132748,32.09111022949219,0.19921875,0.02151710899943282
unet_uniform_only,fixed_dwell,20,partial_raster,0.2,54,Nanowires,28.83517837524414,0.6397591792904366,28.92917251586914,0.19921875,0.022102300000369723
unet_uniform_only,fixed_dwell,20,partial_raster,0.2,55,Particles,25.051498413085938,0.34974129033816476,25.023202896118164,0.19921875,0.02934845799973118
unet_uniform_only,fixed_dwell,20,partial_raster,0.2,56,Patterned_surface,23.46591567993164,0.5711894805256769,23.21680450439453,0.19921875,0.029170677999900363
unet_uniform_only,fixed_dwell,20,partial_raster,0.2,57,Porous_Sponge,20.070693969726562,0.3234117496116164,19.894559860229492,0.19921875,0.028867487999377772
unet_uniform_only,fixed_dwell,20,partial_raster,0.2,58,Powder,18.217121124267578,0.27952348750961875,17.74968719482422,0.19921875,0.027125526999952854
unet_uniform_only,fixed_dwell,20,partial_raster,0.2,59,Tips,28.104772567749023,0.5117304696817363,28.42023468017578,0.19921875,0.02327969700036192
unet_uniform_only,fixed_dwell,20,partial_raster,0.2,60,Biological,23.278125762939453,0.2589912831117482,23.42345428466797,0.19921875,0.01905157999954099
unet_uniform_only,fixed_dwell,20,partial_raster,0.2,61,Fibres,27.36724853515625,0.4805400904866108,27.64338493347168,0.19921875,0.02847357300015574
unet_uniform_only,fixed_dwell,20,partial_raster,0.2,62,Films_Coated_Surface,17.25541877746582,0.4498921437142186,16.746469497680664,0.19921875,0.02852400700066937
unet_uniform_only,fixed_dwell,20,partial_raster,0.2,63,MEMS_devices_and_electrodes,22.032068252563477,0.604920775261211,21.721202850341797,0.19921875,0.028586663999703887
unet_uniform_only,fixed_dwell,20,partial_raster,0.2,64,Nanowires,37.90843200683594,0.9043687557567555,38.20308303833008,0.19921875,0.029135548999875027
unet_uniform_only,fixed_dwell,20,partial_raster,0.2,65,Particles,25.5943603515625,0.33631937121457617,25.980201721191406,0.19921875,0.023448977999578346
unet_uniform_only,fixed_dwell,20,partial_raster,0.2,66,Patterned_surface,19.11355209350586,0.6758684989676841,18.673830032348633,0.19921875,0.020087775000320107
unet_uniform_only,fixed_dwell,20,partial_raster,0.2,67,Porous_Sponge,18.59063720703125,0.5769323090683964,18.018238067626953,0.19921875,0.028842419999818958
unet_uniform_only,fixed_dwell,20,partial_raster,0.2,68,Powder,21.660364151000977,0.5052198986081252,21.391756057739258,0.19921875,0.02719430800061673
unet_uniform_only,fixed_dwell,20,partial_raster,0.2,69,Tips,26.985645294189453,0.42773100844832745,27.447647094726562,0.19921875,0.027829118999761704
unet_uniform_only,fixed_dwell,20,partial_raster,0.2,70,Biological,21.666717529296875,0.2966191030707964,21.640499114990234,0.19921875,0.028797041999496287
unet_uniform_only,fixed_dwell,20,partial_raster,0.2,71,Fibres,26.4353084564209,0.4983711466907174,26.603858947753906,0.19921875,0.02131419299985282
unet_uniform_only,fixed_dwell,20,partial_raster,0.2,72,Films_Coated_Surface,20.643465042114258,0.49700707832717567,20.303646087646484,0.19921875,0.022657880999759072
unet_uniform_only,fixed_dwell,20,partial_raster,0.2,73,MEMS_devices_and_electrodes,22.9935302734375,0.513351023113097,22.819198608398438,0.19921875,0.028739071000018157
unet_uniform_only,fixed_dwell,20,partial_raster,0.2,74,Nanowires,33.90191650390625,0.773665290794296,34.228050231933594,0.19921875,0.0286669429997346
unet_uniform_only,fixed_dwell,20,partial_raster,0.2,75,Particles,27.764835357666016,0.530482230885725,28.11003875732422,0.19921875,0.027136032999806048
unet_uniform_only,fixed_dwell,20,partial_raster,0.2,76,Patterned_surface,23.38700294494629,0.692940902553432,22.991554260253906,0.19921875,0.029898605000198586
unet_uniform_only,fixed_dwell,20,partial_raster,0.2,77,Porous_Sponge,20.403106689453125,0.46413858646695927,20.230270385742188,0.19921875,0.02508258299985755
unet_uniform_only,fixed_dwell,20,partial_raster,0.2,78,Powder,23.189687728881836,0.5748281928982016,23.026086807250977,0.19921875,0.020067038999513898
unet_uniform_only,fixed_dwell,20,partial_raster,0.2,79,Tips,23.256275177001953,0.31211337030579955,23.408334732055664,0.19921875,0.024271699000564695
unet_uniform_only,fixed_dwell,20,partial_raster,0.2,80,Biological,23.271257400512695,0.22816695762116523,23.491775512695312,0.19921875,0.02922230500007572
unet_uniform_only,fixed_dwell,20,partial_raster,0.2,81,Fibres,23.6766357421875,0.2635623273209279,23.993074417114258,0.19921875,0.028865563000181282
unet_uniform_only,fixed_dwell,20,partial_raster,0.2,82,Films_Coated_Surface,20.635120391845703,0.4190991032648038,20.410694122314453,0.19921875,0.029020258999480575
unet_uniform_only,fixed_dwell,20,partial_raster,0.2,83,MEMS_devices_and_electrodes,21.688337326049805,0.4812899302502638,21.33018684387207,0.19921875,0.028876241000034497
unet_uniform_only,fixed_dwell,20,partial_raster,0.2,84,Nanowires,36.08477783203125,0.9045531266101832,36.439430236816406,0.19921875,0.021549676000176987
unet_uniform_only,fixed_dwell,20,partial_raster,0.2,85,Particles,23.35050392150879,0.4919917050905844,23.245304107666016,0.19921875,0.023318024999753106
unet_uniform_only,fixed_dwell,20,partial_raster,0.2,86,Patterned_surface,24.889625549316406,0.5028586085623399,24.951231002807617,0.19921875,0.027724509999643487
unet_uniform_only,fixed_dwell,20,partial_raster,0.2,87,Porous_Sponge,20.359323501586914,0.3662651058942171,20.17951011657715,0.19921875,0.029231245000119088
unet_uniform_only,fixed_dwell,20,partial_raster,0.2,88,Powder,25.362163543701172,0.663361347755345,25.421743392944336,0.19921875,0.02839539400065405
unet_uniform_only,fixed_dwell,20,partial_raster,0.2,89,Tips,26.319087982177734,0.3863441607121876,26.291717529296875,0.19921875,0.028545090000079654
unet_uniform_only,fixed_dwell,20,partial_raster,0.2,90,Biological,22.968528747558594,0.23573205261322078,23.172624588012695,0.19921875,0.028097800000068673
unet_uniform_only,fixed_dwell,20,partial_raster,0.2,91,Fibres,23.19239044189453,0.26892023736811144,23.53784942626953,0.19921875,0.01916569900004106
unet_uniform_only,fixed_dwell,20,partial_raster,0.2,92,Films_Coated_Surface,21.40936851501465,0.3935927007468654,21.416303634643555,0.19921875,0.02350796199971228
unet_uniform_only,fixed_dwell,20,partial_raster,0.2,93,MEMS_devices_and_electrodes,27.60688591003418,0.7724704645824938,27.538963317871094,0.19921875,0.028816620999350562
unet_uniform_only,fixed_dwell,20,partial_raster,0.2,94,Nanowires,14.284513473510742,0.6141730863371626,13.548084259033203,0.19921875,0.0288394649996917
unet_uniform_only,fixed_dwell,20,partial_raster,0.2,95,Particles,27.210308074951172,0.5614151157207365,26.75828742980957,0.19921875,0.02882832600062102
unet_uniform_only,fixed_dwell,20,partial_raster,0.2,96,Patterned_surface,23.945045471191406,0.5138560009158877,23.752403259277344,0.19921875,0.027446725000118022
unet_uniform_only,fixed_dwell,20,partial_raster,0.2,97,Porous_Sponge,23.401002883911133,0.5324971716140975,23.595293045043945,0.19921875,0.023905575000753743
unet_uniform_only,fixed_dwell,20,partial_raster,0.2,98,Powder,29.940031051635742,0.7567643181355893,30.058799743652344,0.19921875,0.020875942000202485
unet_uniform_only,fixed_dwell,20,partial_raster,0.2,99,Tips,28.321016311645508,0.533984529390386,28.441438674926758,0.19921875,0.028928417999850353
unet_uniform_only,fixed_dwell,20,partial_raster,0.3,0,Biological,23.812532424926758,0.4497626017710858,23.797836303710938,0.30078125,0.028380832999573613
unet_uniform_only,fixed_dwell,20,partial_raster,0.3,1,Fibres,23.645721435546875,0.6420837516288733,23.362335205078125,0.30078125,0.029395940000540577
unet_uniform_only,fixed_dwell,20,partial_raster,0.3,2,Films_Coated_Surface,25.024587631225586,0.47048373762348944,24.865718841552734,0.30078125,0.028635355000005802
unet_uniform_only,fixed_dwell,20,partial_raster,0.3,3,MEMS_devices_and_electrodes,24.99698257446289,0.37813356700839346,24.59506607055664,0.30078125,0.02960590500060789
unet_uniform_only,fixed_dwell,20,partial_raster,0.3,4,Nanowires,20.07415771484375,0.7194868005420137,19.066944122314453,0.30078125,0.0289207420000821
unet_uniform_only,fixed_dwell,20,partial_raster,0.3,5,Particles,18.54359245300293,0.44804475386625486,17.793407440185547,0.30078125,0.02574424399972486
unet_uniform_only,fixed_dwell,20,partial_raster,0.3,6,Patterned_surface,25.504701614379883,0.5492780617764532,25.481908798217773,0.30078125,0.024161430999811273
unet_uniform_only,fixed_dwell,20,partial_raster,0.3,7,Porous_Sponge,23.887117385864258,0.5337060440274206,23.730640411376953,0.30078125,0.018845436999981757
unet_uniform_only,fixed_dwell,20,partial_raster,0.3,8,Powder,19.273263931274414,0.4350473333075923,18.68313980102539,0.30078125,0.027182523999726982
unet_uniform_only,fixed_dwell,20,partial_raster,0.3,9,Tips,33.13155746459961,0.8991564318071026,33.120601654052734,0.30078125,0.027686344000358076
unet_uniform_only,fixed_dwell,20,partial_raster,0.3,10,Biological,25.597339630126953,0.40653553118224994,25.76696014404297,0.30078125,0.029732064999734575
unet_uniform_only,fixed_dwell,20,partial_raster,0.3,11,Fibres,27.865589141845703,0.6676667979291442,27.862071990966797,0.30078125,0.02831231999971351
unet_uniform_only,fixed_dwell,20,partial_raster,0.3,12,Films_Coated_Surface,25.68208885192871,0.4824439266905693,25.6766357421875,0.30078125,0.029976173000250128
unet_uniform_only,fixed_dwell,20,partial_raster,0.3,13,MEMS_devices_and_electrodes,25.739824295043945,0.39483178490702986,25.339027404785156,0.30078125,0.023181300000032934
unet_uniform_only,fixed_dwell,20,partial_raster,0.3,14,Nanowires,15.161949157714844,0.5985776588729681,14.063980102539062,0.30078125,0.019881286999407166
unet_uniform_only,fixed_dwell,20,partial_raster,0.3,15,Particles,31.833797454833984,0.6790338063320481,32.66503143310547,0.30078125,0.0235175950001576
unet_uniform_only,fixed_dwell,20,partial_raster,0.3,16,Patterned_surface,21.866477966308594,0.6311846586838922,21.486751556396484,0.30078125,0.027451440999357146
unet_uniform_only,fixed_dwell,20,partial_raster,0.3,17,Porous_Sponge,18.017520904541016,0.5936249602080701,17.16118812561035,0.30078125,0.029287409999597003
unet_uniform_only,fixed_dwell,20,partial_raster,0.3,18,Powder,22.154218673706055,0.6180308691125259,21.916812896728516,0.30078125,0.028552192999995896
unet_uniform_only,fixed_dwell,20,partial_raster,0.3,19,Tips,26.36274528503418,0.7973517125459375,26.391006469726562,0.30078125,0.027663657000630337
unet_uniform_only,fixed_dwell,20,partial_raster,0.3,20,Biological,25.907590866088867,0.6036330958152561,25.834354400634766,0.30078125,0.027711523000107263
unet_uniform_only,fixed_dwell,20,partial_raster,0.3,21,Fibres,23.95623016357422,0.674099223701368,23.770893096923828,0.30078125,0.028520799000034458
unet_uniform_only,fixed_dwell,20,partial_raster,0.3,22,Films_Coated_Surface,15.730949401855469,0.6087481756100728,14.787527084350586,0.30078125,0.029252484999233275
unet_uniform_only,fixed_dwell,20,partial_raster,0.3,23,MEMS_devices_and_electrodes,26.031497955322266,0.4124716359276933,25.762950897216797,0.30078125,0.023060268000335782
unet_uniform_only,fixed_dwell,20,partial_raster,0.3,24,Nanowires,13.508172035217285,0.3850719285300241,12.402838706970215,0.30078125,0.01722687700021197
unet_uniform_only,fixed_dwell,20,partial_raster,0.3,25,Particles,32.49294662475586,0.6547536976451488,32.379974365234375,0.30078125,0.02693185999942216
unet_uniform_only,fixed_dwell,20,partial_raster,0.3,26,Patterned_surface,19.174381256103516,0.4099214614315713,18.694194793701172,0.30078125,0.02774236099958216
unet_uniform_only,fixed_dwell,20,partial_raster,0.3,27,Porous_Sponge,22.853015899658203,0.3619282475340959,22.925090789794922,0.30078125,0.02845275599975139
unet_uniform_only,fixed_dwell,20,partial_raster,0.3,28,Powder,24.462291717529297,0.6712235033142235,24.39153480529785,0.30078125,0.028835119000177656
unet_uniform_only,fixed_dwell,20,partial_raster,0.3,29,Tips,39.247154235839844,0.9575691183646583,39.627586364746094,0.30078125,0.03024794999964797
unet_uniform_only,fixed_dwell,20,partial_raster,0.3,30,Biological,25.132198333740234,0.3659494725763989,25.183164596557617,0.30078125,0.027139445999637246
unet_uniform_only,fixed_dwell,20,partial_raster,0.3,31,Fibres,27.719532012939453,0.4411045009168723,28.320228576660156,0.30078125,0.029350947000239103
unet_uniform_only,fixed_dwell,20,partial_raster,0.3,32,Films_Coated_Surface,22.136171340942383,0.38197165852750786,22.398353576660156,0.30078125,0.029078587000185507
unet_uniform_only,fixed_dwell,20,partial_raster,0.3,33,MEMS_devices_and_electrodes,24.70270347595215,0.6387061757241822,24.034709930419922,0.30078125,0.0236215959994297
unet_uniform_only,fixed_dwell,20,partial_raster,0.3,34,Nanowires,28.76784324645996,0.7722121308458934,28.549306869506836,0.30078125,0.01989535199936654
unet_uniform_only,fixed_dwell,20,partial_raster,0.3,35,Particles,31.061765670776367,0.7568355102635494,31.426027297973633,0.30078125,0.026866560000598838
unet_uniform_only,fixed_dwell,20,partial_raster,0.3,36,Patterned_surface,30.41180419921875,0.8687467476356788,29.54637908935547,0.30078125,0.029645905999132083
unet_uniform_only,fixed_dwell,20,partial_raster,0.3,37,Porous_Sponge,17.480031967163086,0.5817920151379347,16.672208786010742,0.30078125,0.029663578000509006
unet_uniform_only,fixed_dwell,20,partial_raster,0.3,38,Powder,22.234657287597656,0.45527346158546533,21.749847412109375,0.30078125,0.02797944699977961
unet_uniform_only,fixed_dwell,20,partial_raster,0.3,39,Tips,33.489158630371094,0.7622086366804817,33.9528694152832,0.30078125,0.028500002999862772
unet_uniform_only,fixed_dwell,20,partial_raster,0.3,40,Biological,22.681753158569336,0.48856282456240674,22.68946647644043,0.30078125,0.029210816000158957
unet_uniform_only,fixed_dwell,20,partial_raster,0.3,41,Fibres,29.44970703125,0.7438209415635901,29.491470336914062,0.30078125,0.03081895600007556
unet_uniform_only,fixed_dwell,20,partial_raster,0.3,42,Films_Coated_Surface,24.548351287841797,0.3605526963015637,24.82071304321289,0.30078125,0.025274438000451482
unet_uniform_only,fixed_dwell,20,partial_raster,0.3,43,MEMS_devices_and_electrodes,21.403148651123047,0.3668453840675309,21.711074829101562,0.30078125,0.021417892000499705
unet_uniform_only,fixed_dwell,20,partial_raster,0.3,44,Nanowires,23.738998413085938,0.48522353544971375,23.62529754638672,0.30078125,0.01986692900027265
unet_uniform_only,fixed_dwell,20,partial_raster,0.3,45,Particles,32.868656158447266,0.8199352764231015,33.58208465576172,0.30078125,0.022272772999713197
unet_uniform_only,fixed_dwell,20,partial_raster,0.3,46,Patterned_surface,26.436738967895508,0.5755171131206063,26.070556640625,0.30078125,0.030088713000623102
unet_uniform_only,fixed_dwell,20,partial_raster,0.3,47,Porous_Sponge,23.944622039794922,0.5378456529129486,23.883085250854492,0.30078125,0.027607521999925666
unet_uniform_only,fixed_dwell,20,partial_raster,0.3,48,Powder,24.4753360748291,0.5178390480413779,24.55835723876953,0.30078125,0.028798942000321404
unet_uniform_only,fixed_dwell,20,partial_raster,0.3,49,Tips,18.914030075073242,0.3508456664778153,18.463451385498047,0.30078125,0.028763729999809584
unet_uniform_only,fixed_dwell,20,partial_raster,0.3,50,Biological,22.987361907958984,0.36192995711054055,23.168254852294922,0.30078125,0.030033386000468454
unet_uniform_only,fixed_dwell,20,partial_raster,0.3,51,Fibres,27.386159896850586,0.4804912277321576,27.875307083129883,0.30078125,0.028770466999958444
unet_uniform_only,fixed_dwell,20,partial_raster,0.3,52,Films_Coated_Surface,19.017627716064453,0.7119436252557914,18.417449951171875,0.30078125,0.027711245999853418
unet_uniform_only,fixed_dwell,20,partial_raster,0.3,53,MEMS_devices_and_electrodes,33.53257369995117,0.8507990020031635,33.447288513183594,0.30078125,0.021468412000103854
unet_uniform_only,fixed_dwell,20,partial_raster,0.3,54,Nanowires,30.510461807250977,0.7198405092849784,30.564729690551758,0.30078125,0.02058823500010476
unet_uniform_only,fixed_dwell,20,partial_raster,0.3,55,Particles,25.748947143554688,0.40112802264896147,25.903934478759766,0.30078125,0.026676706000216655
unet_uniform_only,fixed_dwell,20,partial_raster,0.3,56,Patterned_surface,24.845008850097656,0.6112403886944721,24.583730697631836,0.30078125,0.029646846000105143
unet_uniform_only,fixed_dwell,20,partial_raster,0.3,57,Porous_Sponge,21.774784088134766,0.43714497256278717,21.518171310424805,0.30078125,0.028263977000278828
unet_uniform_only,fixed_dwell,20,partial_raster,0.3,58,Powder,19.09658432006836,0.3958009726833399,18.435285568237305,0.30078125,0.02884582800015778
unet_uniform_only,fixed_dwell,20,partial_raster,0.3,59,Tips,31.64282989501953,0.6955777462225463,32.42911911010742,0.30078125,0.02921357299965166
unet_uniform_only,fixed_dwell,20,partial_raster,0.3,60,Biological,24.779186248779297,0.32759392554183425,25.609548568725586,0.30078125,0.0322463839993361
unet_uniform_only,fixed_dwell,20,partial_raster,0.3,61,Fibres,30.387653350830078,0.6603964012982054,30.864124298095703,0.30078125,0.02760346400009439
unet_uniform_only,fixed_dwell,20,partial_raster,0.3,62,Films_Coated_Surface,19.017412185668945,0.5532539763737753,18.31172752380371,0.30078125,0.02853761700043833
unet_uniform_only,fixed_dwell,20,partial_raster,0.3,63,MEMS_devices_and_electrodes,23.480865478515625,0.6613369370424665,23.13347816467285,0.30078125,0.029018029999861028
unet_uniform_only,fixed_dwell,20,partial_raster,0.3,64,Nanowires,39.31084060668945,0.9190272443536244,39.59104537963867,0.30078125,0.025897144999362354
unet_uniform_only,fixed_dwell,20,partial_raster,0.3,65,Particles,29.509937286376953,0.5738242799222342,30.17899513244629,0.30078125,0.016278199999760545
unet_uniform_only,fixed_dwell,20,partial_raster,0.3,66,Patterned_surface,19.932233810424805,0.7267076156489124,19.289358139038086,0.30078125,0.028847507999671507
unet_uniform_only,fixed_dwell,20,partial_raster,0.3,67,Porous_Sponge,19.923828125,0.6525012658399728,19.124897003173828,0.30078125,0.029515663999518438
unet_uniform_only,fixed_dwell,20,partial_raster,0.3,68,Powder,22.930644989013672,0.5710561917498295,22.56203842163086,0.30078125,0.028857281999989937
unet_uniform_only,fixed_dwell,20,partial_raster,0.3,69,Tips,33.6374626159668,0.7737307382522601,34.37247848510742,0.30078125,0.029555881000305817
unet_uniform_only,fixed_dwell,20,partial_raster,0.3,70,Biological,23.390331268310547,0.4121732072449827,23.42912483215332,0.30078125,0.028914351999446808
unet_uniform_only,fixed_dwell,20,partial_raster,0.3,71,Fibres,28.811580657958984,0.6394666537300931,29.193870544433594,0.30078125,0.02973508499962918
unet_uniform_only,fixed_dwell,20,partial_raster,0.3,72,Films_Coated_Surface,23.346385955810547,0.6353984505384475,22.881370544433594,0.30078125,0.028211940999426588
unet_uniform_only,fixed_dwell,20,partial_raster,0.3,73,MEMS_devices_and_electrodes,24.518346786499023,0.6275111466677888,24.284889221191406,0.30078125,0.024919432000388042
unet_uniform_only,fixed_dwell,20,partial_raster,0.3,74,Nanowires,35.53573989868164,0.8237380623253724,35.82807159423828,0.30078125,0.019026439000299433
unet_uniform_only,fixed_dwell,20,partial_raster,0.3,75,Particles,33.09726333618164,0.8229670765758894,33.501991271972656,0.30078125,0.029404722999970545
unet_uniform_only,fixed_dwell,20,partial_raster,0.3,76,Patterned_surface,24.748537063598633,0.727681406750166,24.19560432434082,0.30078125,0.029906106000453292
unet_uniform_only,fixed_dwell,20,partial_raster,0.3,77,Porous_Sponge,22.783048629760742,0.5494069618739545,22.553089141845703,0.30078125,0.029482932999599143
unet_uniform_only,fixed_dwell,20,partial_raster,0.3,78,Powder,24.535062789916992,0.6387547398367496,24.357616424560547,0.30078125,0.02959569399990869
unet_uniform_only,fixed_dwell,20,partial_raster,0.3,79,Tips,26.040592193603516,0.4136022263768848,26.20868492126465,0.30078125,0.02875302400025248
unet_uniform_only,fixed_dwell,20,partial_raster,0.3,80,Biological,24.919281005859375,0.30155515676496664,25.52364158630371,0.30078125,0.027657263000037347
unet_uniform_only,fixed_dwell,20,partial_raster,0.3,81,Fibres,26.683866500854492,0.40760749274924174,27.083385467529297,0.30078125,0.021420659999421332
unet_uniform_only,fixed_dwell,20,partial_raster,0.3,82,Films_Coated_Surface,23.11967658996582,0.554000648076435,22.892250061035156,0.30078125,0.018875490999562317
unet_uniform_only,fixed_dwell,20,partial_raster,0.3,83,MEMS_devices_and_electrodes,22.39902114868164,0.5253583012142182,21.83203887939453,0.30078125,0.02511657600007311
unet_uniform_only,fixed_dwell,20,partial_raster,0.3,84,Nanowires,38.411651611328125,0.9445117868766615,39.00435256958008,0.30078125,0.029548688000431866
unet_uniform_only,fixed_dwell,20,partial_raster,0.3,85,Particles,25.1383113861084,0.5550705633089612,25.034793853759766,0.30078125,0.029227181000351266
unet_uniform_only,fixed_dwell,20,partial_raster,0.3,86,Patterned_surface,27.34940528869629,0.755737579001384,26.495935440063477,0.30078125,0.028855321999799344
unet_uniform_only,fixed_dwell,20,partial_raster,0.3,87,Porous_Sponge,22.229366302490234,0.48290112245076555,21.957744598388672,0.30078125,0.028531850000035774
unet_uniform_only,fixed_dwell,20,partial_raster,0.3,88,Powder,27.26459503173828,0.7514083423862403,27.271785736083984,0.30078125,0.02988454900059878
unet_uniform_only,fixed_dwell,20,partial_raster,0.3,89,Tips,27.754634857177734,0.44144705390215716,27.631614685058594,0.30078125,0.025835307000306784
unet_uniform_only,fixed_dwell,20,partial_raster,0.3,90,Biological,25.524625778198242,0.34901692421982966,25.85613441467285,0.30078125,0.01929025899971748
unet_uniform_only,fixed_dwell,20,partial_raster,0.3,91,Fibres,26.878110885620117,0.4619342429965892,27.65514373779297,0.30078125,0.02169246099947486
unet_uniform_only,fixed_dwell,20,partial_raster,0.3,92,Films_Coated_Surface,22.84368324279785,0.4789243953877332,22.94384002685547,0.30078125,0.0252116700003171
unet_uniform_only,fixed_dwell,20,partial_raster,0.3,93,MEMS_devices_and_electrodes,29.108684539794922,0.80514830231897,29.082988739013672,0.30078125,0.029243455000141694
unet_uniform_only,fixed_dwell,20,partial_raster,0.3,94,Nanowires,16.542709350585938,0.7388454024469217,15.541849136352539,0.30078125,0.02963956900021003
unet_uniform_only,fixed_dwell,20,partial_raster,0.3,95,Particles,28.157835006713867,0.5915979569645272,27.387331008911133,0.30078125,0.029421084999739833
unet_uniform_only,fixed_dwell,20,partial_raster,0.3,96,Patterned_surface,25.23934555053711,0.5781976677908208,24.94232177734375,0.30078125,0.02727472299920919
unet_uniform_only,fixed_dwell,20,partial_raster,0.3,97,Porous_Sponge,24.791152954101562,0.6208070501355161,25.150434494018555,0.30078125,0.02770767399942997
unet_uniform_only,fixed_dwell,20,partial_raster,0.3,98,Powder,32.44976043701172,0.8574911175346568,32.52839279174805,0.30078125,0.026090437999300775
unet_uniform_only,fixed_dwell,20,partial_raster,0.3,99,Tips,31.103191375732422,0.672276888405012,31.146347045898438,0.30078125,0.02192968999952427
unet_uniform_only,fixed_dwell,20,line_hop,0.05,0,Biological,20.756553649902344,0.21742252541466692,20.885276794433594,0.14412811387900357,0.028987290999793913
unet_uniform_only,fixed_dwell,20,line_hop,0.05,1,Fibres,18.854969024658203,0.2795039777933909,18.77880096435547,0.14412811387900357,0.02336350399946241
unet_uniform_only,fixed_dwell,20,line_hop,0.05,2,Films_Coated_Surface,20.93886375427246,0.2503889060441016,20.993499755859375,0.14412811387900357,0.029619955999805825
unet_uniform_only,fixed_dwell,20,line_hop,0.05,3,MEMS_devices_and_electrodes,22.221858978271484,0.2670360442033615,22.162364959716797,0.14412811387900357,0.025825184000495938
unet_uniform_only,fixed_dwell,20,line_hop,0.05,4,Nanowires,14.990640640258789,0.22202610929278083,14.799208641052246,0.14412811387900357,0.027453507999780413
unet_uniform_only,fixed_dwell,20,line_hop,0.05,5,Particles,16.39769744873047,0.1849152035540594,16.279022216796875,0.14412811387900357,0.025271685000006983
unet_uniform_only,fixed_dwell,20,line_hop,0.05,6,Patterned_surface,20.894041061401367,0.38782270411615816,20.776824951171875,0.14412811387900357,0.028499310000370315
unet_uniform_only,fixed_dwell,20,line_hop,0.05,7,Porous_Sponge,20.152633666992188,0.3254106232921984,20.06316375732422,0.14412811387900357,0.02349681200030318
unet_uniform_only,fixed_dwell,20,line_hop,0.05,8,Powder,15.71602725982666,0.19519536410406296,15.561395645141602,0.14412811387900357,0.027940576000219153
unet_uniform_only,fixed_dwell,20,line_hop,0.05,9,Tips,29.520627975463867,0.8813234292480593,29.512765884399414,0.14412811387900357,0.020926707000398892
unet_uniform_only,fixed_dwell,20,line_hop,0.05,10,Biological,22.59583282470703,0.2468597540531742,23.139429092407227,0.14412811387900357,0.027396101999329403
unet_uniform_only,fixed_dwell,20,line_hop,0.05,11,Fibres,22.26432991027832,0.49360717337960736,22.232580184936523,0.14412811387900357,0.02131567900050868
unet_uniform_only,fixed_dwell,20,line_hop,0.05,12,Films_Coated_Surface,22.924896240234375,0.289207360242668,23.237459182739258,0.14412811387900357,0.027789111999481975
unet_uniform_only,fixed_dwell,20,line_hop,0.05,13,MEMS_devices_and_electrodes,24.109119415283203,0.3229224173294547,24.093639373779297,0.14412811387900357,0.019041939999624447
unet_uniform_only,fixed_dwell,20,line_hop,0.05,14,Nanowires,12.254022598266602,0.1385177886169709,12.070322036743164,0.14412811387900357,0.028679967000243778
unet_uniform_only,fixed_dwell,20,line_hop,0.05,15,Particles,25.706911087036133,0.46115941244935993,27.46486473083496,0.14412811387900357,0.019176430999323202
unet_uniform_only,fixed_dwell,20,line_hop,0.05,16,Patterned_surface,18.0643253326416,0.24343718216136714,18.036357879638672,0.14412811387900357,0.029090558999996574
unet_uniform_only,fixed_dwell,20,line_hop,0.05,17,Porous_Sponge,12.327800750732422,0.20122747999680413,12.13898754119873,0.14412811387900357,0.022077636000176426
unet_uniform_only,fixed_dwell,20,line_hop,0.05,18,Powder,17.235023498535156,0.2897287866651214,17.09099006652832,0.14412811387900357,0.029055940000034752
unet_uniform_only,fixed_dwell,20,line_hop,0.05,19,Tips,23.13808822631836,0.7179777654612045,23.088531494140625,0.14412811387900357,0.02689808200011612
unet_uniform_only,fixed_dwell,20,line_hop,0.05,20,Biological,19.653968811035156,0.46472282881476235,19.56794548034668,0.14412811387900357,0.029721575999246852
unet_uniform_only,fixed_dwell,20,line_hop,0.05,21,Fibres,18.652681350708008,0.23968048351694504,18.583139419555664,0.14412811387900357,0.02841782300038176
unet_uniform_only,fixed_dwell,20,line_hop,0.05,22,Films_Coated_Surface,11.89851188659668,0.16602159000075556,11.716093063354492,0.14412811387900357,0.028936390000126266
unet_uniform_only,fixed_dwell,20,line_hop,0.05,23,MEMS_devices_and_electrodes,23.692119598388672,0.35389530621399995,23.597454071044922,0.14412811387900357,0.026982606999808922
unet_uniform_only,fixed_dwell,20,line_hop,0.05,24,Nanowires,12.640442848205566,0.0918551547573943,12.480995178222656,0.14412811387900357,0.027625598999293288
unet_uniform_only,fixed_dwell,20,line_hop,0.05,25,Particles,29.106950759887695,0.6004986277888915,29.412107467651367,0.14412811387900357,0.026948491999974067
unet_uniform_only,fixed_dwell,20,line_hop,0.05,26,Patterned_surface,16.887123107910156,0.1936117215309797,16.807641983032227,0.14412811387900357,0.02791450499989878
unet_uniform_only,fixed_dwell,20,line_hop,0.05,27,Porous_Sponge,19.83094596862793,0.2522066300239714,19.806949615478516,0.14412811387900357,0.027409719000388577
unet_uniform_only,fixed_dwell,20,line_hop,0.05,28,Powder,19.201486587524414,0.3669857801684483,19.070545196533203,0.14412811387900357,0.028637230000640557
unet_uniform_only,fixed_dwell,20,line_hop,0.05,29,Tips,32.56913757324219,0.9446617519144741,32.45185470581055,0.14412811387900357,0.02694895200056635
unet_uniform_only,fixed_dwell,20,line_hop,0.05,30,Biological,21.98979949951172,0.22793952002548848,22.448917388916016,0.14412811387900357,0.02878007399976923
unet_uniform_only,fixed_dwell,20,line_hop,0.05,31,Fibres,23.161497116088867,0.31173157966092835,23.927099227905273,0.14412811387900357,0.025545927000166557
unet_uniform_only,fixed_dwell,20,line_hop,0.05,32,Films_Coated_Surface,19.646461486816406,0.16778506475199076,19.789791107177734,0.14412811387900357,0.027977756000836962
unet_uniform_only,fixed_dwell,20,line_hop,0.05,33,MEMS_devices_and_electrodes,19.769107818603516,0.5553261427875664,19.591840744018555,0.14412811387900357,0.026824065999790037
unet_uniform_only,fixed_dwell,20,line_hop,0.05,34,Nanowires,22.59903335571289,0.4077930115749173,22.562583923339844,0.14412811387900357,0.028812355999434658
unet_uniform_only,fixed_dwell,20,line_hop,0.05,35,Particles,25.801162719726562,0.7303842941001174,25.828845977783203,0.14412811387900357,0.025204855000083626
unet_uniform_only,fixed_dwell,20,line_hop,0.05,36,Patterned_surface,24.96228790283203,0.7817643310542134,24.813249588012695,0.14412811387900357,0.02873457499936194
unet_uniform_only,fixed_dwell,20,line_hop,0.05,37,Porous_Sponge,13.98002815246582,0.2673753525713209,13.81230354309082,0.14412811387900357,0.026571125999907963
unet_uniform_only,fixed_dwell,20,line_hop,0.05,38,Powder,18.854633331298828,0.23639139917180033,18.73257064819336,0.14412811387900357,0.029909384999882604
unet_uniform_only,fixed_dwell,20,line_hop,0.05,39,Tips,26.871862411499023,0.5458204166593794,29.45741844177246,0.14412811387900357,0.025011900000208698
unet_uniform_only,fixed_dwell,20,line_hop,0.05,40,Biological,19.015151977539062,0.2518738743625832,18.975181579589844,0.14412811387900357,0.029951708000226063
unet_uniform_only,fixed_dwell,20,line_hop,0.05,41,Fibres,22.52755355834961,0.588893846783443,22.47665023803711,0.14412811387900357,0.021007588999964355
unet_uniform_only,fixed_dwell,20,line_hop,0.05,42,Films_Coated_Surface,20.975902557373047,0.20355932747039948,21.303302764892578,0.14412811387900357,0.027755334000175935
unet_uniform_only,fixed_dwell,20,line_hop,0.05,43,MEMS_devices_and_electrodes,19.11370849609375,0.20934104770556042,19.010414123535156,0.14412811387900357,0.02493893999962893
unet_uniform_only,fixed_dwell,20,line_hop,0.05,44,Nanowires,20.37689208984375,0.3473480914592863,20.277223587036133,0.14412811387900357,0.029505745000278694
unet_uniform_only,fixed_dwell,20,line_hop,0.05,45,Particles,25.41591453552246,0.8005273073095305,25.518274307250977,0.14412811387900357,0.024401090000537806
unet_uniform_only,fixed_dwell,20,line_hop,0.05,46,Patterned_surface,25.550119400024414,0.515166855607193,25.76946449279785,0.14412811387900357,0.028829581000536564
unet_uniform_only,fixed_dwell,20,line_hop,0.05,47,Porous_Sponge,20.437427520751953,0.3473016581531615,20.3297061920166,0.14412811387900357,0.02680509199944936
unet_uniform_only,fixed_dwell,20,line_hop,0.05,48,Powder,21.268404006958008,0.3617842401391187,21.22881317138672,0.14412811387900357,0.028899792999254714
unet_uniform_only,fixed_dwell,20,line_hop,0.05,49,Tips,16.57962417602539,0.14279542994493558,16.481000900268555,0.14412811387900357,0.028356066000014835
unet_uniform_only,fixed_dwell,20,line_hop,0.05,50,Biological,20.931854248046875,0.18403674459937747,21.153772354125977,0.14412811387900357,0.029310665000593872
unet_uniform_only,fixed_dwell,20,line_hop,0.05,51,Fibres,23.017614364624023,0.3215893480171714,23.807937622070312,0.14412811387900357,0.02848818599977676
unet_uniform_only,fixed_dwell,20,line_hop,0.05,52,Films_Coated_Surface,13.65707778930664,0.2176181259258548,13.485143661499023,0.14412811387900357,0.028857131999757257
unet_uniform_only,fixed_dwell,20,line_hop,0.05,53,MEMS_devices_and_electrodes,27.962295532226562,0.8422715690816553,27.833528518676758,0.14412811387900357,0.024686519000169937
unet_uniform_only,fixed_dwell,20,line_hop,0.05,54,Nanowires,24.84596061706543,0.6457194229589472,24.761999130249023,0.14412811387900357,0.03095104100066237
unet_uniform_only,fixed_dwell,20,line_hop,0.05,55,Particles,23.589582443237305,0.322504310406145,23.991491317749023,0.14412811387900357,0.023939888999848336
unet_uniform_only,fixed_dwell,20,line_hop,0.05,56,Patterned_surface,18.16832733154297,0.3983311669194289,18.013687133789062,0.14412811387900357,0.028984932000639674
unet_uniform_only,fixed_dwell,20,line_hop,0.05,57,Porous_Sponge,18.816761016845703,0.28411374325876015,18.78153419494629,0.14412811387900357,0.025322937999590067
unet_uniform_only,fixed_dwell,20,line_hop,0.05,58,Powder,17.639455795288086,0.12874462144830615,17.566329956054688,0.14412811387900357,0.02964295200035849
unet_uniform_only,fixed_dwell,20,line_hop,0.05,59,Tips,25.58272361755371,0.5152542226432578,26.444995880126953,0.14412811387900357,0.027155688999300764
unet_uniform_only,fixed_dwell,20,line_hop,0.05,60,Biological,21.9896240234375,0.2399239563119328,22.557903289794922,0.14412811387900357,0.027647949999845878
unet_uniform_only,fixed_dwell,20,line_hop,0.05,61,Fibres,25.612943649291992,0.4966696267465491,26.81922149658203,0.14412811387900357,0.027414174000114144
unet_uniform_only,fixed_dwell,20,line_hop,0.05,62,Films_Coated_Surface,15.033217430114746,0.2144061539079898,14.88576889038086,0.14412811387900357,0.025258570999540098
unet_uniform_only,fixed_dwell,20,line_hop,0.05,63,MEMS_devices_and_electrodes,19.046646118164062,0.46006264911735323,18.911497116088867,0.14412811387900357,0.03178506599942921
unet_uniform_only,fixed_dwell,20,line_hop,0.05,64,Nanowires,36.88600158691406,0.9011752631459573,37.33846664428711,0.14412811387900357,0.018857990000469727
unet_uniform_only,fixed_dwell,20,line_hop,0.05,65,Particles,24.681432723999023,0.4002717116318963,25.9298095703125,0.14412811387900357,0.03167072799988091
unet_uniform_only,fixed_dwell,20,line_hop,0.05,66,Patterned_surface,17.200389862060547,0.499375913212624,17.052234649658203,0.14412811387900357,0.029339885000808863
unet_uniform_only,fixed_dwell,20,line_hop,0.05,67,Porous_Sponge,14.924029350280762,0.2836321206081122,14.74021053314209,0.14412811387900357,0.020827213999837113
unet_uniform_only,fixed_dwell,20,line_hop,0.05,68,Powder,18.41338348388672,0.3755050285654743,18.283937454223633,0.14412811387900357,0.029081648000101268
unet_uniform_only,fixed_dwell,20,line_hop,0.05,69,Tips,27.665443420410156,0.6176664382238545,29.279865264892578,0.14412811387900357,0.025263462000111758
unet_uniform_only,fixed_dwell,20,line_hop,0.05,70,Biological,20.738582611083984,0.19224387905996804,20.946331024169922,0.14412811387900357,0.02963888100020995
unet_uniform_only,fixed_dwell,20,line_hop,0.05,71,Fibres,23.431941986083984,0.46657426508404826,23.745763778686523,0.14412811387900357,0.020453795999856084
unet_uniform_only,fixed_dwell,20,line_hop,0.05,72,Films_Coated_Surface,15.50310230255127,0.3941905629251003,15.340408325195312,0.14412811387900357,0.028321893999418535
unet_uniform_only,fixed_dwell,20,line_hop,0.05,73,MEMS_devices_and_electrodes,21.353586196899414,0.5311530045513881,21.357500076293945,0.14412811387900357,0.023114192000321054
unet_uniform_only,fixed_dwell,20,line_hop,0.05,74,Nanowires,30.274734497070312,0.7031890108067308,31.324398040771484,0.14412811387900357,0.02837908499986952
unet_uniform_only,fixed_dwell,20,line_hop,0.05,75,Particles,26.621198654174805,0.7230063569388598,26.847923278808594,0.14412811387900357,0.020926610000060464
unet_uniform_only,fixed_dwell,20,line_hop,0.05,76,Patterned_surface,16.038158416748047,0.5055049855712325,15.850164413452148,0.14412811387900357,0.0292298620006477
unet_uniform_only,fixed_dwell,20,line_hop,0.05,77,Porous_Sponge,16.839975357055664,0.30099597703630865,16.673038482666016,0.14412811387900357,0.026268641999195097
unet_uniform_only,fixed_dwell,20,line_hop,0.05,78,Powder,19.304636001586914,0.37291338978203703,19.17607879638672,0.14412811387900357,0.029246698999486398
unet_uniform_only,fixed_dwell,20,line_hop,0.05,79,Tips,22.319753646850586,0.3231830325610615,22.957530975341797,0.14412811387900357,0.02840446299978794
unet_uniform_only,fixed_dwell,20,line_hop,0.05,80,Biological,22.413530349731445,0.23923312752780626,23.049606323242188,0.14412811387900357,0.02576080600010755
unet_uniform_only,fixed_dwell,20,line_hop,0.05,81,Fibres,22.667444229125977,0.2811262251225409,23.355945587158203,0.14412811387900357,0.029556923000200186
unet_uniform_only,fixed_dwell,20,line_hop,0.05,82,Films_Coated_Surface,17.283042907714844,0.35693783617405594,17.17646026611328,0.14412811387900357,0.026330976000281225
unet_uniform_only,fixed_dwell,20,line_hop,0.05,83,MEMS_devices_and_electrodes,17.73904037475586,0.31574375394630705,17.574676513671875,0.14412811387900357,0.028235902000233182
unet_uniform_only,fixed_dwell,20,line_hop,0.05,84,Nanowires,32.2109375,0.9183989418832971,32.356510162353516,0.14412811387900357,0.025588743000298564
unet_uniform_only,fixed_dwell,20,line_hop,0.05,85,Particles,19.142953872680664,0.37707090675862814,19.011167526245117,0.14412811387900357,0.028499946000010823
unet_uniform_only,fixed_dwell,20,line_hop,0.05,86,Patterned_surface,22.65212631225586,0.6522096462952767,22.63063621520996,0.14412811387900357,0.02745809099997132
unet_uniform_only,fixed_dwell,20,line_hop,0.05,87,Porous_Sponge,18.174861907958984,0.3203276092756982,18.089462280273438,0.14412811387900357,0.029041381999377336
unet_uniform_only,fixed_dwell,20,line_hop,0.05,88,Powder,21.063077926635742,0.5680195716730021,20.942852020263672,0.14412811387900357,0.025920185999893874
unet_uniform_only,fixed_dwell,20,line_hop,0.05,89,Tips,25.664508819580078,0.40002488871486247,25.75701904296875,0.14412811387900357,0.028932440000062343
unet_uniform_only,fixed_dwell,20,line_hop,0.05,90,Biological,22.03988265991211,0.22455974903627735,22.623422622680664,0.14412811387900357,0.023548035999738204
unet_uniform_only,fixed_dwell,20,line_hop,0.05,91,Fibres,22.60707664489746,0.3611323083209438,23.355186462402344,0.14412811387900357,0.027931675000218092
unet_uniform_only,fixed_dwell,20,line_hop,0.05,92,Films_Coated_Surface,19.0726261138916,0.22655635555323184,19.072912216186523,0.14412811387900357,0.024295105999954103
unet_uniform_only,fixed_dwell,20,line_hop,0.05,93,MEMS_devices_and_electrodes,22.7265567779541,0.7072836201820493,22.571453094482422,0.14412811387900357,0.02960668400010036
unet_uniform_only,fixed_dwell,20,line_hop,0.05,94,Nanowires,10.612688064575195,0.2149583200742567,10.412769317626953,0.14412811387900357,0.020458091999898897
unet_uniform_only,fixed_dwell,20,line_hop,0.05,95,Particles,25.116294860839844,0.4903536573451223,25.495527267456055,0.14412811387900357,0.027975366000646318
unet_uniform_only,fixed_dwell,20,line_hop,0.05,96,Patterned_surface,20.795303344726562,0.366437978467707,20.73051643371582,0.14412811387900357,0.02372487699994963
unet_uniform_only,fixed_dwell,20,line_hop,0.05,97,Porous_Sponge,21.167848587036133,0.3367337765820885,21.119850158691406,0.14412811387900357,0.02786564800044289
unet_uniform_only,fixed_dwell,20,line_hop,0.05,98,Powder,26.19634437561035,0.7047570589563856,26.339550018310547,0.14412811387900357,0.027978492999864102
unet_uniform_only,fixed_dwell,20,line_hop,0.05,99,Tips,28.113651275634766,0.6257662824524791,28.370079040527344,0.14412811387900357,0.029562654000073962
unet_uniform_only,fixed_dwell,20,line_hop,0.1,0,Biological,21.57805633544922,0.26344209846619127,21.60274314880371,0.19750889679715303,0.027353334000508767
unet_uniform_only,fixed_dwell,20,line_hop,0.1,1,Fibres,19.645111083984375,0.33636074808740857,19.509700775146484,0.19750889679715303,0.025529183999424276
unet_uniform_only,fixed_dwell,20,line_hop,0.1,2,Films_Coated_Surface,22.30229949951172,0.32060791266220284,22.188589096069336,0.19750889679715303,0.02957846299977973
unet_uniform_only,fixed_dwell,20,line_hop,0.1,3,MEMS_devices_and_electrodes,23.15326499938965,0.3020543456967788,23.025962829589844,0.19750889679715303,0.020354476000647992
unet_uniform_only,fixed_dwell,20,line_hop,0.1,4,Nanowires,15.842646598815918,0.34935549309617153,15.466789245605469,0.19750889679715303,0.03000618699934421
unet_uniform_only,fixed_dwell,20,line_hop,0.1,5,Particles,16.637004852294922,0.2340353416767349,16.364032745361328,0.19750889679715303,0.02426252800069051
unet_uniform_only,fixed_dwell,20,line_hop,0.1,6,Patterned_surface,22.280826568603516,0.4396940014969186,22.06259536743164,0.19750889679715303,0.029860104999897885
unet_uniform_only,fixed_dwell,20,line_hop,0.1,7,Porous_Sponge,20.806785583496094,0.3633452378846214,20.653778076171875,0.19750889679715303,0.030293666000034136
unet_uniform_only,fixed_dwell,20,line_hop,0.1,8,Powder,17.08510971069336,0.2753178582889988,16.81133460998535,0.19750889679715303,0.02043722800044634
unet_uniform_only,fixed_dwell,20,line_hop,0.1,9,Tips,30.919687271118164,0.8990278243692899,30.773910522460938,0.19750889679715303,0.029693943999518524
unet_uniform_only,fixed_dwell,20,line_hop,0.1,10,Biological,23.02358627319336,0.25408968342313276,23.343990325927734,0.19750889679715303,0.025770097000531678
unet_uniform_only,fixed_dwell,20,line_hop,0.1,11,Fibres,24.408489227294922,0.5812714838079266,24.246721267700195,0.19750889679715303,0.028777184000318812
unet_uniform_only,fixed_dwell,20,line_hop,0.1,12,Films_Coated_Surface,23.58959197998047,0.32661430726737556,23.59105682373047,0.19750889679715303,0.028295510000134527
unet_uniform_only,fixed_dwell,20,line_hop,0.1,13,MEMS_devices_and_electrodes,24.692163467407227,0.34606048921182153,24.57616424560547,0.19750889679715303,0.028850845000306435
unet_uniform_only,fixed_dwell,20,line_hop,0.1,14,Nanowires,12.599888801574707,0.24214181765186868,12.23741626739502,0.19750889679715303,0.025905935000082536
unet_uniform_only,fixed_dwell,20,line_hop,0.1,15,Particles,26.58734130859375,0.42046117704140995,27.91600227355957,0.19750889679715303,0.028764154999407765
unet_uniform_only,fixed_dwell,20,line_hop,0.1,16,Patterned_surface,18.369667053222656,0.2790158986819135,18.257537841796875,0.19750889679715303,0.029232070000034582
unet_uniform_only,fixed_dwell,20,line_hop,0.1,17,Porous_Sponge,13.235631942749023,0.29178528297930323,12.867486953735352,0.19750889679715303,0.02812507300041034
unet_uniform_only,fixed_dwell,20,line_hop,0.1,18,Powder,18.376895904541016,0.37416004293205996,18.117053985595703,0.19750889679715303,0.02855030099999567
unet_uniform_only,fixed_dwell,20,line_hop,0.1,19,Tips,23.97193717956543,0.7517887662965157,23.88444709777832,0.19750889679715303,0.02360867999959737
unet_uniform_only,fixed_dwell,20,line_hop,0.1,20,Biological,22.581388473510742,0.5350656647127261,22.370927810668945,0.19750889679715303,0.025976140000238956
unet_uniform_only,fixed_dwell,20,line_hop,0.1,21,Fibres,19.085233688354492,0.3035150004879848,19.017852783203125,0.19750889679715303,0.023179558999800065
unet_uniform_only,fixed_dwell,20,line_hop,0.1,22,Films_Coated_Surface,12.386406898498535,0.25984382207806206,12.020831108093262,0.19750889679715303,0.03285341700029676
unet_uniform_only,fixed_dwell,20,line_hop,0.1,23,MEMS_devices_and_electrodes,24.668991088867188,0.38282223998279813,24.49995994567871,0.19750889679715303,0.021696015000088664
unet_uniform_only,fixed_dwell,20,line_hop,0.1,24,Nanowires,12.689981460571289,0.15810245283478164,12.3723783493042,0.19750889679715303,0.020072551000339445
unet_uniform_only,fixed_dwell,20,line_hop,0.1,25,Particles,31.62428092956543,0.6451454346412555,31.552188873291016,0.19750889679715303,0.029171424000196566
unet_uniform_only,fixed_dwell,20,line_hop,0.1,26,Patterned_surface,17.254152297973633,0.2281764745223548,17.0277042388916,0.19750889679715303,0.028454673999476654
unet_uniform_only,fixed_dwell,20,line_hop,0.1,27,Porous_Sponge,20.233325958251953,0.25489017927849666,20.300195693969727,0.19750889679715303,0.03201857000021846
unet_uniform_only,fixed_dwell,20,line_hop,0.1,28,Powder,20.35795021057129,0.44392560439568207,20.145376205444336,0.19750889679715303,0.02748805099963647
unet_uniform_only,fixed_dwell,20,line_hop,0.1,29,Tips,36.07027816772461,0.9529662827219733,36.0109977722168,0.19750889679715303,0.03019693499936693
unet_uniform_only,fixed_dwell,20,line_hop,0.1,30,Biological,21.87169075012207,0.22313371550703262,22.333459854125977,0.19750889679715303,0.02092858900050487
unet_uniform_only,fixed_dwell,20,line_hop,0.1,31,Fibres,23.227771759033203,0.25033854212849105,24.0970458984375,0.19750889679715303,0.026380539000456338
unet_uniform_only,fixed_dwell,20,line_hop,0.1,32,Films_Coated_Surface,20.090614318847656,0.19430017304774078,20.192758560180664,0.19750889679715303,0.03005626200047118
unet_uniform_only,fixed_dwell,20,line_hop,0.1,33,MEMS_devices_and_electrodes,21.686880111694336,0.5881312019850757,21.37515640258789,0.19750889679715303,0.024099249999380845
unet_uniform_only,fixed_dwell,20,line_hop,0.1,34,Nanowires,24.115036010742188,0.5308221076856415,23.907394409179688,0.19750889679715303,0.02989460400021926
unet_uniform_only,fixed_dwell,20,line_hop,0.1,35,Particles,27.718629837036133,0.7513957836222322,27.63791847229004,0.19750889679715303,0.03153823699994973
unet_uniform_only,fixed_dwell,20,line_hop,0.1,36,Patterned_surface,26.965255737304688,0.8071051980585314,26.68252182006836,0.19750889679715303,0.022650903999419825
unet_uniform_only,fixed_dwell,20,line_hop,0.1,37,Porous_Sponge,14.768678665161133,0.36242433906217875,14.441424369812012,0.19750889679715303,0.030069874000218988
unet_uniform_only,fixed_dwell,20,line_hop,0.1,38,Powder,19.63188362121582,0.2893234992474803,19.38699722290039,0.19750889679715303,0.028934883000147238
unet_uniform_only,fixed_dwell,20,line_hop,0.1,39,Tips,30.026935577392578,0.6191582659584972,31.377580642700195,0.19750889679715303,0.029504375999749755
unet_uniform_only,fixed_dwell,20,line_hop,0.1,40,Biological,19.879573822021484,0.30266600688146256,19.758073806762695,0.19750889679715303,0.025589760999537248
unet_uniform_only,fixed_dwell,20,line_hop,0.1,41,Fibres,25.2609920501709,0.6374043172537772,25.178224563598633,0.19750889679715303,0.028777983000509266
unet_uniform_only,fixed_dwell,20,line_hop,0.1,42,Films_Coated_Surface,21.724227905273438,0.21609736158002768,21.997730255126953,0.19750889679715303,0.020869687999947928
unet_uniform_only,fixed_dwell,20,line_hop,0.1,43,MEMS_devices_and_electrodes,20.09922981262207,0.2505889674688842,20.015039443969727,0.19750889679715303,0.02910755999982939
unet_uniform_only,fixed_dwell,20,line_hop,0.1,44,Nanowires,22.046966552734375,0.393155474746967,21.924734115600586,0.19750889679715303,0.023207275999993726
unet_uniform_only,fixed_dwell,20,line_hop,0.1,45,Particles,27.53901481628418,0.8001346489453063,27.603824615478516,0.19750889679715303,0.028800146999856224
unet_uniform_only,fixed_dwell,20,line_hop,0.1,46,Patterned_surface,25.792648315429688,0.5264084336703487,25.9390869140625,0.19750889679715303,0.023732573999950546
unet_uniform_only,fixed_dwell,20,line_hop,0.1,47,Porous_Sponge,21.246288299560547,0.3980274152773096,21.06682586669922,0.19750889679715303,0.028685434000180976
unet_uniform_only,fixed_dwell,20,line_hop,0.1,48,Powder,22.27626609802246,0.4007951462182037,22.166397094726562,0.19750889679715303,0.01853389400002925
unet_uniform_only,fixed_dwell,20,line_hop,0.1,49,Tips,17.311511993408203,0.20056507590571684,17.13254737854004,0.19750889679715303,0.028639737000048626
unet_uniform_only,fixed_dwell,20,line_hop,0.1,50,Biological,21.12278938293457,0.20248067293683242,21.2686824798584,0.19750889679715303,0.022645761999228853
unet_uniform_only,fixed_dwell,20,line_hop,0.1,51,Fibres,23.889698028564453,0.3096060036369868,24.49317741394043,0.19750889679715303,0.02907634399980452
unet_uniform_only,fixed_dwell,20,line_hop,0.1,52,Films_Coated_Surface,14.468864440917969,0.35491072460564443,14.138401985168457,0.19750889679715303,0.021470321999913722
unet_uniform_only,fixed_dwell,20,line_hop,0.1,53,MEMS_devices_and_electrodes,31.27633285522461,0.8601575686056218,31.168285369873047,0.19750889679715303,0.028819532999477815
unet_uniform_only,fixed_dwell,20,line_hop,0.1,54,Nanowires,27.31637191772461,0.6619463047529851,27.219303131103516,0.19750889679715303,0.029747056999440247
unet_uniform_only,fixed_dwell,20,line_hop,0.1,55,Particles,25.768779754638672,0.3808801324121145,25.763948440551758,0.19750889679715303,0.025478029000623792
unet_uniform_only,fixed_dwell,20,line_hop,0.1,56,Patterned_surface,20.039287567138672,0.4816178245024856,19.7736759185791,0.19750889679715303,0.02921874999992724
unet_uniform_only,fixed_dwell,20,line_hop,0.1,57,Porous_Sponge,19.41573715209961,0.3203902455032778,19.23613739013672,0.19750889679715303,0.021083794999867678
unet_uniform_only,fixed_dwell,20,line_hop,0.1,58,Powder,17.64335060119629,0.17153052637264526,17.447525024414062,0.19750889679715303,0.028508489999694575
unet_uniform_only,fixed_dwell,20,line_hop,0.1,59,Tips,29.567821502685547,0.6477829999811782,30.273639678955078,0.19750889679715303,0.03015050700014399
unet_uniform_only,fixed_dwell,20,line_hop,0.1,60,Biological,22.193893432617188,0.22051530969098035,22.714937210083008,0.19750889679715303,0.024981065999782004
unet_uniform_only,fixed_dwell,20,line_hop,0.1,61,Fibres,25.61023712158203,0.4058853881755741,26.421199798583984,0.19750889679715303,0.02841969400014932
unet_uniform_only,fixed_dwell,20,line_hop,0.1,62,Films_Coated_Surface,15.689787864685059,0.29414281935030195,15.399413108825684,0.19750889679715303,0.022389574000044377
unet_uniform_only,fixed_dwell,20,line_hop,0.1,63,MEMS_devices_and_electrodes,19.962764739990234,0.5167264472013632,19.703927993774414,0.19750889679715303,0.02852480799992918
unet_uniform_only,fixed_dwell,20,line_hop,0.1,64,Nanowires,37.69329071044922,0.9160216865803646,37.841156005859375,0.19750889679715303,0.022078951000366942
unet_uniform_only,fixed_dwell,20,line_hop,0.1,65,Particles,24.871028900146484,0.3366792014293848,25.841289520263672,0.19750889679715303,0.02865493800072727
unet_uniform_only,fixed_dwell,20,line_hop,0.1,66,Patterned_surface,17.737234115600586,0.5552264629336849,17.47803497314453,0.19750889679715303,0.022447030999501294
unet_uniform_only,fixed_dwell,20,line_hop,0.1,67,Porous_Sponge,16.145435333251953,0.39370629765422155,15.79794979095459,0.19750889679715303,0.0289906650004923
unet_uniform_only,fixed_dwell,20,line_hop,0.1,68,Powder,19.91324806213379,0.43326854623544175,19.674951553344727,0.19750889679715303,0.027129809000143723
unet_uniform_only,fixed_dwell,20,line_hop,0.1,69,Tips,28.309410095214844,0.5745354958764194,29.460124969482422,0.19750889679715303,0.029335140000512183
unet_uniform_only,fixed_dwell,20,line_hop,0.1,70,Biological,20.86724853515625,0.21235202067598313,20.934133529663086,0.19750889679715303,0.028952382000170473
unet_uniform_only,fixed_dwell,20,line_hop,0.1,71,Fibres,25.586166381835938,0.5145232439617478,25.73063850402832,0.19750889679715303,0.029959459999190585
unet_uniform_only,fixed_dwell,20,line_hop,0.1,72,Films_Coated_Surface,17.39284324645996,0.4736427962448217,17.070714950561523,0.19750889679715303,0.024242982000032498
unet_uniform_only,fixed_dwell,20,line_hop,0.1,73,MEMS_devices_and_electrodes,21.980812072753906,0.553110487057246,21.846210479736328,0.19750889679715303,0.028547482000249147
unet_uniform_only,fixed_dwell,20,line_hop,0.1,74,Nanowires,32.68777847290039,0.7695848379742698,33.34837341308594,0.19750889679715303,0.02699781599949347
unet_uniform_only,fixed_dwell,20,line_hop,0.1,75,Particles,29.68825340270996,0.7920727173597925,29.71755027770996,0.19750889679715303,0.028598304000297503
unet_uniform_only,fixed_dwell,20,line_hop,0.1,76,Patterned_surface,17.92780303955078,0.604601513823075,17.563568115234375,0.19750889679715303,0.026677131999349513
unet_uniform_only,fixed_dwell,20,line_hop,0.1,77,Porous_Sponge,18.38132667541504,0.3814740602831244,18.112932205200195,0.19750889679715303,0.02972558100009337
unet_uniform_only,fixed_dwell,20,line_hop,0.1,78,Powder,20.601804733276367,0.45200279093045215,20.3619384765625,0.19750889679715303,0.02559464499972819
unet_uniform_only,fixed_dwell,20,line_hop,0.1,79,Tips,23.203594207763672,0.32636517280426264,23.60637855529785,0.19750889679715303,0.02856992299984995
unet_uniform_only,fixed_dwell,20,line_hop,0.1,80,Biological,22.26210594177246,0.20272189056721204,22.959251403808594,0.19750889679715303,0.023873303000073065
unet_uniform_only,fixed_dwell,20,line_hop,0.1,81,Fibres,22.420352935791016,0.22830649040861326,23.105077743530273,0.19750889679715303,0.029965008000544913
unet_uniform_only,fixed_dwell,20,line_hop,0.1,82,Films_Coated_Surface,18.011920928955078,0.33036197353872043,17.791961669921875,0.19750889679715303,0.02362631399955717
unet_uniform_only,fixed_dwell,20,line_hop,0.1,83,MEMS_devices_and_electrodes,19.120729446411133,0.37951907977292487,18.840429306030273,0.19750889679715303,0.02947982099976798
unet_uniform_only,fixed_dwell,20,line_hop,0.1,84,Nanowires,35.240806579589844,0.9489704608398678,35.248741149902344,0.19750889679715303,0.02587628799938102
unet_uniform_only,fixed_dwell,20,line_hop,0.1,85,Particles,20.36001205444336,0.4103715465405688,20.109712600708008,0.19750889679715303,0.028708333000395214
unet_uniform_only,fixed_dwell,20,line_hop,0.1,86,Patterned_surface,26.082361221313477,0.7598212824845547,25.86117935180664,0.19750889679715303,0.02999776100023155
unet_uniform_only,fixed_dwell,20,line_hop,0.1,87,Porous_Sponge,19.327600479125977,0.3501001349511412,19.164762496948242,0.19750889679715303,0.025587866999558173
unet_uniform_only,fixed_dwell,20,line_hop,0.1,88,Powder,23.259292602539062,0.632421177738816,23.09015655517578,0.19750889679715303,0.029327620000003662
unet_uniform_only,fixed_dwell,20,line_hop,0.1,89,Tips,27.081289291381836,0.4197686150639888,27.075489044189453,0.19750889679715303,0.02489402199989854
unet_uniform_only,fixed_dwell,20,line_hop,0.1,90,Biological,22.237300872802734,0.20861664052147857,22.799304962158203,0.19750889679715303,0.02793340999960492
unet_uniform_only,fixed_dwell,20,line_hop,0.1,91,Fibres,23.419801712036133,0.3319209306399719,23.96828842163086,0.19750889679715303,0.021670355000424024
unet_uniform_only,fixed_dwell,20,line_hop,0.1,92,Films_Coated_Surface,20.00084114074707,0.28123647202351437,19.926145553588867,0.19750889679715303,0.02871029699963401
unet_uniform_only,fixed_dwell,20,line_hop,0.1,93,MEMS_devices_and_electrodes,25.061180114746094,0.7430699514312569,24.825489044189453,0.19750889679715303,0.029314756000530906
unet_uniform_only,fixed_dwell,20,line_hop,0.1,94,Nanowires,11.634684562683105,0.36290171876285215,11.242097854614258,0.19750889679715303,0.028986266999709187
unet_uniform_only,fixed_dwell,20,line_hop,0.1,95,Particles,26.082284927368164,0.5490550976757997,25.909503936767578,0.19750889679715303,0.030078362000494963
unet_uniform_only,fixed_dwell,20,line_hop,0.1,96,Patterned_surface,22.18183708190918,0.42198631526094277,22.021183013916016,0.19750889679715303,0.0251022689999445
unet_uniform_only,fixed_dwell,20,line_hop,0.1,97,Porous_Sponge,21.80535888671875,0.39287312210525893,21.66976547241211,0.19750889679715303,0.029605380999782938
unet_uniform_only,fixed_dwell,20,line_hop,0.1,98,Powder,28.651220321655273,0.8071347410934299,28.516080856323242,0.19750889679715303,0.022303157999886025
unet_uniform_only,fixed_dwell,20,line_hop,0.1,99,Tips,29.190319061279297,0.6461241383999644,29.315719604492188,0.19750889679715303,0.02858555799957685
unet_uniform_only,fixed_dwell,20,line_hop,0.15,0,Biological,22.413301467895508,0.3272375219960885,22.329456329345703,0.2615658362989324,0.018536855999627733
unet_uniform_only,fixed_dwell,20,line_hop,0.15,1,Fibres,20.748119354248047,0.4402533693839525,20.50790786743164,0.2615658362989324,0.028644932999668526
unet_uniform_only,fixed_dwell,20,line_hop,0.15,2,Films_Coated_Surface,23.634353637695312,0.38949521877703713,23.462512969970703,0.2615658362989324,0.027464763000352832
unet_uniform_only,fixed_dwell,20,line_hop,0.15,3,MEMS_devices_and_electrodes,23.93832778930664,0.3283724192568123,23.715213775634766,0.2615658362989324,0.02830992700000934
unet_uniform_only,fixed_dwell,20,line_hop,0.15,4,Nanowires,17.004058837890625,0.47267371879399944,16.4364070892334,0.2615658362989324,0.029478633000508125
unet_uniform_only,fixed_dwell,20,line_hop,0.15,5,Particles,17.162254333496094,0.3006248052295717,16.77638816833496,0.2615658362989324,0.023587798999869847
unet_uniform_only,fixed_dwell,20,line_hop,0.15,6,Patterned_surface,23.35362434387207,0.4808175126949258,23.009756088256836,0.2615658362989324,0.029468656000062765
unet_uniform_only,fixed_dwell,20,line_hop,0.15,7,Porous_Sponge,22.048736572265625,0.4291911716294832,21.776674270629883,0.2615658362989324,0.02524116899985529
unet_uniform_only,fixed_dwell,20,line_hop,0.15,8,Powder,17.963924407958984,0.33120720848973484,17.599048614501953,0.2615658362989324,0.029085438999572943
unet_uniform_only,fixed_dwell,20,line_hop,0.15,9,Tips,31.54068374633789,0.8864176817471342,31.570858001708984,0.2615658362989324,0.028312999000263517
unet_uniform_only,fixed_dwell,20,line_hop,0.15,10,Biological,23.91156005859375,0.2907876320987335,24.107465744018555,0.2615658362989324,0.020603162000043085
unet_uniform_only,fixed_dwell,20,line_hop,0.15,11,Fibres,25.601627349853516,0.6165920036048811,25.376827239990234,0.2615658362989324,0.029340844000216748
unet_uniform_only,fixed_dwell,20,line_hop,0.15,12,Films_Coated_Surface,24.931772232055664,0.39991491782539096,24.797943115234375,0.2615658362989324,0.028910208000525017
unet_uniform_only,fixed_dwell,20,line_hop,0.15,13,MEMS_devices_and_electrodes,25.13955307006836,0.3418598456560499,24.913509368896484,0.2615658362989324,0.02641722599946661
unet_uniform_only,fixed_dwell,20,line_hop,0.15,14,Nanowires,13.286508560180664,0.3543814125775757,12.733560562133789,0.2615658362989324,0.029726041000685655
unet_uniform_only,fixed_dwell,20,line_hop,0.15,15,Particles,30.646034240722656,0.617317006753686,31.68168067932129,0.2615658362989324,0.020055253999998968
unet_uniform_only,fixed_dwell,20,line_hop,0.15,16,Patterned_surface,19.44915771484375,0.3977457736171113,19.235654830932617,0.2615658362989324,0.02947832100016967
unet_uniform_only,fixed_dwell,20,line_hop,0.15,17,Porous_Sponge,14.473572731018066,0.3940369825921745,13.91763687133789,0.2615658362989324,0.029007673000705836
unet_uniform_only,fixed_dwell,20,line_hop,0.15,18,Powder,19.39485740661621,0.4627078458559579,19.081560134887695,0.2615658362989324,0.02532629600045766
unet_uniform_only,fixed_dwell,20,line_hop,0.15,19,Tips,24.87727928161621,0.7705842352144849,24.763586044311523,0.2615658362989324,0.029348887000196555
unet_uniform_only,fixed_dwell,20,line_hop,0.15,20,Biological,23.481351852416992,0.5620906368429638,23.199737548828125,0.2615658362989324,0.021322196000255644
unet_uniform_only,fixed_dwell,20,line_hop,0.15,21,Fibres,20.45928955078125,0.4376819194814327,20.34958267211914,0.2615658362989324,0.028130779000093753
unet_uniform_only,fixed_dwell,20,line_hop,0.15,22,Films_Coated_Surface,13.133827209472656,0.3638931578958003,12.58558177947998,0.2615658362989324,0.02883779700005107
unet_uniform_only,fixed_dwell,20,line_hop,0.15,23,MEMS_devices_and_electrodes,25.40509796142578,0.38559542704131783,25.23164939880371,0.2615658362989324,0.026072603999637067
unet_uniform_only,fixed_dwell,20,line_hop,0.15,24,Nanowires,12.94288158416748,0.2256850003538534,12.442923545837402,0.2615658362989324,0.02804893800021091
unet_uniform_only,fixed_dwell,20,line_hop,0.15,25,Particles,32.037567138671875,0.6487863227779387,31.938671112060547,0.2615658362989324,0.021998235000864952
unet_uniform_only,fixed_dwell,20,line_hop,0.15,26,Patterned_surface,17.899154663085938,0.28569275052098075,17.583581924438477,0.2615658362989324,0.029960476999804087
unet_uniform_only,fixed_dwell,20,line_hop,0.15,27,Porous_Sponge,21.32427978515625,0.2972251107823268,21.37059783935547,0.2615658362989324,0.028023700000630924
unet_uniform_only,fixed_dwell,20,line_hop,0.15,28,Powder,21.729299545288086,0.5323696578522971,21.41284942626953,0.2615658362989324,0.018934982999780914
unet_uniform_only,fixed_dwell,20,line_hop,0.15,29,Tips,37.95313262939453,0.9576329963036379,37.979862213134766,0.2615658362989324,0.02931696300038311
unet_uniform_only,fixed_dwell,20,line_hop,0.15,30,Biological,22.76696014404297,0.2564409764252365,23.03766441345215,0.2615658362989324,0.02894514200033882
unet_uniform_only,fixed_dwell,20,line_hop,0.15,31,Fibres,25.204265594482422,0.31468295442735283,25.94329071044922,0.2615658362989324,0.025926309000169567
unet_uniform_only,fixed_dwell,20,line_hop,0.15,32,Films_Coated_Surface,20.87340545654297,0.25473509528798255,20.963787078857422,0.2615658362989324,0.028796277000765258
unet_uniform_only,fixed_dwell,20,line_hop,0.15,33,MEMS_devices_and_electrodes,22.836694717407227,0.6096162239929909,22.403451919555664,0.2615658362989324,0.021368968000388122
unet_uniform_only,fixed_dwell,20,line_hop,0.15,34,Nanowires,25.422258377075195,0.6308075294216693,25.09984588623047,0.2615658362989324,0.02856674299982842
unet_uniform_only,fixed_dwell,20,line_hop,0.15,35,Particles,29.268701553344727,0.7705340041871442,29.209312438964844,0.2615658362989324,0.028565502000674314
unet_uniform_only,fixed_dwell,20,line_hop,0.15,36,Patterned_surface,28.495594024658203,0.8461555193101272,28.04014015197754,0.2615658362989324,0.025244161000046006
unet_uniform_only,fixed_dwell,20,line_hop,0.15,37,Porous_Sponge,15.750041007995605,0.4404932454536063,15.287420272827148,0.2615658362989324,0.027842667999721016
unet_uniform_only,fixed_dwell,20,line_hop,0.15,38,Powder,20.57701873779297,0.34456307228224436,20.23735237121582,0.2615658362989324,0.01976082400051382
unet_uniform_only,fixed_dwell,20,line_hop,0.15,39,Tips,32.87553787231445,0.7446861218763908,33.740543365478516,0.2615658362989324,0.0291050499999983
unet_uniform_only,fixed_dwell,20,line_hop,0.15,40,Biological,20.6789608001709,0.3646708081422763,20.481128692626953,0.2615658362989324,0.029688073999750486
unet_uniform_only,fixed_dwell,20,line_hop,0.15,41,Fibres,26.743276596069336,0.7023384469131878,26.619766235351562,0.2615658362989324,0.023257241000465
unet_uniform_only,fixed_dwell,20,line_hop,0.15,42,Films_Coated_Surface,23.277578353881836,0.2817183961694096,23.399032592773438,0.2615658362989324,0.028388803999405354
unet_uniform_only,fixed_dwell,20,line_hop,0.15,43,MEMS_devices_and_electrodes,21.362281799316406,0.28954848890363466,21.205699920654297,0.2615658362989324,0.023506014000304276
unet_uniform_only,fixed_dwell,20,line_hop,0.15,44,Nanowires,22.582176208496094,0.42683547782443676,22.383026123046875,0.2615658362989324,0.027636261000225204
unet_uniform_only,fixed_dwell,20,line_hop,0.15,45,Particles,30.550949096679688,0.8965305078749575,30.299711227416992,0.2615658362989324,0.029409275999569218
unet_uniform_only,fixed_dwell,20,line_hop,0.15,46,Patterned_surface,26.259601593017578,0.5601462657932683,26.191627502441406,0.2615658362989324,0.023467766999601736
unet_uniform_only,fixed_dwell,20,line_hop,0.15,47,Porous_Sponge,22.069732666015625,0.4398142008915863,21.80872344970703,0.2615658362989324,0.029812773000230663
unet_uniform_only,fixed_dwell,20,line_hop,0.15,48,Powder,23.111644744873047,0.44504662502785947,23.041271209716797,0.2615658362989324,0.023976493000191113
unet_uniform_only,fixed_dwell,20,line_hop,0.15,49,Tips,18.041593551635742,0.2463174600924021,17.770999908447266,0.2615658362989324,0.028807430000597378
unet_uniform_only,fixed_dwell,20,line_hop,0.15,50,Biological,22.211084365844727,0.2546315513606692,22.25434112548828,0.2615658362989324,0.029515979000279913
unet_uniform_only,fixed_dwell,20,line_hop,0.15,51,Fibres,26.239526748657227,0.4241394244071852,26.619747161865234,0.2615658362989324,0.01991244500004541
unet_uniform_only,fixed_dwell,20,line_hop,0.15,52,Films_Coated_Surface,15.567367553710938,0.4674213869309683,15.089344024658203,0.2615658362989324,0.02996414300014294
unet_uniform_only,fixed_dwell,20,line_hop,0.15,53,MEMS_devices_and_electrodes,31.92560386657715,0.861712629774892,31.719053268432617,0.2615658362989324,0.021351155000047584
unet_uniform_only,fixed_dwell,20,line_hop,0.15,54,Nanowires,29.10670280456543,0.7035583592699479,29.011024475097656,0.2615658362989324,0.02874740799961728
unet_uniform_only,fixed_dwell,20,line_hop,0.15,55,Particles,26.479570388793945,0.40279587077334444,26.401714324951172,0.2615658362989324,0.02991085200028465
unet_uniform_only,fixed_dwell,20,line_hop,0.15,56,Patterned_surface,21.679973602294922,0.5366169784994584,21.33274269104004,0.2615658362989324,0.028106058000048506
unet_uniform_only,fixed_dwell,20,line_hop,0.15,57,Porous_Sponge,19.959997177124023,0.3289929300016581,19.826385498046875,0.2615658362989324,0.0250984829999652
unet_uniform_only,fixed_dwell,20,line_hop,0.15,58,Powder,18.038448333740234,0.2243458308826903,17.723628997802734,0.2615658362989324,0.029686863999813795
unet_uniform_only,fixed_dwell,20,line_hop,0.15,59,Tips,31.91124725341797,0.7423822623719469,32.37158203125,0.2615658362989324,0.02141269799994916
unet_uniform_only,fixed_dwell,20,line_hop,0.15,60,Biological,24.92748260498047,0.3309554306608253,25.138452529907227,0.2615658362989324,0.028735920999679365
unet_uniform_only,fixed_dwell,20,line_hop,0.15,61,Fibres,29.39632797241211,0.6109626632710966,29.715089797973633,0.2615658362989324,0.02891516099953151
unet_uniform_only,fixed_dwell,20,line_hop,0.15,62,Films_Coated_Surface,16.62308120727539,0.3810679204732121,16.197216033935547,0.2615658362989324,0.02075014900037786
unet_uniform_only,fixed_dwell,20,line_hop,0.15,63,MEMS_devices_and_electrodes,20.642513275146484,0.553003141898083,20.277660369873047,0.2615658362989324,0.029138935999981186
unet_uniform_only,fixed_dwell,20,line_hop,0.15,64,Nanowires,38.82445526123047,0.9228885889688417,38.94342041015625,0.2615658362989324,0.027009807000467845
unet_uniform_only,fixed_dwell,20,line_hop,0.15,65,Particles,26.58871841430664,0.3928245841374603,27.352266311645508,0.2615658362989324,0.025698803000523185
unet_uniform_only,fixed_dwell,20,line_hop,0.15,66,Patterned_surface,18.204391479492188,0.6024850958352145,17.854278564453125,0.2615658362989324,0.028746269000293978
unet_uniform_only,fixed_dwell,20,line_hop,0.15,67,Porous_Sponge,17.31757354736328,0.4858725759891215,16.815868377685547,0.2615658362989324,0.028958414000044286
unet_uniform_only,fixed_dwell,20,line_hop,0.15,68,Powder,20.8627986907959,0.486839664253256,20.536020278930664,0.2615658362989324,0.023755661999530275
unet_uniform_only,fixed_dwell,20,line_hop,0.15,69,Tips,31.060611724853516,0.6839174244389392,32.197174072265625,0.2615658362989324,0.029766375999315642
unet_uniform_only,fixed_dwell,20,line_hop,0.15,70,Biological,21.621631622314453,0.2668887082530138,21.67696762084961,0.2615658362989324,0.026200927999525447
unet_uniform_only,fixed_dwell,20,line_hop,0.15,71,Fibres,26.86866569519043,0.5336021451780542,27.37725067138672,0.2615658362989324,0.028615075999368855
unet_uniform_only,fixed_dwell,20,line_hop,0.15,72,Films_Coated_Surface,19.182846069335938,0.5122748283796666,18.766271591186523,0.2615658362989324,0.029074590999698557
unet_uniform_only,fixed_dwell,20,line_hop,0.15,73,MEMS_devices_and_electrodes,22.730485916137695,0.6121947305858485,22.442562103271484,0.2615658362989324,0.026189273999989382
unet_uniform_only,fixed_dwell,20,line_hop,0.15,74,Nanowires,34.45372772216797,0.8079040331553919,34.877254486083984,0.2615658362989324,0.028762607000317075
unet_uniform_only,fixed_dwell,20,line_hop,0.15,75,Particles,31.32216453552246,0.8368359009799735,31.245342254638672,0.2615658362989324,0.027534726999874692
unet_uniform_only,fixed_dwell,20,line_hop,0.15,76,Patterned_surface,20.49197769165039,0.664749779979736,19.99042510986328,0.2615658362989324,0.024247215000286815
unet_uniform_only,fixed_dwell,20,line_hop,0.15,77,Porous_Sponge,19.53942108154297,0.44486858936042456,19.142892837524414,0.2615658362989324,0.028865805999885197
unet_uniform_only,fixed_dwell,20,line_hop,0.15,78,Powder,22.071964263916016,0.5280734503658132,21.77751922607422,0.2615658362989324,0.02563030599958438
unet_uniform_only,fixed_dwell,20,line_hop,0.15,79,Tips,25.30704689025879,0.3940412690184172,25.481185913085938,0.2615658362989324,0.028696489999674668
unet_uniform_only,fixed_dwell,20,line_hop,0.15,80,Biological,23.074541091918945,0.2228839682839521,23.69867515563965,0.2615658362989324,0.028269502000512148
unet_uniform_only,fixed_dwell,20,line_hop,0.15,81,Fibres,24.132434844970703,0.2857941282370747,24.80147933959961,0.2615658362989324,0.018985716000315733
unet_uniform_only,fixed_dwell,20,line_hop,0.15,82,Films_Coated_Surface,19.438573837280273,0.4031556238779123,19.145414352416992,0.2615658362989324,0.02982997399976739
unet_uniform_only,fixed_dwell,20,line_hop,0.15,83,MEMS_devices_and_electrodes,20.76119613647461,0.4383575354094674,20.380151748657227,0.2615658362989324,0.029939152000224567
unet_uniform_only,fixed_dwell,20,line_hop,0.15,84,Nanowires,36.837989807128906,0.9525394079805742,36.84627914428711,0.2615658362989324,0.029984624000462645
unet_uniform_only,fixed_dwell,20,line_hop,0.15,85,Particles,21.946504592895508,0.4781248245540204,21.63780403137207,0.2615658362989324,0.024997130999508954
unet_uniform_only,fixed_dwell,20,line_hop,0.15,86,Patterned_surface,25.93274688720703,0.7489701663770371,25.520484924316406,0.2615658362989324,0.02856348099976458
unet_uniform_only,fixed_dwell,20,line_hop,0.15,87,Porous_Sponge,20.29230499267578,0.40178754351177065,20.07788848876953,0.2615658362989324,0.018953347000206122
unet_uniform_only,fixed_dwell,20,line_hop,0.15,88,Powder,24.769264221191406,0.6886451216022342,24.53679084777832,0.2615658362989324,0.027838334999614744
unet_uniform_only,fixed_dwell,20,line_hop,0.15,89,Tips,27.58292007446289,0.42805964166140553,27.52628517150879,0.2615658362989324,0.032512208000298415
unet_uniform_only,fixed_dwell,20,line_hop,0.15,90,Biological,23.796064376831055,0.2593389234058532,24.13839340209961,0.2615658362989324,0.030063713999879838
unet_uniform_only,fixed_dwell,20,line_hop,0.15,91,Fibres,26.71393394470215,0.4859894148675915,27.15519142150879,0.2615658362989324,0.028815367999413866
unet_uniform_only,fixed_dwell,20,line_hop,0.15,92,Films_Coated_Surface,20.9486026763916,0.35063625392680303,20.873294830322266,0.2615658362989324,0.018854459999602113
unet_uniform_only,fixed_dwell,20,line_hop,0.15,93,MEMS_devices_and_electrodes,26.305524826049805,0.7723772748503607,25.959373474121094,0.2615658362989324,0.023898569000266434
unet_uniform_only,fixed_dwell,20,line_hop,0.15,94,Nanowires,12.607817649841309,0.47984495813125555,12.016712188720703,0.2615658362989324,0.024953799999821058
unet_uniform_only,fixed_dwell,20,line_hop,0.15,95,Particles,26.78896141052246,0.5747842869315268,26.36608123779297,0.2615658362989324,0.027379658999961975
unet_uniform_only,fixed_dwell,20,line_hop,0.15,96,Patterned_surface,23.164939880371094,0.47116269885116147,22.90401268005371,0.2615658362989324,0.03182150999964506
unet_uniform_only,fixed_dwell,20,line_hop,0.15,97,Porous_Sponge,22.823471069335938,0.4883698405334352,22.691564559936523,0.2615658362989324,0.030253770999479457
unet_uniform_only,fixed_dwell,20,line_hop,0.15,98,Powder,30.396392822265625,0.8453617071300188,30.226526260375977,0.2615658362989324,0.03206616699935694
unet_uniform_only,fixed_dwell,20,line_hop,0.15,99,Tips,30.366880416870117,0.6802506326561463,30.296039581298828,0.2615658362989324,0.030192787000487442
unet_uniform_only,fixed_dwell,20,line_hop,0.2,0,Biological,23.297327041625977,0.37935821645846124,23.128524780273438,0.31494661921708184,0.03154671599986614
unet_uniform_only,fixed_dwell,20,line_hop,0.2,1,Fibres,21.57771110534668,0.5078524372715266,21.29090118408203,0.31494661921708184,0.032252463000077114
unet_uniform_only,fixed_dwell,20,line_hop,0.2,2,Films_Coated_Surface,24.217374801635742,0.4219057607803311,23.96726417541504,0.31494661921708184,0.032229219999862835
unet_uniform_only,fixed_dwell,20,line_hop,0.2,3,MEMS_devices_and_electrodes,24.395423889160156,0.3499976082947251,24.079795837402344,0.31494661921708184,0.031191570999908436
unet_uniform_only,fixed_dwell,20,line_hop,0.2,4,Nanowires,17.759172439575195,0.5526663929816882,17.014493942260742,0.31494661921708184,0.030364490000465594
unet_uniform_only,fixed_dwell,20,line_hop,0.2,5,Particles,17.52648162841797,0.3441042645487822,17.010639190673828,0.31494661921708184,0.031906130000606936
unet_uniform_only,fixed_dwell,20,line_hop,0.2,6,Patterned_surface,24.323108673095703,0.5130898131375123,24.00550079345703,0.31494661921708184,0.02988205099973129
unet_uniform_only,fixed_dwell,20,line_hop,0.2,7,Porous_Sponge,22.47709083557129,0.4600124978683153,22.174297332763672,0.31494661921708184,0.0186845070002164
unet_uniform_only,fixed_dwell,20,line_hop,0.2,8,Powder,18.331462860107422,0.3629449730516808,17.865100860595703,0.31494661921708184,0.029718471999331086
unet_uniform_only,fixed_dwell,20,line_hop,0.2,9,Tips,31.66131591796875,0.9007353679331718,31.37529182434082,0.31494661921708184,0.028908198999488377
unet_uniform_only,fixed_dwell,20,line_hop,0.2,10,Biological,25.045509338378906,0.3503412997754808,25.206214904785156,0.31494661921708184,0.02531535599973722
unet_uniform_only,fixed_dwell,20,line_hop,0.2,11,Fibres,26.45041275024414,0.6626546576450948,26.112707138061523,0.31494661921708184,0.029123045999767783
unet_uniform_only,fixed_dwell,20,line_hop,0.2,12,Films_Coated_Surface,25.50056266784668,0.4409180371101274,25.318851470947266,0.31494661921708184,0.025172152000777714
unet_uniform_only,fixed_dwell,20,line_hop,0.2,13,MEMS_devices_and_electrodes,25.439167022705078,0.34634239366549907,25.189542770385742,0.31494661921708184,0.029046450000350887
unet_uniform_only,fixed_dwell,20,line_hop,0.2,14,Nanowires,13.80855941772461,0.42958989580280865,13.076467514038086,0.31494661921708184,0.02975219800009654
unet_uniform_only,fixed_dwell,20,line_hop,0.2,15,Particles,34.839229583740234,0.8292041773644037,35.26807403564453,0.31494661921708184,0.021386871999311552
unet_uniform_only,fixed_dwell,20,line_hop,0.2,16,Patterned_surface,20.19637680053711,0.48771018304267977,19.884187698364258,0.31494661921708184,0.029321420999622205
unet_uniform_only,fixed_dwell,20,line_hop,0.2,17,Porous_Sponge,15.375975608825684,0.4531194237177369,14.649449348449707,0.31494661921708184,0.02913982500012935
unet_uniform_only,fixed_dwell,20,line_hop,0.2,18,Powder,20.154760360717773,0.5059927113540652,19.716838836669922,0.31494661921708184,0.02128673900006106
unet_uniform_only,fixed_dwell,20,line_hop,0.2,19,Tips,25.130550384521484,0.7748318594464458,25.00960350036621,0.31494661921708184,0.02926901299997553
unet_uniform_only,fixed_dwell,20,line_hop,0.2,20,Biological,24.110626220703125,0.579518035597413,23.756277084350586,0.31494661921708184,0.02898693700080912
unet_uniform_only,fixed_dwell,20,line_hop,0.2,21,Fibres,21.52984619140625,0.5268062405761993,21.326066970825195,0.31494661921708184,0.021215318000031402
unet_uniform_only,fixed_dwell,20,line_hop,0.2,22,Films_Coated_Surface,13.70714282989502,0.43246482270229275,12.982572555541992,0.31494661921708184,0.028807630000301288
unet_uniform_only,fixed_dwell,20,line_hop,0.2,23,MEMS_devices_and_electrodes,25.569522857666016,0.3892295921239797,25.390398025512695,0.31494661921708184,0.028648538000197732
unet_uniform_only,fixed_dwell,20,line_hop,0.2,24,Nanowires,13.149847030639648,0.27799141129818533,12.482736587524414,0.31494661921708184,0.02344024099966191
unet_uniform_only,fixed_dwell,20,line_hop,0.2,25,Particles,32.31674575805664,0.6509266024706181,32.25397872924805,0.31494661921708184,0.028779217000192148
unet_uniform_only,fixed_dwell,20,line_hop,0.2,26,Patterned_surface,18.417442321777344,0.33775334225527415,17.944900512695312,0.31494661921708184,0.027799468000011984
unet_uniform_only,fixed_dwell,20,line_hop,0.2,27,Porous_Sponge,22.037750244140625,0.32466566141857434,22.116424560546875,0.31494661921708184,0.0255745559998104
unet_uniform_only,fixed_dwell,20,line_hop,0.2,28,Powder,22.34927749633789,0.5766531053257286,21.922853469848633,0.31494661921708184,0.02790778200051136
unet_uniform_only,fixed_dwell,20,line_hop,0.2,29,Tips,38.529422760009766,0.9584815839073042,38.57902145385742,0.31494661921708184,0.023728189000394195
unet_uniform_only,fixed_dwell,20,line_hop,0.2,30,Biological,24.33661651611328,0.3190349385984546,24.532604217529297,0.31494661921708184,0.02907364000020607
unet_uniform_only,fixed_dwell,20,line_hop,0.2,31,Fibres,27.084123611450195,0.4025339164929031,27.64672088623047,0.31494661921708184,0.028604175000509713
unet_uniform_only,fixed_dwell,20,line_hop,0.2,32,Films_Coated_Surface,21.36032485961914,0.30629147751666874,21.618967056274414,0.31494661921708184,0.024387307000324654
unet_uniform_only,fixed_dwell,20,line_hop,0.2,33,MEMS_devices_and_electrodes,23.457651138305664,0.6197885906331624,22.886484146118164,0.31494661921708184,0.028998923000472132
unet_uniform_only,fixed_dwell,20,line_hop,0.2,34,Nanowires,26.594945907592773,0.6927292848441472,26.146778106689453,0.31494661921708184,0.03003125200029899
unet_uniform_only,fixed_dwell,20,line_hop,0.2,35,Particles,30.164859771728516,0.7914288752777332,29.981611251831055,0.31494661921708184,0.021666239999831305
unet_uniform_only,fixed_dwell,20,line_hop,0.2,36,Patterned_surface,29.166595458984375,0.8606991627963043,28.53176498413086,0.31494661921708184,0.028822917000070447
unet_uniform_only,fixed_dwell,20,line_hop,0.2,37,Porous_Sponge,16.249954223632812,0.49088481461372774,15.637340545654297,0.31494661921708184,0.0277270779997707
unet_uniform_only,fixed_dwell,20,line_hop,0.2,38,Powder,21.11116600036621,0.3811800794508963,20.667316436767578,0.31494661921708184,0.019389994999983173
unet_uniform_only,fixed_dwell,20,line_hop,0.2,39,Tips,33.10362243652344,0.7388306298963792,34.669288635253906,0.31494661921708184,0.028673468000306457
unet_uniform_only,fixed_dwell,20,line_hop,0.2,40,Biological,21.534378051757812,0.41172727547307236,21.39993667602539,0.31494661921708184,0.02905155200005538
unet_uniform_only,fixed_dwell,20,line_hop,0.2,41,Fibres,27.642860412597656,0.7316752579593374,27.39565658569336,0.31494661921708184,0.022816892999799165
unet_uniform_only,fixed_dwell,20,line_hop,0.2,42,Films_Coated_Surface,23.062538146972656,0.2764873634774204,23.45989227294922,0.31494661921708184,0.029475504999936675
unet_uniform_only,fixed_dwell,20,line_hop,0.2,43,MEMS_devices_and_electrodes,21.57269287109375,0.3177463063673257,21.464614868164062,0.31494661921708184,0.02386944699992455
unet_uniform_only,fixed_dwell,20,line_hop,0.2,44,Nanowires,23.232372283935547,0.45258313516302223,23.029863357543945,0.31494661921708184,0.030279665000307432
unet_uniform_only,fixed_dwell,20,line_hop,0.2,45,Particles,33.31880569458008,0.9188063757457227,33.126773834228516,0.31494661921708184,0.02773196399994049
unet_uniform_only,fixed_dwell,20,line_hop,0.2,46,Patterned_surface,26.454818725585938,0.5730580344758949,26.254425048828125,0.31494661921708184,0.01835666399983893
unet_uniform_only,fixed_dwell,20,line_hop,0.2,47,Porous_Sponge,22.821083068847656,0.4800111303227213,22.4666748046875,0.31494661921708184,0.028663197999776457
unet_uniform_only,fixed_dwell,20,line_hop,0.2,48,Powder,23.901233673095703,0.4883611121434873,23.751327514648438,0.31494661921708184,0.02936113300074794
unet_uniform_only,fixed_dwell,20,line_hop,0.2,49,Tips,18.32955551147461,0.28684360128055286,18.004127502441406,0.31494661921708184,0.016505881000739464
unet_uniform_only,fixed_dwell,20,line_hop,0.2,50,Biological,22.923629760742188,0.29061203573025757,22.8427734375,0.31494661921708184,0.02773105799951736
unet_uniform_only,fixed_dwell,20,line_hop,0.2,51,Fibres,28.324289321899414,0.5411309914599712,28.584814071655273,0.31494661921708184,0.025878196000121534
unet_uniform_only,fixed_dwell,20,line_hop,0.2,52,Films_Coated_Surface,16.473419189453125,0.5491148861543433,15.861639976501465,0.31494661921708184,0.026928589000817738
unet_uniform_only,fixed_dwell,20,line_hop,0.2,53,MEMS_devices_and_electrodes,33.13755798339844,0.8768740555384098,32.871219635009766,0.31494661921708184,0.02902592300051765
unet_uniform_only,fixed_dwell,20,line_hop,0.2,54,Nanowires,29.820125579833984,0.7286558877537567,29.644439697265625,0.31494661921708184,0.024846791000527446
unet_uniform_only,fixed_dwell,20,line_hop,0.2,55,Particles,26.70566749572754,0.4141394149290792,26.644180297851562,0.31494661921708184,0.027332693999596813
unet_uniform_only,fixed_dwell,20,line_hop,0.2,56,Patterned_surface,22.999462127685547,0.5748418643249689,22.58783531188965,0.31494661921708184,0.027357721000043966
unet_uniform_only,fixed_dwell,20,line_hop,0.2,57,Porous_Sponge,20.60158920288086,0.37973591649642696,20.368106842041016,0.31494661921708184,0.02065617799962638
unet_uniform_only,fixed_dwell,20,line_hop,0.2,58,Powder,18.217931747436523,0.28715396862224496,17.867111206054688,0.31494661921708184,0.029924765000032494
unet_uniform_only,fixed_dwell,20,line_hop,0.2,59,Tips,33.33149719238281,0.792573936925483,33.67014694213867,0.31494661921708184,0.028252211999642896
unet_uniform_only,fixed_dwell,20,line_hop,0.2,60,Biological,25.683687210083008,0.37260586923916217,25.98675537109375,0.31494661921708184,0.02253815299991402
unet_uniform_only,fixed_dwell,20,line_hop,0.2,61,Fibres,30.678998947143555,0.6878562524600693,30.895578384399414,0.31494661921708184,0.028568613999595982
unet_uniform_only,fixed_dwell,20,line_hop,0.2,62,Films_Coated_Surface,17.191312789916992,0.43523261500243854,16.628822326660156,0.31494661921708184,0.022022475999619928
unet_uniform_only,fixed_dwell,20,line_hop,0.2,63,MEMS_devices_and_electrodes,21.449880599975586,0.5934868169531763,20.972681045532227,0.31494661921708184,0.02839339599995583
unet_uniform_only,fixed_dwell,20,line_hop,0.2,64,Nanowires,38.97539520263672,0.9222822683396887,39.092987060546875,0.31494661921708184,0.02765504799936025
unet_uniform_only,fixed_dwell,20,line_hop,0.2,65,Particles,28.960182189941406,0.53017878898963,29.834701538085938,0.31494661921708184,0.023942173000250477
unet_uniform_only,fixed_dwell,20,line_hop,0.2,66,Patterned_surface,18.613037109375,0.6421756237761522,18.1259765625,0.31494661921708184,0.028484280000157014
unet_uniform_only,fixed_dwell,20,line_hop,0.2,67,Porous_Sponge,17.98443031311035,0.5416863611727165,17.33182144165039,0.31494661921708184,0.017865768999399734
unet_uniform_only,fixed_dwell,20,line_hop,0.2,68,Powder,21.470335006713867,0.5200415933983674,21.077499389648438,0.31494661921708184,0.028831779999563878
unet_uniform_only,fixed_dwell,20,line_hop,0.2,69,Tips,34.25532531738281,0.8238311281327667,34.68448257446289,0.31494661921708184,0.02796114100056002
unet_uniform_only,fixed_dwell,20,line_hop,0.2,70,Biological,22.45389175415039,0.32007739151230946,22.447071075439453,0.31494661921708184,0.025716323999404267
unet_uniform_only,fixed_dwell,20,line_hop,0.2,71,Fibres,28.419523239135742,0.630174796424044,28.73210906982422,0.31494661921708184,0.02777765199971327
unet_uniform_only,fixed_dwell,20,line_hop,0.2,72,Films_Coated_Surface,20.493661880493164,0.5871940908727399,19.907262802124023,0.31494661921708184,0.025706512000397197
unet_uniform_only,fixed_dwell,20,line_hop,0.2,73,MEMS_devices_and_electrodes,23.455007553100586,0.630247313883194,23.1015682220459,0.31494661921708184,0.02786737800033734
unet_uniform_only,fixed_dwell,20,line_hop,0.2,74,Nanowires,35.02277755737305,0.8244481590781201,35.21908187866211,0.31494661921708184,0.028925914999490487
unet_uniform_only,fixed_dwell,20,line_hop,0.2,75,Particles,32.362937927246094,0.8558593931389514,32.20838928222656,0.31494661921708184,0.020790129000488378
unet_uniform_only,fixed_dwell,20,line_hop,0.2,76,Patterned_surface,21.85523796081543,0.6868105806056795,21.24127960205078,0.31494661921708184,0.028886753000733734
unet_uniform_only,fixed_dwell,20,line_hop,0.2,77,Porous_Sponge,20.49494743347168,0.4860897565260544,20.012271881103516,0.31494661921708184,0.028406346999872767
unet_uniform_only,fixed_dwell,20,line_hop,0.2,78,Powder,22.76466178894043,0.5694106499823477,22.38652992248535,0.31494661921708184,0.022476387999631697
unet_uniform_only,fixed_dwell,20,line_hop,0.2,79,Tips,26.187543869018555,0.418257334096593,26.35887908935547,0.31494661921708184,0.02880504499989911
unet_uniform_only,fixed_dwell,20,line_hop,0.2,80,Biological,24.50350570678711,0.2762036420146109,25.178401947021484,0.31494661921708184,0.027089711999906285
unet_uniform_only,fixed_dwell,20,line_hop,0.2,81,Fibres,24.984262466430664,0.32071455010409844,25.480947494506836,0.31494661921708184,0.025589603000298666
unet_uniform_only,fixed_dwell,20,line_hop,0.2,82,Films_Coated_Surface,20.332103729248047,0.4307638267361717,20.064001083374023,0.31494661921708184,0.029685749000236683
unet_uniform_only,fixed_dwell,20,line_hop,0.2,83,MEMS_devices_and_electrodes,21.383811950683594,0.47384442163566287,20.91309356689453,0.31494661921708184,0.02353029499954573
unet_uniform_only,fixed_dwell,20,line_hop,0.2,84,Nanowires,37.944862365722656,0.9568175733452379,38.07707214355469,0.31494661921708184,0.029201700999692548
unet_uniform_only,fixed_dwell,20,line_hop,0.2,85,Particles,22.602863311767578,0.5023809013803692,22.127531051635742,0.31494661921708184,0.027653455999825383
unet_uniform_only,fixed_dwell,20,line_hop,0.2,86,Patterned_surface,27.69359588623047,0.7888891096633495,27.180133819580078,0.31494661921708184,0.01694963999943866
unet_uniform_only,fixed_dwell,20,line_hop,0.2,87,Porous_Sponge,20.969234466552734,0.43191587802144005,20.700008392333984,0.31494661921708184,0.029426269000396132
unet_uniform_only,fixed_dwell,20,line_hop,0.2,88,Powder,25.678760528564453,0.7161584869066551,25.410558700561523,0.31494661921708184,0.029663254999832134
unet_uniform_only,fixed_dwell,20,line_hop,0.2,89,Tips,27.69167709350586,0.4302509375602412,27.62006950378418,0.31494661921708184,0.022034567999980936
unet_uniform_only,fixed_dwell,20,line_hop,0.2,90,Biological,25.275711059570312,0.3276563932203439,25.752975463867188,0.31494661921708184,0.02779487899988453
unet_uniform_only,fixed_dwell,20,line_hop,0.2,91,Fibres,26.984281539916992,0.48730886300402065,27.617399215698242,0.31494661921708184,0.028507439000350132
unet_uniform_only,fixed_dwell,20,line_hop,0.2,92,Films_Coated_Surface,21.82445526123047,0.41397242743641594,21.715744018554688,0.31494661921708184,0.022420094000153767
unet_uniform_only,fixed_dwell,20,line_hop,0.2,93,MEMS_devices_and_electrodes,27.58246612548828,0.7845401576151122,27.326675415039062,0.31494661921708184,0.029358879000028537
unet_uniform_only,fixed_dwell,20,line_hop,0.2,94,Nanowires,13.55500316619873,0.5641589960592974,12.778375625610352,0.31494661921708184,0.02519299300001876
unet_uniform_only,fixed_dwell,20,line_hop,0.2,95,Particles,27.018352508544922,0.5803320036055537,26.448213577270508,0.31494661921708184,0.029701460000069346
unet_uniform_only,fixed_dwell,20,line_hop,0.2,96,Patterned_surface,23.917625427246094,0.5109917639861623,23.5482234954834,0.31494661921708184,0.02791553000042768
unet_uniform_only,fixed_dwell,20,line_hop,0.2,97,Porous_Sponge,23.282968521118164,0.5289545375988538,23.206403732299805,0.31494661921708184,0.019338616999448277
unet_uniform_only,fixed_dwell,20,line_hop,0.2,98,Powder,31.147571563720703,0.8565811570534883,30.936019897460938,0.31494661921708184,0.029303809000339243
unet_uniform_only,fixed_dwell,20,line_hop,0.2,99,Tips,30.818517684936523,0.6771323166555506,30.908720016479492,0.31494661921708184,0.029395363000730867
unet_uniform_only,fixed_dwell,20,line_hop,0.3,0,Biological,24.406768798828125,0.445299037072456,24.112937927246094,0.44306049822064064,0.026180244999522984
unet_uniform_only,fixed_dwell,20,line_hop,0.3,1,Fibres,23.139707565307617,0.6154782306163025,22.648286819458008,0.44306049822064064,0.02347404500051198
unet_uniform_only,fixed_dwell,20,line_hop,0.3,2,Films_Coated_Surface,25.05423355102539,0.46521418029422207,24.75179672241211,0.44306049822064064,0.02959570100028941
unet_uniform_only,fixed_dwell,20,line_hop,0.3,3,MEMS_devices_and_electrodes,24.826066970825195,0.377126017579598,24.37198257446289,0.44306049822064064,0.028994395000154327
unet_uniform_only,fixed_dwell,20,line_hop,0.3,4,Nanowires,19.28838539123535,0.6703315530454127,18.178739547729492,0.44306049822064064,0.019141824999678647
unet_uniform_only,fixed_dwell,20,line_hop,0.3,5,Particles,18.32213592529297,0.41901995537001785,17.514270782470703,0.44306049822064064,0.029163502000301378
unet_uniform_only,fixed_dwell,20,line_hop,0.3,6,Patterned_surface,25.30902671813965,0.5516942533475321,24.85213851928711,0.44306049822064064,0.029591315000288887
unet_uniform_only,fixed_dwell,20,line_hop,0.3,7,Porous_Sponge,23.838560104370117,0.525861303106057,23.426179885864258,0.44306049822064064,0.027899462999812386
unet_uniform_only,fixed_dwell,20,line_hop,0.3,8,Powder,19.11182975769043,0.4247680783506732,18.4674072265625,0.44306049822064064,0.023627827999916917
unet_uniform_only,fixed_dwell,20,line_hop,0.3,9,Tips,32.9736213684082,0.9003850868605765,32.787479400634766,0.44306049822064064,0.02932493099979183
unet_uniform_only,fixed_dwell,20,line_hop,0.3,10,Biological,26.633602142333984,0.4337591823478386,26.637882232666016,0.44306049822064064,0.028748581999934686
unet_uniform_only,fixed_dwell,20,line_hop,0.3,11,Fibres,27.783370971679688,0.7033036574052466,27.31488037109375,0.44306049822064064,0.02854097300041758
unet_uniform_only,fixed_dwell,20,line_hop,0.3,12,Films_Coated_Surface,26.21961784362793,0.49657686608271073,25.98392677307129,0.44306049822064064,0.027774156000305084
unet_uniform_only,fixed_dwell,20,line_hop,0.3,13,MEMS_devices_and_electrodes,25.722829818725586,0.38412701782396025,25.342472076416016,0.44306049822064064,0.018778218000079505
unet_uniform_only,fixed_dwell,20,line_hop,0.3,14,Nanowires,14.904084205627441,0.5614355956240434,13.773956298828125,0.44306049822064064,0.029252080999867758
unet_uniform_only,fixed_dwell,20,line_hop,0.3,15,Particles,37.23006820678711,0.8986533092446813,37.59354019165039,0.44306049822064064,0.03100331699988601
unet_uniform_only,fixed_dwell,20,line_hop,0.3,16,Patterned_surface,21.568931579589844,0.6072742145140512,21.04891586303711,0.44306049822064064,0.022939428000427142
unet_uniform_only,fixed_dwell,20,line_hop,0.3,17,Porous_Sponge,17.092525482177734,0.5530909457714633,16.0565242767334,0.44306049822064064,0.024335707000318507
unet_uniform_only,fixed_dwell,20,line_hop,0.3,18,Powder,21.310861587524414,0.5862653784689283,20.75859832763672,0.44306049822064064,0.028643237999858684
unet_uniform_only,fixed_dwell,20,line_hop,0.3,19,Tips,26.26593017578125,0.807685886065008,26.079875946044922,0.44306049822064064,0.029089372999806073
unet_uniform_only,fixed_dwell,20,line_hop,0.3,20,Biological,25.637311935424805,0.6133487126243758,25.18640899658203,0.44306049822064064,0.021189979999689967
unet_uniform_only,fixed_dwell,20,line_hop,0.3,21,Fibres,23.418495178222656,0.6450974290489205,23.099475860595703,0.44306049822064064,0.029381430999819713
unet_uniform_only,fixed_dwell,20,line_hop,0.3,22,Films_Coated_Surface,15.060449600219727,0.563043109282474,13.95012092590332,0.44306049822064064,0.02966572199966322
unet_uniform_only,fixed_dwell,20,line_hop,0.3,23,MEMS_devices_and_electrodes,25.933910369873047,0.40018323526116567,25.71214485168457,0.44306049822064064,0.027632008999717073
unet_uniform_only,fixed_dwell,20,line_hop,0.3,24,Nanowires,13.782890319824219,0.38224718988970735,12.743927001953125,0.44306049822064064,0.02867761299967242
unet_uniform_only,fixed_dwell,20,line_hop,0.3,25,Particles,32.405113220214844,0.6551588034058629,32.22172546386719,0.44306049822064064,0.028575626999554515
unet_uniform_only,fixed_dwell,20,line_hop,0.3,26,Patterned_surface,19.15950584411621,0.4035467410438631,18.601333618164062,0.44306049822064064,0.028313766999417567
unet_uniform_only,fixed_dwell,20,line_hop,0.3,27,Porous_Sponge,22.54351806640625,0.36358367739820646,23.240793228149414,0.44306049822064064,0.02125432000048022
unet_uniform_only,fixed_dwell,20,line_hop,0.3,28,Powder,23.95734977722168,0.6548343991341442,23.4940128326416,0.44306049822064064,0.028200656999615603
unet_uniform_only,fixed_dwell,20,line_hop,0.3,29,Tips,39.44847106933594,0.9597629241465616,39.44815444946289,0.44306049822064064,0.02957356000024447
unet_uniform_only,fixed_dwell,20,line_hop,0.3,30,Biological,25.991313934326172,0.3943085354639213,26.11133575439453,0.44306049822064064,0.02896045099987532
unet_uniform_only,fixed_dwell,20,line_hop,0.3,31,Fibres,32.207088470458984,0.6690503053986273,32.87970733642578,0.44306049822064064,0.024002262000067276
unet_uniform_only,fixed_dwell,20,line_hop,0.3,32,Films_Coated_Surface,22.444133758544922,0.3888653553159951,22.64221954345703,0.44306049822064064,0.022637479000877647
unet_uniform_only,fixed_dwell,20,line_hop,0.3,33,MEMS_devices_and_electrodes,24.877111434936523,0.6445892190495957,24.146808624267578,0.44306049822064064,0.029005958000198007
unet_uniform_only,fixed_dwell,20,line_hop,0.3,34,Nanowires,28.246562957763672,0.7680295152945525,27.65045166015625,0.44306049822064064,0.029978723000567697
unet_uniform_only,fixed_dwell,20,line_hop,0.3,35,Particles,31.279117584228516,0.7904283148645846,31.26831817626953,0.44306049822064064,0.026092268999491353
unet_uniform_only,fixed_dwell,20,line_hop,0.3,36,Patterned_surface,30.941558837890625,0.8836666182597205,29.998567581176758,0.44306049822064064,0.025909467000019504
unet_uniform_only,fixed_dwell,20,line_hop,0.3,37,Porous_Sponge,17.06843376159668,0.5650284998937501,16.16587257385254,0.44306049822064064,0.029983434999849123
unet_uniform_only,fixed_dwell,20,line_hop,0.3,38,Powder,22.104034423828125,0.44208499149090447,21.518545150756836,0.44306049822064064,0.02768106199982867
unet_uniform_only,fixed_dwell,20,line_hop,0.3,39,Tips,36.195072174072266,0.8611330095602385,36.20388412475586,0.44306049822064064,0.019678487999954086
unet_uniform_only,fixed_dwell,20,line_hop,0.3,40,Biological,22.614519119262695,0.4827413269483727,22.344438552856445,0.44306049822064064,0.02718128899959993
unet_uniform_only,fixed_dwell,20,line_hop,0.3,41,Fibres,29.33507537841797,0.7709210997573511,29.033449172973633,0.44306049822064064,0.02938950800034945
unet_uniform_only,fixed_dwell,20,line_hop,0.3,42,Films_Coated_Surface,25.552881240844727,0.4087966440317619,25.7139892578125,0.44306049822064064,0.027661135000016657
unet_uniform_only,fixed_dwell,20,line_hop,0.3,43,MEMS_devices_and_electrodes,22.12676239013672,0.3596038838597498,21.841552734375,0.44306049822064064,0.021268632000101206
unet_uniform_only,fixed_dwell,20,line_hop,0.3,44,Nanowires,24.02248764038086,0.4782256823370881,23.75,0.44306049822064064,0.025933335999980045
unet_uniform_only,fixed_dwell,20,line_hop,0.3,45,Particles,34.66221237182617,0.9155817358722363,34.5797119140625,0.44306049822064064,0.028408725999724993
unet_uniform_only,fixed_dwell,20,line_hop,0.3,46,Patterned_surface,26.912973403930664,0.5959546322057624,26.67121124267578,0.44306049822064064,0.027804293000372127
unet_uniform_only,fixed_dwell,20,line_hop,0.3,47,Porous_Sponge,24.207862854003906,0.5384109154810302,23.753528594970703,0.44306049822064064,0.021528141000089818
unet_uniform_only,fixed_dwell,20,line_hop,0.3,48,Powder,24.84124755859375,0.5380415892737013,24.56852149963379,0.44306049822064064,0.027674505999129906
unet_uniform_only,fixed_dwell,20,line_hop,0.3,49,Tips,19.0285587310791,0.33297716683602885,18.53299331665039,0.44306049822064064,0.029386283000349067
unet_uniform_only,fixed_dwell,20,line_hop,0.3,50,Biological,24.036762237548828,0.3731315951961055,23.948793411254883,0.44306049822064064,0.028982894999899145
unet_uniform_only,fixed_dwell,20,line_hop,0.3,51,Fibres,30.779150009155273,0.6820374792629937,30.80583381652832,0.44306049822064064,0.018036751999716216
unet_uniform_only,fixed_dwell,20,line_hop,0.3,52,Films_Coated_Surface,17.97796058654785,0.6578494262641944,17.091384887695312,0.44306049822064064,0.029716997999457817
unet_uniform_only,fixed_dwell,20,line_hop,0.3,53,MEMS_devices_and_electrodes,34.84145736694336,0.8966088267916265,34.28249740600586,0.44306049822064064,0.029857845999686106
unet_uniform_only,fixed_dwell,20,line_hop,0.3,54,Nanowires,30.75705337524414,0.750136836972541,30.48198699951172,0.44306049822064064,0.0213480359998357
unet_uniform_only,fixed_dwell,20,line_hop,0.3,55,Particles,27.262554168701172,0.4312813949332485,27.092132568359375,0.44306049822064064,0.027834127000460285
unet_uniform_only,fixed_dwell,20,line_hop,0.3,56,Patterned_surface,24.234333038330078,0.6096336549642418,23.684274673461914,0.44306049822064064,0.02931129900025553
unet_uniform_only,fixed_dwell,20,line_hop,0.3,57,Porous_Sponge,21.66742706298828,0.44203444875054,21.26927947998047,0.44306049822064064,0.027666120000503724
unet_uniform_only,fixed_dwell,20,line_hop,0.3,58,Powder,19.064163208007812,0.3897909144801468,18.4755859375,0.44306049822064064,0.019642017000478518
unet_uniform_only,fixed_dwell,20,line_hop,0.3,59,Tips,34.82960510253906,0.83828945813098,34.85589599609375,0.44306049822064064,0.02836795599978359
unet_uniform_only,fixed_dwell,20,line_hop,0.3,60,Biological,26.334524154663086,0.4056537392361124,27.407625198364258,0.44306049822064064,0.029384197999206663
unet_uniform_only,fixed_dwell,20,line_hop,0.3,61,Fibres,33.231346130371094,0.8053310912713754,33.15654754638672,0.44306049822064064,0.02574605000063457
unet_uniform_only,fixed_dwell,20,line_hop,0.3,62,Films_Coated_Surface,18.785404205322266,0.5372613879953032,17.93791961669922,0.44306049822064064,0.022327147999931185
unet_uniform_only,fixed_dwell,20,line_hop,0.3,63,MEMS_devices_and_electrodes,22.60532569885254,0.638501318955886,21.90456771850586,0.44306049822064064,0.029789494999931776
unet_uniform_only,fixed_dwell,20,line_hop,0.3,64,Nanowires,39.454769134521484,0.9221796544943579,39.59541702270508,0.44306049822064064,0.02760384600060206
unet_uniform_only,fixed_dwell,20,line_hop,0.3,65,Particles,33.97624206542969,0.8059524848099573,34.69387435913086,0.44306049822064064,0.0192368850002822
unet_uniform_only,fixed_dwell,20,line_hop,0.3,66,Patterned_surface,19.48434066772461,0.7058914456488891,18.790319442749023,0.44306049822064064,0.028731684999911522
unet_uniform_only,fixed_dwell,20,line_hop,0.3,67,Porous_Sponge,19.333227157592773,0.6178674594189828,18.416587829589844,0.44306049822064064,0.028993652000281145
unet_uniform_only,fixed_dwell,20,line_hop,0.3,68,Powder,22.744022369384766,0.5675629402178405,22.269317626953125,0.44306049822064064,0.024405189000390237
unet_uniform_only,fixed_dwell,20,line_hop,0.3,69,Tips,35.624107360839844,0.8601831729427591,35.783931732177734,0.44306049822064064,0.022884560999955283
unet_uniform_only,fixed_dwell,20,line_hop,0.3,70,Biological,23.505023956298828,0.4048823233944142,23.545948028564453,0.44306049822064064,0.027873046999957296
unet_uniform_only,fixed_dwell,20,line_hop,0.3,71,Fibres,29.73602294921875,0.6991890085525221,29.8575439453125,0.44306049822064064,0.027132199000334367
unet_uniform_only,fixed_dwell,20,line_hop,0.3,72,Films_Coated_Surface,22.645586013793945,0.6577946545988549,21.831560134887695,0.44306049822064064,0.01715539699944202
unet_uniform_only,fixed_dwell,20,line_hop,0.3,73,MEMS_devices_and_electrodes,24.291202545166016,0.6534461439567624,23.75908660888672,0.44306049822064064,0.027616710000074818
unet_uniform_only,fixed_dwell,20,line_hop,0.3,74,Nanowires,35.2849006652832,0.8235472446039037,35.61955261230469,0.44306049822064064,0.02961123699969903
unet_uniform_only,fixed_dwell,20,line_hop,0.3,75,Particles,34.355072021484375,0.8789346752444637,34.248355865478516,0.44306049822064064,0.025986042999647907
unet_uniform_only,fixed_dwell,20,line_hop,0.3,76,Patterned_surface,23.21546173095703,0.7158480391643463,22.308120727539062,0.44306049822064064,0.025383819000126095
unet_uniform_only,fixed_dwell,20,line_hop,0.3,77,Porous_Sponge,22.39356231689453,0.5427637324482244,21.847612380981445,0.44306049822064064,0.029554722000284528
unet_uniform_only,fixed_dwell,20,line_hop,0.3,78,Powder,24.259244918823242,0.632625688924563,23.743837356567383,0.44306049822064064,0.02961797999978444
unet_uniform_only,fixed_dwell,20,line_hop,0.3,79,Tips,26.803770065307617,0.44295066227155133,26.951005935668945,0.44306049822064064,0.021694936000130838
unet_uniform_only,fixed_dwell,20,line_hop,0.3,80,Biological,27.790355682373047,0.43087017058681004,28.140308380126953,0.44306049822064064,0.027348532000360137
unet_uniform_only,fixed_dwell,20,line_hop,0.3,81,Fibres,28.89852523803711,0.5257545207362296,29.6079158782959,0.44306049822064064,0.029854553999939526
unet_uniform_only,fixed_dwell,20,line_hop,0.3,82,Films_Coated_Surface,22.44796371459961,0.5768491759992496,21.806962966918945,0.44306049822064064,0.027308239999911166
unet_uniform_only,fixed_dwell,20,line_hop,0.3,83,MEMS_devices_and_electrodes,22.41034507751465,0.5215254100284318,21.81818199157715,0.44306049822064064,0.027874129000338144
unet_uniform_only,fixed_dwell,20,line_hop,0.3,84,Nanowires,39.00212860107422,0.9615655130839699,39.026039123535156,0.44306049822064064,0.022650836000138952
unet_uniform_only,fixed_dwell,20,line_hop,0.3,85,Particles,24.33506202697754,0.5519214233072759,23.76255989074707,0.44306049822064064,0.02783824700054538
unet_uniform_only,fixed_dwell,20,line_hop,0.3,86,Patterned_surface,29.901504516601562,0.8199934272621304,29.24089241027832,0.44306049822064064,0.028454246999899624
unet_uniform_only,fixed_dwell,20,line_hop,0.3,87,Porous_Sponge,22.120952606201172,0.49224019896973664,21.688243865966797,0.44306049822064064,0.024062376999609114
unet_uniform_only,fixed_dwell,20,line_hop,0.3,88,Powder,27.15607452392578,0.762829865712998,26.856258392333984,0.44306049822064064,0.02707468999960838
unet_uniform_only,fixed_dwell,20,line_hop,0.3,89,Tips,27.88177490234375,0.43356519750895683,27.78577423095703,0.44306049822064064,0.028917311999975936
unet_uniform_only,fixed_dwell,20,line_hop,0.3,90,Biological,27.211923599243164,0.4199474361865612,27.819902420043945,0.44306049822064064,0.02843365399985487
unet_uniform_only,fixed_dwell,20,line_hop,0.3,91,Fibres,31.340835571289062,0.7350950663354762,31.723909378051758,0.44306049822064064,0.02137163099996542
unet_uniform_only,fixed_dwell,20,line_hop,0.3,92,Films_Coated_Surface,23.020206451416016,0.48475056739910977,22.874988555908203,0.44306049822064064,0.027853253000102995
unet_uniform_only,fixed_dwell,20,line_hop,0.3,93,MEMS_devices_and_electrodes,28.90256118774414,0.8093076938271426,28.64654541015625,0.44306049822064064,0.029905422999945586
unet_uniform_only,fixed_dwell,20,line_hop,0.3,94,Nanowires,15.358898162841797,0.68576205855654,14.208280563354492,0.44306049822064064,0.02737256599993998
unet_uniform_only,fixed_dwell,20,line_hop,0.3,95,Particles,28.00189971923828,0.5936762769984416,27.198410034179688,0.44306049822064064,0.021236906000012823
unet_uniform_only,fixed_dwell,20,line_hop,0.3,96,Patterned_surface,24.892080307006836,0.5625670857800218,24.40553855895996,0.44306049822064064,0.02958670800035179
unet_uniform_only,fixed_dwell,20,line_hop,0.3,97,Porous_Sponge,24.889606475830078,0.6348390173107388,24.793079376220703,0.44306049822064064,0.02923393400033092
unet_uniform_only,fixed_dwell,20,line_hop,0.3,98,Powder,32.504798889160156,0.8783423559562117,32.2501335144043,0.44306049822064064,0.026081535999765038
unet_uniform_only,fixed_dwell,20,line_hop,0.3,99,Tips,31.6444091796875,0.6958071041092034,31.55437469482422,0.44306049822064064,0.02569016399957036
unet_uniform_only,fixed_dose,2,uniform,0.05,0,Biological,23.72179412841797,0.3276803014869752,23.66295623779297,0.34190808496441283,0.02894076699976722
unet_uniform_only,fixed_dose,2,uniform,0.05,1,Fibres,21.836719512939453,0.47272313829842827,21.746238708496094,0.3418733318505338,0.025015113999870664
unet_uniform_only,fixed_dose,2,uniform,0.05,2,Films_Coated_Surface,24.002986907958984,0.3995777084893712,23.943614959716797,0.3417690725088968,0.01929287400071189
unet_uniform_only,fixed_dose,2,uniform,0.05,3,MEMS_devices_and_electrodes,24.356388092041016,0.28845320256513285,24.268543243408203,0.3424988879003559,0.028542602000015904
unet_uniform_only,fixed_dose,2,uniform,0.05,4,Nanowires,17.263080596923828,0.4461857082875043,17.080713272094727,0.3418385787366548,0.0295564159996502
unet_uniform_only,fixed_dose,2,uniform,0.05,5,Particles,17.157886505126953,0.2644391266793368,17.076393127441406,0.3428637955960854,0.027824814999803493
unet_uniform_only,fixed_dose,2,uniform,0.05,6,Patterned_surface,24.325227737426758,0.4933937127700461,24.25494956970215,0.3418038256227758,0.03001043899985234
unet_uniform_only,fixed_dose,2,uniform,0.05,7,Porous_Sponge,22.939626693725586,0.4388265012338642,22.853849411010742,0.3416995662811388,0.027850100999785354
unet_uniform_only,fixed_dose,2,uniform,0.05,8,Powder,18.063888549804688,0.29944917277099053,17.927898406982422,0.3426205237989324,0.017153332999441773
unet_uniform_only,fixed_dose,2,uniform,0.05,9,Tips,32.05970001220703,0.9059452006977649,31.983562469482422,0.3418212021797153,0.027714959000149975
unet_uniform_only,fixed_dose,2,uniform,0.05,10,Biological,26.7286319732666,0.3972109799465376,26.684127807617188,0.3429159252669039,0.03007572499973321
unet_uniform_only,fixed_dose,2,uniform,0.05,11,Fibres,26.684009552001953,0.6841626003675356,26.613866806030273,0.34216873331850534,0.029907568000453466
unet_uniform_only,fixed_dose,2,uniform,0.05,12,Films_Coated_Surface,25.641613006591797,0.39550864387753726,25.591094970703125,0.34190808496441283,0.02781083799982298
unet_uniform_only,fixed_dose,2,uniform,0.05,13,MEMS_devices_and_electrodes,25.2536678314209,0.3268345994964341,25.173166275024414,0.3421166036476868,0.023591696999574197
unet_uniform_only,fixed_dose,2,uniform,0.05,14,Nanowires,13.471733093261719,0.3029152707346412,13.30016040802002,0.34202972086298933,0.020669916999395355
unet_uniform_only,fixed_dose,2,uniform,0.05,15,Particles,37.21257400512695,0.9220173443625701,37.22252655029297,0.34216873331850534,0.027182151000488375
unet_uniform_only,fixed_dose,2,uniform,0.05,16,Patterned_surface,20.138324737548828,0.4581152039053915,20.060129165649414,0.3416821897241993,0.02768097999978636
unet_uniform_only,fixed_dose,2,uniform,0.05,17,Porous_Sponge,14.878195762634277,0.3752619032967214,14.699578285217285,0.34220348643238435,0.027635460999590578
unet_uniform_only,fixed_dose,2,uniform,0.05,18,Powder,19.990154266357422,0.4374034372973108,19.891067504882812,0.34216873331850534,0.02602546100024483
unet_uniform_only,fixed_dose,2,uniform,0.05,19,Tips,25.498144149780273,0.7870437634060347,25.458765029907227,0.34140416481316727,0.01950125700022909
unet_uniform_only,fixed_dose,2,uniform,0.05,20,Biological,24.289756774902344,0.5759212861235798,24.21734046936035,0.3417343193950178,0.028091328000300564
unet_uniform_only,fixed_dose,2,uniform,0.05,21,Fibres,22.326251983642578,0.5598976808036934,22.261093139648438,0.34208185053380785,0.02951347700036422
unet_uniform_only,fixed_dose,2,uniform,0.05,22,Films_Coated_Surface,13.25868034362793,0.3236698698117273,13.088153839111328,0.3418212021797153,0.027717838999706146
unet_uniform_only,fixed_dose,2,uniform,0.05,23,MEMS_devices_and_electrodes,25.432130813598633,0.37141697414932384,25.382171630859375,0.34178644906583633,0.029044568000244908
unet_uniform_only,fixed_dose,2,uniform,0.05,24,Nanowires,13.691020965576172,0.16867705983398085,13.554971694946289,0.3423772520017793,0.02601991900064604
unet_uniform_only,fixed_dose,2,uniform,0.05,25,Particles,32.00809097290039,0.6453583791120896,31.973526000976562,0.34216873331850534,0.019378471999516478
unet_uniform_only,fixed_dose,2,uniform,0.05,26,Patterned_surface,18.547595977783203,0.29979231206392104,18.405820846557617,0.3429506783807829,0.028344418999949994
unet_uniform_only,fixed_dose,2,uniform,0.05,27,Porous_Sponge,23.785114288330078,0.3398259064693832,23.73723030090332,0.3419775911921708,0.027797448999990593
unet_uniform_only,fixed_dose,2,uniform,0.05,28,Powder,22.485258102416992,0.5399102586990374,22.4039306640625,0.34222086298932386,0.028589702999852307
unet_uniform_only,fixed_dose,2,uniform,0.05,29,Tips,37.99204635620117,0.9665357040972336,38.008888244628906,0.3418212021797153,0.028690656999970088
unet_uniform_only,fixed_dose,2,uniform,0.05,30,Biological,26.442651748657227,0.3622956817689824,26.402559280395508,0.3424120051156584,0.0239549950001674
unet_uniform_only,fixed_dose,2,uniform,0.05,31,Fibres,33.50837326049805,0.7517853896192165,33.515830993652344,0.34258577068505336,0.021016627999415505
unet_uniform_only,fixed_dose,2,uniform,0.05,32,Films_Coated_Surface,23.417051315307617,0.3620970064032405,23.362550735473633,0.3422556161032028,0.027670755999679386
unet_uniform_only,fixed_dose,2,uniform,0.05,33,MEMS_devices_and_electrodes,23.84982681274414,0.6168823644694365,23.71133041381836,0.3418733318505338,0.029236424000373518
unet_uniform_only,fixed_dose,2,uniform,0.05,34,Nanowires,26.038026809692383,0.6598826932256072,25.96022605895996,0.34275953625444844,0.028409735000423098
unet_uniform_only,fixed_dose,2,uniform,0.05,35,Particles,29.651058197021484,0.8152159142247967,29.600183486938477,0.34138678825622776,0.028021295000144164
unet_uniform_only,fixed_dose,2,uniform,0.05,36,Patterned_surface,29.93791389465332,0.8656204667563342,29.85399627685547,0.34215135676156583,0.017394004999914614
unet_uniform_only,fixed_dose,2,uniform,0.05,37,Porous_Sponge,15.862508773803711,0.3816852487354273,15.730790138244629,0.3418038256227758,0.02768422000008286
unet_uniform_only,fixed_dose,2,uniform,0.05,38,Powder,21.00533676147461,0.3060609907154441,20.907976150512695,0.34152580071174377,0.029196225999839953
unet_uniform_only,fixed_dose,2,uniform,0.05,39,Tips,35.10090255737305,0.8647181226137328,35.09092712402344,0.34234249888790036,0.02983490799942956
unet_uniform_only,fixed_dose,2,uniform,0.05,40,Biological,21.99335289001465,0.40716902192749616,21.927043914794922,0.3429680549377224,0.028362770000057935
unet_uniform_only,fixed_dose,2,uniform,0.05,41,Fibres,26.888290405273438,0.740113005239897,26.842565536499023,0.3417169428380783,0.026028913999653014
unet_uniform_only,fixed_dose,2,uniform,0.05,42,Films_Coated_Surface,26.20131492614746,0.4080934648889791,26.17089080810547,0.3423946285587189,0.018986306999977387
unet_uniform_only,fixed_dose,2,uniform,0.05,43,MEMS_devices_and_electrodes,21.949722290039062,0.26489892823006106,21.877891540527344,0.34248151134341637,0.02759558100024151
unet_uniform_only,fixed_dose,2,uniform,0.05,44,Nanowires,22.844745635986328,0.38139854404305595,22.772937774658203,0.34126515235765126,0.02881700899979478
unet_uniform_only,fixed_dose,2,uniform,0.05,45,Particles,34.23863983154297,0.9460576017391089,34.234230041503906,0.34275953625444844,0.029635400000188383
unet_uniform_only,fixed_dose,2,uniform,0.05,46,Patterned_surface,27.49761199951172,0.5712094368649728,27.451765060424805,0.3426900300266904,0.02773063299991918
unet_uniform_only,fixed_dose,2,uniform,0.05,47,Porous_Sponge,22.958091735839844,0.4502282443157813,22.86712646484375,0.3428116659252669,0.02761521000047651
unet_uniform_only,fixed_dose,2,uniform,0.05,48,Powder,24.033447265625,0.46410931012647055,23.97972297668457,0.3419775911921708,0.0170326590005061
unet_uniform_only,fixed_dose,2,uniform,0.05,49,Tips,18.26513671875,0.20391439391582902,18.150230407714844,0.3426726534697509,0.026191754000137735
unet_uniform_only,fixed_dose,2,uniform,0.05,50,Biological,24.249467849731445,0.28189393911770927,24.200546264648438,0.3418212021797153,0.02864867999960552
unet_uniform_only,fixed_dose,2,uniform,0.05,51,Fibres,30.052928924560547,0.6945029005913956,30.03839683532715,0.34136941169928825,0.027423513000030653
unet_uniform_only,fixed_dose,2,uniform,0.05,52,Films_Coated_Surface,16.144025802612305,0.46933271464200726,15.998374938964844,0.34242938167259784,0.02857582100023137
unet_uniform_only,fixed_dose,2,uniform,0.05,53,MEMS_devices_and_electrodes,33.34989547729492,0.892325555467906,33.30961227416992,0.34246413478647686,0.023287113000151294
unet_uniform_only,fixed_dose,2,uniform,0.05,54,Nanowires,29.45562744140625,0.7331501274586283,29.41293716430664,0.34244675822953735,0.02026497000042582
unet_uniform_only,fixed_dose,2,uniform,0.05,55,Particles,26.786907196044922,0.4040700521596573,26.744287490844727,0.34218610987544484,0.029627896999954828
unet_uniform_only,fixed_dose,2,uniform,0.05,56,Patterned_surface,22.486713409423828,0.5159194599433163,22.393129348754883,0.3421166036476868,0.0289634169994315
unet_uniform_only,fixed_dose,2,uniform,0.05,57,Porous_Sponge,20.94803810119629,0.41895767197603406,20.830406188964844,0.34232512233096085,0.02898858700064011
unet_uniform_only,fixed_dose,2,uniform,0.05,58,Powder,19.119571685791016,0.11446048844635608,19.049348831176758,0.3418385787366548,0.027812067000013485
unet_uniform_only,fixed_dose,2,uniform,0.05,59,Tips,33.99257278442383,0.8409637339403505,33.99446105957031,0.3419602146352313,0.01961541299988312
unet_uniform_only,fixed_dose,2,uniform,0.05,60,Biological,27.75862693786621,0.48970450283372396,27.71427345275879,0.34230774577402134,0.025992580999627535
unet_uniform_only,fixed_dose,2,uniform,0.05,61,Fibres,31.757543563842773,0.794773007934977,31.72945213317871,0.3418385787366548,0.028822422999837727
unet_uniform_only,fixed_dose,2,uniform,0.05,62,Films_Coated_Surface,17.195343017578125,0.3861763072278242,17.067455291748047,0.34190808496441283,0.029990940000061528
unet_uniform_only,fixed_dose,2,uniform,0.05,63,MEMS_devices_and_electrodes,21.25659942626953,0.5411131893372856,21.140247344970703,0.34218610987544484,0.028729626999847824
unet_uniform_only,fixed_dose,2,uniform,0.05,64,Nanowires,39.067474365234375,0.9290887128946609,39.109500885009766,0.34202972086298933,0.025366466999912518
unet_uniform_only,fixed_dose,2,uniform,0.05,65,Particles,35.22819900512695,0.8931613098431173,35.23241424560547,0.3419602146352313,0.018855563999750302
unet_uniform_only,fixed_dose,2,uniform,0.05,66,Patterned_surface,16.769710540771484,0.5290566985265155,16.61952781677246,0.3411956461298932,0.027313558000059857
unet_uniform_only,fixed_dose,2,uniform,0.05,67,Porous_Sponge,17.55535316467285,0.4575191301650119,17.396575927734375,0.3418038256227758,0.027844532000017352
unet_uniform_only,fixed_dose,2,uniform,0.05,68,Powder,21.609203338623047,0.4837119892320532,21.51858901977539,0.3419949677491103,0.028837501000452903
unet_uniform_only,fixed_dose,2,uniform,0.05,69,Tips,34.54651641845703,0.874442933382218,34.53385925292969,0.34302018460854095,0.027812704000098165
unet_uniform_only,fixed_dose,2,uniform,0.05,70,Biological,23.871013641357422,0.3080087821341252,23.811664581298828,0.3420123443060498,0.019648776999929396
unet_uniform_only,fixed_dose,2,uniform,0.05,71,Fibres,28.590059280395508,0.6913309515626731,28.565208435058594,0.3418212021797153,0.026019325000561366
unet_uniform_only,fixed_dose,2,uniform,0.05,72,Films_Coated_Surface,20.168445587158203,0.6393292614246783,20.0197811126709,0.3418559552935943,0.02929175600002054
unet_uniform_only,fixed_dose,2,uniform,0.05,73,MEMS_devices_and_electrodes,23.309444427490234,0.6503657261264816,23.21198272705078,0.3428637955960854,0.028526985999633325
unet_uniform_only,fixed_dose,2,uniform,0.05,74,Nanowires,34.780513763427734,0.8363006155367377,34.768707275390625,0.34136941169928825,0.028703845000563888
unet_uniform_only,fixed_dose,2,uniform,0.05,75,Particles,32.461761474609375,0.8784265308963332,32.450592041015625,0.3429159252669039,0.021547532999647956
unet_uniform_only,fixed_dose,2,uniform,0.05,76,Patterned_surface,21.625961303710938,0.6619052724009855,21.498411178588867,0.34190808496441283,0.022727507000126934
unet_uniform_only,fixed_dose,2,uniform,0.05,77,Porous_Sponge,21.053495407104492,0.45586255558987726,20.93257713317871,0.3417690725088968,0.03009018700049637
unet_uniform_only,fixed_dose,2,uniform,0.05,78,Powder,22.363107681274414,0.5287080644696732,22.277870178222656,0.34202972086298933,0.029941309999230725
unet_uniform_only,fixed_dose,2,uniform,0.05,79,Tips,27.326126098632812,0.4509349982266504,27.306629180908203,0.3426900300266904,0.028977891000067757
unet_uniform_only,fixed_dose,2,uniform,0.05,80,Biological,29.099884033203125,0.4923054652855948,29.07748794555664,0.34230774577402134,0.02915597900027933
unet_uniform_only,fixed_dose,2,uniform,0.05,81,Fibres,31.064699172973633,0.6679266308980304,31.068641662597656,0.3419602146352313,0.026348198999585293
unet_uniform_only,fixed_dose,2,uniform,0.05,82,Films_Coated_Surface,20.922725677490234,0.5888251607201268,20.799352645874023,0.3417343193950178,0.0189155900006881
unet_uniform_only,fixed_dose,2,uniform,0.05,83,MEMS_devices_and_electrodes,21.44374656677246,0.4260787277086312,21.322935104370117,0.34208185053380785,0.02766271900054562
unet_uniform_only,fixed_dose,2,uniform,0.05,84,Nanowires,37.68525695800781,0.9668184353785979,37.70634460449219,0.3415431772686833,0.029502964000130305
unet_uniform_only,fixed_dose,2,uniform,0.05,85,Particles,22.182899475097656,0.4830608248155836,22.075965881347656,0.34178644906583633,0.027516688999639882
unet_uniform_only,fixed_dose,2,uniform,0.05,86,Patterned_surface,28.560745239257812,0.831631649962979,28.45362663269043,0.3418038256227758,0.027490849999594502
unet_uniform_only,fixed_dose,2,uniform,0.05,87,Porous_Sponge,20.868934631347656,0.45836628075265956,20.749914169311523,0.3421339802046263,0.02622427999995125
unet_uniform_only,fixed_dose,2,uniform,0.05,88,Powder,25.22701072692871,0.7097566902904221,25.189403533935547,0.34178644906583633,0.01861630899929878
unet_uniform_only,fixed_dose,2,uniform,0.05,89,Tips,27.453079223632812,0.4213027145758401,27.42678451538086,0.34150842415480426,0.028474441000071238
unet_uniform_only,fixed_dose,2,uniform,0.05,90,Biological,28.629806518554688,0.47228998561353475,28.605268478393555,0.34204709741992884,0.027201097999750345
unet_uniform_only,fixed_dose,2,uniform,0.05,91,Fibres,31.14028549194336,0.8048580606633096,31.132293701171875,0.3419949677491103,0.02943615299955127
unet_uniform_only,fixed_dose,2,uniform,0.05,92,Films_Coated_Surface,22.694578170776367,0.4027326283818926,22.62396812438965,0.34190808496441283,0.02787341400016885
unet_uniform_only,fixed_dose,2,uniform,0.05,93,MEMS_devices_and_electrodes,27.727338790893555,0.7845181643944578,27.674442291259766,0.34204709741992884,0.021846292999725847
unet_uniform_only,fixed_dose,2,uniform,0.05,94,Nanowires,12.847854614257812,0.45785029970121366,12.66290283203125,0.3419949677491103,0.02137056700030371
unet_uniform_only,fixed_dose,2,uniform,0.05,95,Particles,26.629196166992188,0.5740404415789179,26.49193572998047,0.3423946285587189,0.029698811000343994
unet_uniform_only,fixed_dose,2,uniform,0.05,96,Patterned_surface,23.676652908325195,0.4679093248985849,23.62360382080078,0.3417169428380783,0.02966490399921895
unet_uniform_only,fixed_dose,2,uniform,0.05,97,Porous_Sponge,24.06720733642578,0.5601126288897316,24.00841522216797,0.34312444395017794,0.027615556999990076
unet_uniform_only,fixed_dose,2,uniform,0.05,98,Powder,30.321149826049805,0.8529313630683045,30.306610107421875,0.3416995662811388,0.028843610999501834
unet_uniform_only,fixed_dose,2,uniform,0.05,99,Tips,30.17755126953125,0.6845712536591112,30.13229751586914,0.3418385787366548,0.019052585999816074
unet_uniform_only,fixed_dose,2,uniform,0.1,0,Biological,23.758739471435547,0.3145518456676663,23.696977615356445,0.5814334964412812,0.02335876599954645
unet_uniform_only,fixed_dose,2,uniform,0.1,1,Fibres,22.26909828186035,0.5001386268959672,22.159757614135742,0.5805125389234876,0.02939135700034967
unet_uniform_only,fixed_dose,2,uniform,0.1,2,Films_Coated_Surface,24.178855895996094,0.4044368388749212,24.113067626953125,0.5808426935053381,0.028680584000539966
unet_uniform_only,fixed_dose,2,uniform,0.1,3,MEMS_devices_and_electrodes,24.59137725830078,0.29811808189645517,24.477333068847656,0.5802518905693951,0.028002504999676603
unet_uniform_only,fixed_dose,2,uniform,0.1,4,Nanowires,18.440128326416016,0.5727065513267013,18.139619827270508,0.5817984041370107,0.02983039000082499
unet_uniform_only,fixed_dose,2,uniform,0.1,5,Particles,17.44353675842285,0.3037209735370746,17.322751998901367,0.5825282195284698,0.029774966000331915
unet_uniform_only,fixed_dose,2,uniform,0.1,6,Patterned_surface,24.65723991394043,0.5006492261393717,24.572662353515625,0.5814856261120998,0.025362805999975535
unet_uniform_only,fixed_dose,2,uniform,0.1,7,Porous_Sponge,23.355772018432617,0.45699071018653453,23.256807327270508,0.5822154415035588,0.02129988299930119
unet_uniform_only,fixed_dose,2,uniform,0.1,8,Powder,18.45090103149414,0.3258051576069118,18.26275062561035,0.5802518905693951,0.019479680000586086
unet_uniform_only,fixed_dose,2,uniform,0.1,9,Tips,32.465091705322266,0.908037268535027,32.37954330444336,0.5812944839857652,0.027727323999897635
unet_uniform_only,fixed_dose,2,uniform,0.1,10,Biological,26.87303352355957,0.39720502067162083,26.84168243408203,0.5816246385676157,0.02787941899987345
unet_uniform_only,fixed_dose,2,uniform,0.1,11,Fibres,27.0242977142334,0.6862520540975916,26.952842712402344,0.5816767682384343,0.029528568000387168
unet_uniform_only,fixed_dose,2,uniform,0.1,12,Films_Coated_Surface,25.66946792602539,0.39701240655810405,25.612335205078125,0.5823892070729537,0.03008174299975508
unet_uniform_only,fixed_dose,2,uniform,0.1,13,MEMS_devices_and_electrodes,25.444461822509766,0.33552724665239186,25.33885955810547,0.5812597308718862,0.028347505000056117
unet_uniform_only,fixed_dose,2,uniform,0.1,14,Nanowires,14.147478103637695,0.4293784340655904,13.850821495056152,0.5791571674822065,0.028534917000797577
unet_uniform_only,fixed_dose,2,uniform,0.1,15,Particles,37.696754455566406,0.922101970321619,37.71492004394531,0.5803213967971531,0.025304130000222358
unet_uniform_only,fixed_dose,2,uniform,0.1,16,Patterned_surface,20.34143829345703,0.4567753282354076,20.28885841369629,0.5808600700622776,0.023678728999584564
unet_uniform_only,fixed_dose,2,uniform,0.1,17,Porous_Sponge,16.31922149658203,0.4619145412068462,16.03850555419922,0.580668927935943,0.019869452999955683
unet_uniform_only,fixed_dose,2,uniform,0.1,18,Powder,20.440326690673828,0.47675521158752676,20.331754684448242,0.5804082795818506,0.022785997000028146
unet_uniform_only,fixed_dose,2,uniform,0.1,19,Tips,25.665145874023438,0.7873303047090806,25.60737419128418,0.5805299154804271,0.02974876400003268
unet_uniform_only,fixed_dose,2,uniform,0.1,20,Biological,24.90370750427246,0.5831489516284358,24.83736228942871,0.5801476312277581,0.0287629949998518
unet_uniform_only,fixed_dose,2,uniform,0.1,21,Fibres,22.88271141052246,0.5871271883837628,22.81531524658203,0.5806863044928826,0.02749439900071593
unet_uniform_only,fixed_dose,2,uniform,0.1,22,Films_Coated_Surface,14.191069602966309,0.4275297221449269,13.903790473937988,0.5807210576067616,0.029199745999903826
unet_uniform_only,fixed_dose,2,uniform,0.1,23,MEMS_devices_and_electrodes,25.582914352416992,0.3747086460996501,25.511722564697266,0.5806515513790036,0.028882968999823788
unet_uniform_only,fixed_dose,2,uniform,0.1,24,Nanowires,13.958650588989258,0.2476402597127107,13.748947143554688,0.5819026634786477,0.02926872599982744
unet_uniform_only,fixed_dose,2,uniform,0.1,25,Particles,32.220733642578125,0.6454307332946264,32.182682037353516,0.5813813667704627,0.026550661999863223
unet_uniform_only,fixed_dose,2,uniform,0.1,26,Patterned_surface,18.9950008392334,0.3322567866314737,18.782917022705078,0.5824239601868328,0.021006014000704454
unet_uniform_only,fixed_dose,2,uniform,0.1,27,Porous_Sponge,23.917152404785156,0.3402069712980528,23.873167037963867,0.5824413367437723,0.02123361499980092
unet_uniform_only,fixed_dose,2,uniform,0.1,28,Powder,22.815704345703125,0.5678366063040747,22.77071189880371,0.5808600700622776,0.028907973000059428
unet_uniform_only,fixed_dose,2,uniform,0.1,29,Tips,38.39432907104492,0.9697792403831988,38.415645599365234,0.5809469528469751,0.028699536999738484
unet_uniform_only,fixed_dose,2,uniform,0.1,30,Biological,26.461984634399414,0.3616185844796735,26.42658233642578,0.5806863044928826,0.029631938000420632
unet_uniform_only,fixed_dose,2,uniform,0.1,31,Fibres,33.480045318603516,0.7503957160415807,33.48920440673828,0.5806167982651247,0.03005768499951955
unet_uniform_only,fixed_dose,2,uniform,0.1,32,Films_Coated_Surface,23.43026351928711,0.3467963533619443,23.356592178344727,0.5799217359875446,0.02916380299939192
unet_uniform_only,fixed_dose,2,uniform,0.1,33,MEMS_devices_and_electrodes,24.469139099121094,0.6253538734112406,24.27240562438965,0.5797827235320285,0.028177365000374266
unet_uniform_only,fixed_dose,2,uniform,0.1,34,Nanowires,26.685876846313477,0.6850256534479479,26.596603393554688,0.5814856261120998,0.02341466300003958
unet_uniform_only,fixed_dose,2,uniform,0.1,35,Particles,30.730113983154297,0.8200942496122325,30.706222534179688,0.5809990825177936,0.018843128000298748
unet_uniform_only,fixed_dose,2,uniform,0.1,36,Patterned_surface,30.94426918029785,0.8732193718929975,30.80550765991211,0.5807384341637011,0.02572460599913029
unet_uniform_only,fixed_dose,2,uniform,0.1,37,Porous_Sponge,16.33928680419922,0.4089853282972565,16.166671752929688,0.5807905638345197,0.029652674999852024
unet_uniform_only,fixed_dose,2,uniform,0.1,38,Powder,21.31224822998047,0.3232006365760843,21.186546325683594,0.5800086187722421,0.029574827999567788
unet_uniform_only,fixed_dose,2,uniform,0.1,39,Tips,35.50554275512695,0.8659009829916187,35.5089111328125,0.57938306272242,0.028336035999927844
unet_uniform_only,fixed_dose,2,uniform,0.1,40,Biological,22.175872802734375,0.40575773014023314,22.101327896118164,0.5809295762900356,0.029297286999280914
unet_uniform_only,fixed_dose,2,uniform,0.1,41,Fibres,27.400497436523438,0.7472297564391105,27.338106155395508,0.5817115213523132,0.030422574999647622
unet_uniform_only,fixed_dose,2,uniform,0.1,42,Films_Coated_Surface,26.155500411987305,0.4035119860145557,26.12821388244629,0.5814508729982207,0.029068824999740173
unet_uniform_only,fixed_dose,2,uniform,0.1,43,MEMS_devices_and_electrodes,22.16119384765625,0.28374937376336135,22.114032745361328,0.5820416759341638,0.021455783000419615
unet_uniform_only,fixed_dose,2,uniform,0.1,44,Nanowires,23.162546157836914,0.39061224155317814,23.09003448486328,0.5819026634786477,0.0211380979999376
unet_uniform_only,fixed_dose,2,uniform,0.1,45,Particles,34.812538146972656,0.9472564954018905,34.83016586303711,0.5809990825177936,0.026750966000690823
unet_uniform_only,fixed_dose,2,uniform,0.1,46,Patterned_surface,27.441062927246094,0.5685167509672382,27.391124725341797,0.5813466136565837,0.02946438799972384
unet_uniform_only,fixed_dose,2,uniform,0.1,47,Porous_Sponge,23.468425750732422,0.4653663353133001,23.366525650024414,0.5806341748220641,0.029719965000367665
unet_uniform_only,fixed_dose,2,uniform,0.1,48,Powder,24.27027130126953,0.4729565285539446,24.212738037109375,0.5808774466192171,0.029928422999546456
unet_uniform_only,fixed_dose,2,uniform,0.1,49,Tips,18.562108993530273,0.21220413886844033,18.418773651123047,0.579834853202847,0.028524215000288677
unet_uniform_only,fixed_dose,2,uniform,0.1,50,Biological,24.2648983001709,0.2757655562780978,24.219942092895508,0.580390903024911,0.027681689000019105
unet_uniform_only,fixed_dose,2,uniform,0.1,51,Fibres,29.91234016418457,0.6922300966261761,29.898818969726562,0.5811902246441282,0.026314114999877347
unet_uniform_only,fixed_dose,2,uniform,0.1,52,Films_Coated_Surface,17.08470916748047,0.5627750245923684,16.88426399230957,0.5825108429715303,0.019843443999889132
unet_uniform_only,fixed_dose,2,uniform,0.1,53,MEMS_devices_and_electrodes,34.32219696044922,0.8924815386520064,34.38792419433594,0.5807731872775801,0.022883667999849422
unet_uniform_only,fixed_dose,2,uniform,0.1,54,Nanowires,29.80722427368164,0.7362263635860374,29.77444839477539,0.5815030026690392,0.028786864999347017
unet_uniform_only,fixed_dose,2,uniform,0.1,55,Particles,26.940439224243164,0.4025931524521679,26.903684616088867,0.5812423543149466,0.029915603000517876
unet_uniform_only,fixed_dose,2,uniform,0.1,56,Patterned_surface,23.1253662109375,0.5387752401284994,23.01957130432129,0.5812249777580071,0.02754827100034163
unet_uniform_only,fixed_dose,2,uniform,0.1,57,Porous_Sponge,21.317319869995117,0.42882004802910684,21.1429500579834,0.5803213967971531,0.030055732000619173
unet_uniform_only,fixed_dose,2,uniform,0.1,58,Powder,19.16733169555664,0.12345352620601549,19.07312774658203,0.5814682495551602,0.0276193970003078
unet_uniform_only,fixed_dose,2,uniform,0.1,59,Tips,33.95271301269531,0.8403842290453004,33.964759826660156,0.5812076012010677,0.029378623999946285
unet_uniform_only,fixed_dose,2,uniform,0.1,60,Biological,27.758071899414062,0.4858073917163563,27.73603630065918,0.5815203792259787,0.027299058000608056
unet_uniform_only,fixed_dose,2,uniform,0.1,61,Fibres,32.13665771484375,0.793976140612021,32.12186813354492,0.5822154415035588,0.021695227999771305
unet_uniform_only,fixed_dose,2,uniform,0.1,62,Films_Coated_Surface,18.06319236755371,0.43884726537100993,17.875539779663086,0.5815030026690392,0.019403776000217476
unet_uniform_only,fixed_dose,2,uniform,0.1,63,MEMS_devices_and_electrodes,21.92283821105957,0.5671778734915361,21.785276412963867,0.579800100088968,0.026134564000130922
unet_uniform_only,fixed_dose,2,uniform,0.1,64,Nanowires,39.264713287353516,0.9296639001313233,39.29342269897461,0.5812597308718862,0.029989433999617177
unet_uniform_only,fixed_dose,2,uniform,0.1,65,Particles,35.26332473754883,0.8914222906798075,35.27709197998047,0.5815898854537368,0.029113116999724298
unet_uniform_only,fixed_dose,2,uniform,0.1,66,Patterned_surface,17.503904342651367,0.5742072873447783,17.260366439819336,0.5805299154804271,0.02838579299987032
unet_uniform_only,fixed_dose,2,uniform,0.1,67,Porous_Sponge,18.388580322265625,0.5118984337350696,18.15131187438965,0.5814856261120998,0.027562358000068343
unet_uniform_only,fixed_dose,2,uniform,0.1,68,Powder,22.041156768798828,0.5034447532708467,21.935806274414062,0.5807905638345197,0.02766728200003854
unet_uniform_only,fixed_dose,2,uniform,0.1,69,Tips,35.52559280395508,0.8755838315714555,35.535526275634766,0.5811033418594307,0.028003395999803615
unet_uniform_only,fixed_dose,2,uniform,0.1,70,Biological,23.93251609802246,0.2969271874544226,23.869220733642578,0.5814508729982207,0.02620346999992762
unet_uniform_only,fixed_dose,2,uniform,0.1,71,Fibres,28.758975982666016,0.6891301509999779,28.717342376708984,0.5806167982651247,0.02153879399975267
unet_uniform_only,fixed_dose,2,uniform,0.1,72,Films_Coated_Surface,21.780471801757812,0.671221116600896,21.577939987182617,0.5812944839857652,0.019467848000203958
unet_uniform_only,fixed_dose,2,uniform,0.1,73,MEMS_devices_and_electrodes,23.858901977539062,0.6603340058139445,23.735044479370117,0.5819895462633452,0.026033297999674687
unet_uniform_only,fixed_dose,2,uniform,0.1,74,Nanowires,35.28321075439453,0.839261698173923,35.26824188232422,0.5822154415035588,0.028597147000255063
unet_uniform_only,fixed_dose,2,uniform,0.1,75,Particles,33.09440612792969,0.8813652507885499,33.08708953857422,0.5805472920373665,0.02787257199997839
unet_uniform_only,fixed_dose,2,uniform,0.1,76,Patterned_surface,22.962743759155273,0.6892167540867403,22.793691635131836,0.5812249777580071,0.028751795000061975
unet_uniform_only,fixed_dose,2,uniform,0.1,77,Porous_Sponge,22.128204345703125,0.48710439864127153,21.98369026184082,0.5833101645907474,0.030184111000380653
unet_uniform_only,fixed_dose,2,uniform,0.1,78,Powder,22.85289764404297,0.5457689673398842,22.758228302001953,0.5805472920373665,0.027620990999821515
unet_uniform_only,fixed_dose,2,uniform,0.1,79,Tips,27.29913902282715,0.4478886759442008,27.276275634765625,0.5807210576067616,0.027954326999861223
unet_uniform_only,fixed_dose,2,uniform,0.1,80,Biological,29.11583709716797,0.49348666893249876,29.098461151123047,0.5822675711743773,0.026364135000221722
unet_uniform_only,fixed_dose,2,uniform,0.1,81,Fibres,30.84670639038086,0.6664017629094813,30.833223342895508,0.5811207184163701,0.02651667899954191
unet_uniform_only,fixed_dose,2,uniform,0.1,82,Films_Coated_Surface,21.811405181884766,0.6122755170294153,21.638538360595703,0.5814334964412812,0.02362027700019098
unet_uniform_only,fixed_dose,2,uniform,0.1,83,MEMS_devices_and_electrodes,21.978839874267578,0.45533994858581384,21.846546173095703,0.5812597308718862,0.020305699999880744
unet_uniform_only,fixed_dose,2,uniform,0.1,84,Nanowires,36.699127197265625,0.963677730295254,36.691200256347656,0.5811380949733096,0.021444177999910607
unet_uniform_only,fixed_dose,2,uniform,0.1,85,Particles,23.41507339477539,0.5153489030906476,23.29922103881836,0.5808253169483987,0.028841596000347636
unet_uniform_only,fixed_dose,2,uniform,0.1,86,Patterned_surface,29.210552215576172,0.8326910265489963,29.043163299560547,0.5805125389234876,0.02785162500003935
unet_uniform_only,fixed_dose,2,uniform,0.1,87,Porous_Sponge,21.624631881713867,0.47794590358518857,21.446561813354492,0.5800259953291815,0.029194907999226416
unet_uniform_only,fixed_dose,2,uniform,0.1,88,Powder,25.546903610229492,0.7169761684047479,25.499771118164062,0.5821111821619217,0.02965051899991522
unet_uniform_only,fixed_dose,2,uniform,0.1,89,Tips,27.561885833740234,0.4218234656405793,27.545696258544922,0.5832232818060499,0.029777573000501434
unet_uniform_only,fixed_dose,2,uniform,0.1,90,Biological,28.648605346679688,0.4698523862622062,28.622535705566406,0.5813813667704627,0.027400657999351097
unet_uniform_only,fixed_dose,2,uniform,0.1,91,Fibres,31.029869079589844,0.8051292313234092,31.00501823425293,0.5816072620106761,0.030409115000111342
unet_uniform_only,fixed_dose,2,uniform,0.1,92,Films_Coated_Surface,23.011058807373047,0.41538304611589694,22.935138702392578,0.5812249777580071,0.025807441999859293
unet_uniform_only,fixed_dose,2,uniform,0.1,93,MEMS_devices_and_electrodes,28.138980865478516,0.7864620620083126,28.0821533203125,0.5810164590747332,0.019221178999941912
unet_uniform_only,fixed_dose,2,uniform,0.1,94,Nanowires,14.258481979370117,0.5822716637503056,13.953756332397461,0.5822849477313168,0.021777096999358037
unet_uniform_only,fixed_dose,2,uniform,0.1,95,Particles,27.256282806396484,0.57934726220267,27.016624450683594,0.5826151023131673,0.02721646700047131
unet_uniform_only,fixed_dose,2,uniform,0.1,96,Patterned_surface,24.087425231933594,0.48509289756205437,23.99820327758789,0.5812944839857652,0.02922080900043511
unet_uniform_only,fixed_dose,2,uniform,0.1,97,Porous_Sponge,24.270023345947266,0.5807983961318298,24.254655838012695,0.5813466136565837,0.02992636799990578
unet_uniform_only,fixed_dose,2,uniform,0.1,98,Powder,30.37541961669922,0.8571342672571814,30.34511947631836,0.5814334964412812,0.030109256000287132
unet_uniform_only,fixed_dose,2,uniform,0.1,99,Tips,30.7230224609375,0.6865869876688719,30.66135597229004,0.5805820451512456,0.02884138100034761
unet_uniform_only,fixed_dose,2,uniform,0.15,0,Biological,23.961246490478516,0.3390760108060678,23.8925724029541,0.7992243104982206,0.029043737999927544
unet_uniform_only,fixed_dose,2,uniform,0.15,1,Fibres,22.353307723999023,0.5123468565421548,22.245882034301758,0.7973128892348755,0.02790407500015135
unet_uniform_only,fixed_dose,2,uniform,0.15,2,Films_Coated_Surface,24.24964141845703,0.40600594657804967,24.191818237304688,0.7980774577402135,0.024018136999984563
unet_uniform_only,fixed_dose,2,uniform,0.15,3,MEMS_devices_and_electrodes,24.65061378479004,0.2977384333675628,24.542884826660156,0.7974519016903916,0.019634649000181525
unet_uniform_only,fixed_dose,2,uniform,0.15,4,Nanowires,19.116024017333984,0.628248393608745,18.753746032714844,0.7966525800711745,0.021962951999739744
unet_uniform_only,fixed_dose,2,uniform,0.15,5,Particles,17.606260299682617,0.3330454708326842,17.4923095703125,0.7994675822953737,0.025895503000356257
unet_uniform_only,fixed_dose,2,uniform,0.15,6,Patterned_surface,24.811702728271484,0.5044461160725366,24.734676361083984,0.7979384452846976,0.02865559400015627
unet_uniform_only,fixed_dose,2,uniform,0.15,7,Porous_Sponge,23.4481201171875,0.4589138709820065,23.3403377532959,0.7974866548042705,0.029007545999775175
unet_uniform_only,fixed_dose,2,uniform,0.15,8,Powder,18.538209915161133,0.34026517359920117,18.304981231689453,0.7986161310053381,0.028770862999408564
unet_uniform_only,fixed_dose,2,uniform,0.15,9,Tips,32.72947692871094,0.9079102470003847,32.64532470703125,0.7962702958185054,0.028911110000080953
unet_uniform_only,fixed_dose,2,uniform,0.15,10,Biological,26.878807067871094,0.39965661631187704,26.83429527282715,0.7954535976423488,0.02881122899998445
unet_uniform_only,fixed_dose,2,uniform,0.15,11,Fibres,27.118499755859375,0.6867234727618373,27.047204971313477,0.7977646797153026,0.03017374200044287
unet_uniform_only,fixed_dose,2,uniform,0.15,12,Films_Coated_Surface,25.713172912597656,0.396729145844787,25.66519546508789,0.7982164701957296,0.029037313000117138
unet_uniform_only,fixed_dose,2,uniform,0.15,13,MEMS_devices_and_electrodes,25.454700469970703,0.3369240094753369,25.342750549316406,0.797677796930605,0.028076548000171897
unet_uniform_only,fixed_dose,2,uniform,0.15,14,Nanowires,14.753070831298828,0.49034847828367495,14.336416244506836,0.7987551434608542,0.025562779999745544
unet_uniform_only,fixed_dose,2,uniform,0.15,15,Particles,36.97819519042969,0.9199722140750352,36.972965240478516,0.7964266848309609,0.0238758229997984
unet_uniform_only,fixed_dose,2,uniform,0.15,16,Patterned_surface,20.563783645629883,0.4846659197629441,20.471837997436523,0.7966525800711745,0.021709593999730714
unet_uniform_only,fixed_dose,2,uniform,0.15,17,Porous_Sponge,16.88029670715332,0.48448737254627955,16.548564910888672,0.7988941559163703,0.02017577500009793
unet_uniform_only,fixed_dose,2,uniform,0.15,18,Powder,20.682146072387695,0.4838204028339246,20.567949295043945,0.8007708240658363,0.019699774000400794
unet_uniform_only,fixed_dose,2,uniform,0.15,19,Tips,25.87338638305664,0.7957380308448733,25.818191528320312,0.7979558218416372,0.02559069000017189
unet_uniform_only,fixed_dose,2,uniform,0.15,20,Biological,24.740407943725586,0.5816341699744488,24.676721572875977,0.7982164701957296,0.028446685999369947
unet_uniform_only,fixed_dose,2,uniform,0.15,21,Fibres,22.97980308532715,0.6057843205741263,22.899635314941406,0.7994154526245552,0.029064344000289566
unet_uniform_only,fixed_dose,2,uniform,0.15,22,Films_Coated_Surface,14.798664093017578,0.4832308480102879,14.43560791015625,0.7984423654359432,0.03016032199957408
unet_uniform_only,fixed_dose,2,uniform,0.15,23,MEMS_devices_and_electrodes,25.63037109375,0.3768543499390497,25.55727195739746,0.7979905749555161,0.02871512499950768
unet_uniform_only,fixed_dose,2,uniform,0.15,24,Nanowires,14.089627265930176,0.2775514871180687,13.791250228881836,0.7975040313612101,0.029560451000179455
unet_uniform_only,fixed_dose,2,uniform,0.15,25,Particles,32.054176330566406,0.6447164925319974,32.01341247558594,0.797712550044484,0.02962151000065205
unet_uniform_only,fixed_dose,2,uniform,0.15,26,Patterned_surface,19.268417358398438,0.34920121218352085,19.031103134155273,0.797330265791815,0.02836237799965602
unet_uniform_only,fixed_dose,2,uniform,0.15,27,Porous_Sponge,23.943767547607422,0.34407179142168787,23.88850212097168,0.7967568394128115,0.030090518000179145
unet_uniform_only,fixed_dose,2,uniform,0.15,28,Powder,23.05894660949707,0.5847127567867895,22.98003387451172,0.7974519016903916,0.030439791999924637
unet_uniform_only,fixed_dose,2,uniform,0.15,29,Tips,38.441917419433594,0.9686591950933978,38.456119537353516,0.7984597419928826,0.02901077099977556
unet_uniform_only,fixed_dose,2,uniform,0.15,30,Biological,26.437604904174805,0.3602374227495376,26.38667106628418,0.7970348643238435,0.029500165000172274
unet_uniform_only,fixed_dose,2,uniform,0.15,31,Fibres,32.9438591003418,0.747287012739791,32.93972396850586,0.7984249888790037,0.02933950500028004
unet_uniform_only,fixed_dose,2,uniform,0.15,32,Films_Coated_Surface,23.526527404785156,0.3551971290204725,23.46457290649414,0.7985292482206406,0.029476508999323414
unet_uniform_only,fixed_dose,2,uniform,0.15,33,MEMS_devices_and_electrodes,25.023324966430664,0.6302003362607549,24.800634384155273,0.7994502057384343,0.025061982000806893
unet_uniform_only,fixed_dose,2,uniform,0.15,34,Nanowires,26.67825698852539,0.687875097986024,26.579822540283203,0.7993980760676158,0.02425468199999159
unet_uniform_only,fixed_dose,2,uniform,0.15,35,Particles,30.722829818725586,0.8188704971741392,30.6928653717041,0.796878475311388,0.0238681999999244
unet_uniform_only,fixed_dose,2,uniform,0.15,36,Patterned_surface,30.881446838378906,0.876602410664832,30.71001434326172,0.7987725200177936,0.02213623599982384
unet_uniform_only,fixed_dose,2,uniform,0.15,37,Porous_Sponge,16.604671478271484,0.4323750229593373,16.401140213012695,0.7972607595640571,0.0176824990003297
unet_uniform_only,fixed_dose,2,uniform,0.15,38,Powder,21.47585678100586,0.3221352900144045,21.35315704345703,0.7958880115658363,0.021723847999965074
unet_uniform_only,fixed_dose,2,uniform,0.15,39,Tips,35.19492721557617,0.8637730790538942,35.18232345581055,0.7970348643238435,0.02388029500070843
unet_uniform_only,fixed_dose,2,uniform,0.15,40,Biological,22.270004272460938,0.42031904125419406,22.18799591064453,0.7987203903469752,0.027448908999758714
unet_uniform_only,fixed_dose,2,uniform,0.15,41,Fibres,27.756547927856445,0.7461192993566269,27.717256546020508,0.7979905749555161,0.028759587999957148
unet_uniform_only,fixed_dose,2,uniform,0.15,42,Films_Coated_Surface,26.153152465820312,0.40235700832517407,26.11528205871582,0.7981469639679717,0.029219620999356266
unet_uniform_only,fixed_dose,2,uniform,0.15,43,MEMS_devices_and_electrodes,22.296184539794922,0.27612344837374087,22.162458419799805,0.7984423654359432,0.02774828499968862
unet_uniform_only,fixed_dose,2,uniform,0.15,44,Nanowires,23.165000915527344,0.38979917791507485,23.076194763183594,0.7985987544483987,0.02926958299940452
unet_uniform_only,fixed_dose,2,uniform,0.15,45,Particles,35.023250579833984,0.9458254520976066,35.02647018432617,0.7969306049822065,0.029353793000154838
unet_uniform_only,fixed_dose,2,uniform,0.15,46,Patterned_surface,27.46441078186035,0.5699725935843738,27.42607307434082,0.7981990936387902,0.02988018199994258
unet_uniform_only,fixed_dose,2,uniform,0.15,47,Porous_Sponge,23.677751541137695,0.4752342660314409,23.5708065032959,0.7974171485765125,0.029148474000066926
unet_uniform_only,fixed_dose,2,uniform,0.15,48,Powder,24.28535270690918,0.46827751264495865,24.225770950317383,0.8001626445729538,0.029965663999973913
unet_uniform_only,fixed_dose,2,uniform,0.15,49,Tips,18.722732543945312,0.22116755937055005,18.56951904296875,0.797295512677936,0.028608825000446814
unet_uniform_only,fixed_dose,2,uniform,0.15,50,Biological,24.291162490844727,0.28096985390133006,24.24015998840332,0.7995718416370108,0.029367207999712264
unet_uniform_only,fixed_dose,2,uniform,0.15,51,Fibres,30.230533599853516,0.6962972551248118,30.214679718017578,0.7979905749555161,0.029100492999532435
unet_uniform_only,fixed_dose,2,uniform,0.15,52,Films_Coated_Surface,17.485586166381836,0.5893456269292926,17.25990867614746,0.7974519016903916,0.028591702000085206
unet_uniform_only,fixed_dose,2,uniform,0.15,53,MEMS_devices_and_electrodes,34.130592346191406,0.885026199401944,34.288753509521484,0.7981990936387902,0.02826353399996151
unet_uniform_only,fixed_dose,2,uniform,0.15,54,Nanowires,29.860515594482422,0.7342429240627402,29.804794311523438,0.7977994328291815,0.025821137999628263
unet_uniform_only,fixed_dose,2,uniform,0.15,55,Particles,27.005245208740234,0.40329629082387924,26.95624351501465,0.7980253280693951,0.021617873000650434
unet_uniform_only,fixed_dose,2,uniform,0.15,56,Patterned_surface,23.416841506958008,0.5427845824957656,23.296831130981445,0.797677796930605,0.022002259999680973
unet_uniform_only,fixed_dose,2,uniform,0.15,57,Porous_Sponge,21.522029876708984,0.4383259211127442,21.33009147644043,0.7972433830071175,0.02214968300086184
unet_uniform_only,fixed_dose,2,uniform,0.15,58,Powder,19.247756958007812,0.1425563588170688,19.13088607788086,0.7979210687277581,0.0197005279997029
unet_uniform_only,fixed_dose,2,uniform,0.15,59,Tips,33.90404510498047,0.840406903780989,33.90557861328125,0.7988420262455517,0.01953177199993661
unet_uniform_only,fixed_dose,2,uniform,0.15,60,Biological,27.81005096435547,0.4891546715636384,27.76940155029297,0.7973823954626336,0.02567563299999165
unet_uniform_only,fixed_dose,2,uniform,0.15,61,Fibres,32.17413330078125,0.795375537671517,32.12593078613281,0.7962529192615659,0.029794683000545774
unet_uniform_only,fixed_dose,2,uniform,0.15,62,Films_Coated_Surface,18.236343383789062,0.4489636270826256,18.022560119628906,0.7985466247775801,0.029662911000741587
unet_uniform_only,fixed_dose,2,uniform,0.15,63,MEMS_devices_and_electrodes,22.150737762451172,0.5818418650419767,22.000328063964844,0.7989289090302492,0.027625607999652857
unet_uniform_only,fixed_dose,2,uniform,0.15,64,Nanowires,38.709537506103516,0.9291071668152016,38.718902587890625,0.7970348643238435,0.029552056999818888
unet_uniform_only,fixed_dose,2,uniform,0.15,65,Particles,35.68094253540039,0.892761755446682,35.70024871826172,0.7974866548042705,0.028361527000015485
unet_uniform_only,fixed_dose,2,uniform,0.15,66,Patterned_surface,17.789203643798828,0.5809724859685764,17.442859649658203,0.7978515625000001,0.0296981510000478
unet_uniform_only,fixed_dose,2,uniform,0.15,67,Porous_Sponge,18.741270065307617,0.5282146944627403,18.47796058654785,0.7982164701957296,0.029961586999888823
unet_uniform_only,fixed_dose,2,uniform,0.15,68,Powder,22.247886657714844,0.504912162612765,22.128679275512695,0.7980600811832741,0.02928710600008344
unet_uniform_only,fixed_dose,2,uniform,0.15,69,Tips,35.27819061279297,0.8757462321966648,35.2921142578125,0.7962529192615659,0.029163918000449485
unet_uniform_only,fixed_dose,2,uniform,0.15,70,Biological,23.907894134521484,0.29120723281215005,23.853063583374023,0.7964093082740215,0.025236206999579736
unet_uniform_only,fixed_dose,2,uniform,0.15,71,Fibres,28.96524429321289,0.6917585364922246,28.925403594970703,0.7980948342971531,0.02643090299989126
unet_uniform_only,fixed_dose,2,uniform,0.15,72,Films_Coated_Surface,22.55099105834961,0.6795798413125371,22.33486557006836,0.7998151134341638,0.025870368000141752
unet_uniform_only,fixed_dose,2,uniform,0.15,73,MEMS_devices_and_electrodes,23.825679779052734,0.6618603356830076,23.679391860961914,0.7980253280693951,0.021347601000343275
unet_uniform_only,fixed_dose,2,uniform,0.15,74,Nanowires,35.18171691894531,0.8390018953337434,35.153907775878906,0.797469278247331,0.020033306000186712
unet_uniform_only,fixed_dose,2,uniform,0.15,75,Particles,33.2114372253418,0.8796858070907242,33.211055755615234,0.7980427046263346,0.02378859799955535
unet_uniform_only,fixed_dose,2,uniform,0.15,76,Patterned_surface,23.564756393432617,0.6996843823075264,23.390544891357422,0.7961312833629893,0.026594781999847328
unet_uniform_only,fixed_dose,2,uniform,0.15,77,Porous_Sponge,22.372753143310547,0.4902422187975633,22.220420837402344,0.7976951734875445,0.02906974000052287
unet_uniform_only,fixed_dose,2,uniform,0.15,78,Powder,23.068435668945312,0.5556905847473598,22.966083526611328,0.7969132284252669,0.027271165000456676
unet_uniform_only,fixed_dose,2,uniform,0.15,79,Tips,27.33685302734375,0.44755400280247176,27.31006622314453,0.7981122108540926,0.02945526700023038
unet_uniform_only,fixed_dose,2,uniform,0.15,80,Biological,29.23223114013672,0.495414837828742,29.202102661132812,0.7970001112099644,0.029809984000166878
unet_uniform_only,fixed_dose,2,uniform,0.15,81,Fibres,30.85350227355957,0.6633733865574883,30.828716278076172,0.7993285698398577,0.029015190999416518
unet_uniform_only,fixed_dose,2,uniform,0.15,82,Films_Coated_Surface,22.433454513549805,0.6175998304761763,22.26514434814453,0.7989115324733097,0.02978164499927516
unet_uniform_only,fixed_dose,2,uniform,0.15,83,MEMS_devices_and_electrodes,22.124134063720703,0.467185663699941,22.002408981323242,0.7975040313612101,0.029529100000218023
unet_uniform_only,fixed_dose,2,uniform,0.15,84,Nanowires,37.22530746459961,0.9650793802606845,37.23592758178711,0.797365018905694,0.028754527999808488
unet_uniform_only,fixed_dose,2,uniform,0.15,85,Particles,23.67841339111328,0.5201873403487514,23.572242736816406,0.7984076123220641,0.025738151999576075
unet_uniform_only,fixed_dose,2,uniform,0.15,86,Patterned_surface,29.660036087036133,0.8300341691957962,29.51362419128418,0.7977646797153026,0.025887995000630326
unet_uniform_only,fixed_dose,2,uniform,0.15,87,Porous_Sponge,21.766584396362305,0.48221121984134524,21.56075668334961,0.7967220862989324,0.026056255000185047
unet_uniform_only,fixed_dose,2,uniform,0.15,88,Powder,25.558359146118164,0.716640649651488,25.50983238220215,0.7981469639679717,0.02548176000072999
unet_uniform_only,fixed_dose,2,uniform,0.15,89,Tips,27.62253189086914,0.4230799930004302,27.59739112854004,0.7989810387010677,0.021932016999926418
unet_uniform_only,fixed_dose,2,uniform,0.15,90,Biological,28.61898422241211,0.47065435278944623,28.594512939453125,0.7984423654359432,0.02422741699956532
unet_uniform_only,fixed_dose,2,uniform,0.15,91,Fibres,31.282329559326172,0.805770030845211,31.276599884033203,0.7984597419928826,0.021729009999944537
unet_uniform_only,fixed_dose,2,uniform,0.15,92,Films_Coated_Surface,23.102521896362305,0.4311394566296726,23.028409957885742,0.7962181661476869,0.024280196000290744
unet_uniform_only,fixed_dose,2,uniform,0.15,93,MEMS_devices_and_electrodes,28.405250549316406,0.7919236140022171,28.36080551147461,0.7981295874110321,0.022102480999819818
unet_uniform_only,fixed_dose,2,uniform,0.15,94,Nanowires,15.057205200195312,0.6301020532507758,14.682231903076172,0.7991200511565837,0.02394968200042058
unet_uniform_only,fixed_dose,2,uniform,0.15,95,Particles,27.609338760375977,0.5816970539423391,27.32438850402832,0.797330265791815,0.026065306999953464
unet_uniform_only,fixed_dose,2,uniform,0.15,96,Patterned_surface,24.291303634643555,0.4873591292436855,24.19208526611328,0.797677796930605,0.026501619000555365
unet_uniform_only,fixed_dose,2,uniform,0.15,97,Porous_Sponge,24.19131851196289,0.5749175915104864,24.224586486816406,0.7964961910587189,0.02173144400057936
unet_uniform_only,fixed_dose,2,uniform,0.15,98,Powder,30.673152923583984,0.8577334692425584,30.638504028320312,0.7991374277135231,0.01858565400016232
unet_uniform_only,fixed_dose,2,uniform,0.15,99,Tips,30.550731658935547,0.6834482962447722,30.513208389282227,0.7957837522241994,0.024066774999482732
unet_uniform_only,fixed_dose,2,uniform,0.2,0,Biological,23.932785034179688,0.3341701518237276,23.866079330444336,0.9913464746441282,0.025299583999185415
unet_uniform_only,fixed_dose,2,uniform,0.2,1,Fibres,22.430564880371094,0.523399328410498,22.300132751464844,0.9929798709964414,0.02885357000013755
unet_uniform_only,fixed_dose,2,uniform,0.2,2,Films_Coated_Surface,24.333446502685547,0.40885169479101474,24.262283325195312,0.9932752724644129,0.028383045999362366
unet_uniform_only,fixed_dose,2,uniform,0.2,3,MEMS_devices_and_electrodes,24.657468795776367,0.30011575175153793,24.51506805419922,0.9913812277580072,0.02814689000024373
unet_uniform_only,fixed_dose,2,uniform,0.2,4,Nanowires,19.571455001831055,0.6580111196908268,19.211406707763672,0.9927887288701068,0.028463732000091113
unet_uniform_only,fixed_dose,2,uniform,0.2,5,Particles,17.611186981201172,0.3437226999060156,17.562807083129883,0.9923543149466193,0.030304054000225733
unet_uniform_only,fixed_dose,2,uniform,0.2,6,Patterned_surface,24.75611114501953,0.5030823239269223,24.664104461669922,0.9905123999110322,0.028836195000621956
unet_uniform_only,fixed_dose,2,uniform,0.2,7,Porous_Sponge,23.43897247314453,0.4595215366341056,23.312681198120117,0.9940224644128114,0.02861759000006714
unet_uniform_only,fixed_dose,2,uniform,0.2,8,Powder,18.722042083740234,0.33589675650341755,18.498992919921875,0.9904776467971531,0.02589448300022923
unet_uniform_only,fixed_dose,2,uniform,0.2,9,Tips,32.57437515258789,0.9077118049892298,32.47772216796875,0.9879754225978649,0.025708733000101347
unet_uniform_only,fixed_dose,2,uniform,0.2,10,Biological,26.834667205810547,0.3965652159238254,26.789417266845703,0.9930146241103205,0.025587320999875374
unet_uniform_only,fixed_dose,2,uniform,0.2,11,Fibres,27.17362403869629,0.6885869247305076,27.084007263183594,0.9944916314501779,0.026004140999248193
unet_uniform_only,fixed_dose,2,uniform,0.2,12,Films_Coated_Surface,25.79657745361328,0.405369648353341,25.727540969848633,0.9910163200622776,0.026341609000155586
unet_uniform_only,fixed_dose,2,uniform,0.2,13,MEMS_devices_and_electrodes,25.48128890991211,0.3346815241866626,25.362329483032227,0.9905992826957297,0.026401674000226194
unet_uniform_only,fixed_dose,2,uniform,0.2,14,Nanowires,14.997682571411133,0.5308841679805413,14.517807960510254,0.9907730482651247,0.023558648000289395
unet_uniform_only,fixed_dose,2,uniform,0.2,15,Particles,36.883235931396484,0.9195517024568352,36.895660400390625,0.9910858262900356,0.02181288100018719
unet_uniform_only,fixed_dose,2,uniform,0.2,16,Patterned_surface,20.493892669677734,0.4648635137759711,20.426206588745117,0.9929103647686833,0.017810107000514108
unet_uniform_only,fixed_dose,2,uniform,0.2,17,Porous_Sponge,17.21122932434082,0.49980060198422854,16.847551345825195,0.9950129281583631,0.02537583400044241
unet_uniform_only,fixed_dose,2,uniform,0.2,18,Powder,20.767601013183594,0.49444907908043123,20.640026092529297,0.9925107039590748,0.016618444999949133
unet_uniform_only,fixed_dose,2,uniform,0.2,19,Tips,25.791797637939453,0.7899137834326668,25.71949005126953,0.9903212577846976,0.022834409999632044
unet_uniform_only,fixed_dose,2,uniform,0.2,20,Biological,24.847332000732422,0.5849912199224666,24.77507781982422,0.9908946841637012,0.025130660000286298
unet_uniform_only,fixed_dose,2,uniform,0.2,21,Fibres,23.117576599121094,0.6130239871014227,23.102108001708984,0.9884098365213524,0.02820253599929856
unet_uniform_only,fixed_dose,2,uniform,0.2,22,Films_Coated_Surface,15.128877639770508,0.5115363375565648,14.72989273071289,0.9930320006672598,0.02892844999951194
unet_uniform_only,fixed_dose,2,uniform,0.2,23,MEMS_devices_and_electrodes,25.600521087646484,0.37710063014615564,25.517433166503906,0.9904602702402135,0.02956124699994689
unet_uniform_only,fixed_dose,2,uniform,0.2,24,Nanowires,14.230246543884277,0.30757557661389906,13.90047550201416,0.9919546541370108,0.028878565000013623
unet_uniform_only,fixed_dose,2,uniform,0.2,25,Particles,32.14657211303711,0.6451072011133774,32.113250732421875,0.9922326790480428,0.029886827999689558
unet_uniform_only,fixed_dose,2,uniform,0.2,26,Patterned_surface,19.369714736938477,0.35566852723517783,19.100296020507812,0.9892439112544485,0.029844597000192152
unet_uniform_only,fixed_dose,2,uniform,0.2,27,Porous_Sponge,23.938373565673828,0.34041526859878163,23.888774871826172,0.9906340358096085,0.028589265999471536
unet_uniform_only,fixed_dose,2,uniform,0.2,28,Powder,23.0765380859375,0.5708356916426425,22.972999572753906,0.9917808885676156,0.030137364000438538
unet_uniform_only,fixed_dose,2,uniform,0.2,29,Tips,38.22524642944336,0.9669582239885416,38.19357681274414,0.9930493772241993,0.030050921000110975
unet_uniform_only,fixed_dose,2,uniform,0.2,30,Biological,26.45448875427246,0.36047129725418536,26.418123245239258,0.9910336966192171,0.029735324999819568
unet_uniform_only,fixed_dose,2,uniform,0.2,31,Fibres,32.91294479370117,0.7471482176715746,32.90614700317383,0.9897130782918151,0.028901439999572176
unet_uniform_only,fixed_dose,2,uniform,0.2,32,Films_Coated_Surface,23.554569244384766,0.3633550169194624,23.492340087890625,0.9891744050266905,0.028942468000423105
unet_uniform_only,fixed_dose,2,uniform,0.2,33,MEMS_devices_and_electrodes,25.194805145263672,0.6320668480328666,24.953859329223633,0.9914681105427047,0.027952852999987954
unet_uniform_only,fixed_dose,2,uniform,0.2,34,Nanowires,26.892257690429688,0.693672638815175,26.80358123779297,0.9923716915035588,0.029631072000483982
unet_uniform_only,fixed_dose,2,uniform,0.2,35,Particles,30.53045654296875,0.8181669183170449,30.47016143798828,0.9917982651245553,0.029728209000495553
unet_uniform_only,fixed_dose,2,uniform,0.2,36,Patterned_surface,31.14415168762207,0.8777247984398548,30.93724250793457,0.9921457962633452,0.030100243000561022
unet_uniform_only,fixed_dose,2,uniform,0.2,37,Porous_Sponge,16.780475616455078,0.4429832136749851,16.55561637878418,0.9888790035587189,0.029401185999631707
unet_uniform_only,fixed_dose,2,uniform,0.2,38,Powder,21.532094955444336,0.3269802933132567,21.4122371673584,0.9899737266459075,0.02910232599970186
unet_uniform_only,fixed_dose,2,uniform,0.2,39,Tips,35.03510284423828,0.8622683070385975,35.033260345458984,0.9901474922153026,0.028959252000277047
unet_uniform_only,fixed_dose,2,uniform,0.2,40,Biological,22.355873107910156,0.43221582071506437,22.278127670288086,0.9916940057829181,0.02889071900062845
unet_uniform_only,fixed_dose,2,uniform,0.2,41,Fibres,27.52121353149414,0.7478864248852979,27.453536987304688,0.9909294372775801,0.027603098999861686
unet_uniform_only,fixed_dose,2,uniform,0.2,42,Films_Coated_Surface,26.238842010498047,0.40771862088959404,26.19929313659668,0.9904428936832741,0.027629000999695563
unet_uniform_only,fixed_dose,2,uniform,0.2,43,MEMS_devices_and_electrodes,22.297876358032227,0.28380198566245607,22.15662956237793,0.9908251779359432,0.02565701399998943
unet_uniform_only,fixed_dose,2,uniform,0.2,44,Nanowires,23.208858489990234,0.3835043962997251,23.135478973388672,0.9910510731761566,0.02578244899996207
unet_uniform_only,fixed_dose,2,uniform,0.2,45,Particles,35.477394104003906,0.9451823708608847,35.50147247314453,0.9910684497330963,0.02614109399928566
unet_uniform_only,fixed_dose,2,uniform,0.2,46,Patterned_surface,27.44234275817871,0.5673570805953808,27.398056030273438,0.9915549933274022,0.027976545999990776
unet_uniform_only,fixed_dose,2,uniform,0.2,47,Porous_Sponge,23.663909912109375,0.47930830438486594,23.55525779724121,0.9920415369217084,0.025367909999658877
unet_uniform_only,fixed_dose,2,uniform,0.2,48,Powder,24.367544174194336,0.47151615752022147,24.30228042602539,0.989400300266904,0.023418724000293878
unet_uniform_only,fixed_dose,2,uniform,0.2,49,Tips,18.711782455444336,0.21749275284727304,18.54417610168457,0.9923195618327403,0.01964038599999185
unet_uniform_only,fixed_dose,2,uniform,0.2,50,Biological,24.343564987182617,0.2821857257186064,24.301288604736328,0.9924064446174378,0.017941664999852946
unet_uniform_only,fixed_dose,2,uniform,0.2,51,Fibres,30.194862365722656,0.6929090266031284,30.189607620239258,0.9928756116548043,0.025001789000270946
unet_uniform_only,fixed_dose,2,uniform,0.2,52,Films_Coated_Surface,17.73126220703125,0.6037621061849275,17.483308792114258,0.994178853425267,0.02617498000017804
unet_uniform_only,fixed_dose,2,uniform,0.2,53,MEMS_devices_and_electrodes,34.46379089355469,0.8904814885664195,34.57973098754883,0.990199621886121,0.029041705999588885
unet_uniform_only,fixed_dose,2,uniform,0.2,54,Nanowires,29.64348030090332,0.7297722431767761,29.599018096923828,0.9910336966192171,0.029155771000660025
unet_uniform_only,fixed_dose,2,uniform,0.2,55,Particles,27.077621459960938,0.4045188132601447,27.0425968170166,0.9913812277580072,0.027804006999758712
unet_uniform_only,fixed_dose,2,uniform,0.2,56,Patterned_surface,23.466346740722656,0.5474047656217017,23.348339080810547,0.9906687889234875,0.029877494999709597
unet_uniform_only,fixed_dose,2,uniform,0.2,57,Porous_Sponge,21.712203979492188,0.44400657634335083,21.500019073486328,0.9893829237099645,0.030133306000607263
unet_uniform_only,fixed_dose,2,uniform,0.2,58,Powder,19.364564895629883,0.1786808387496325,19.20541000366211,0.9922153024911033,0.029848463000234915
unet_uniform_only,fixed_dose,2,uniform,0.2,59,Tips,33.86835861206055,0.8393807474710429,33.846187591552734,0.9909468138345197,0.0291376040004252
unet_uniform_only,fixed_dose,2,uniform,0.2,60,Biological,27.808155059814453,0.48835027251066504,27.761432647705078,0.9928061054270464,0.02977725900018413
unet_uniform_only,fixed_dose,2,uniform,0.2,61,Fibres,32.08452606201172,0.7941066434168047,32.07317352294922,0.9928408585409253,0.029923394999968878
unet_uniform_only,fixed_dose,2,uniform,0.2,62,Films_Coated_Surface,18.588571548461914,0.46722525473615506,18.37216567993164,0.9932926490213524,0.029115049000211002
unet_uniform_only,fixed_dose,2,uniform,0.2,63,MEMS_devices_and_electrodes,22.199237823486328,0.5709189305988629,22.015666961669922,0.9918156416814947,0.02929988100004266
unet_uniform_only,fixed_dose,2,uniform,0.2,64,Nanowires,38.65129089355469,0.9272071361156701,38.65131378173828,0.9908599310498222,0.027721724000002723
unet_uniform_only,fixed_dose,2,uniform,0.2,65,Particles,35.255035400390625,0.8903513289855856,35.27289962768555,0.9942657362099645,0.02886478700020234
unet_uniform_only,fixed_dose,2,uniform,0.2,66,Patterned_surface,17.8892822265625,0.5786193868068582,17.46980857849121,0.9911032028469751,0.029048792999674333
unet_uniform_only,fixed_dose,2,uniform,0.2,67,Porous_Sponge,18.948402404785156,0.5406372055846673,18.650720596313477,0.9912595918594307,0.028756995000549068
unet_uniform_only,fixed_dose,2,uniform,0.2,68,Powder,22.276195526123047,0.5016676784128213,22.16889190673828,0.9889658863434164,0.029943720999654033
unet_uniform_only,fixed_dose,2,uniform,0.2,69,Tips,34.96025085449219,0.8739370306712831,34.94721984863281,0.9909468138345197,0.027865246000146726
unet_uniform_only,fixed_dose,2,uniform,0.2,70,Biological,23.981483459472656,0.3012382114691233,23.913373947143555,0.9894871830516014,0.024978799000564322
unet_uniform_only,fixed_dose,2,uniform,0.2,71,Fibres,28.746421813964844,0.6901071703284286,28.698213577270508,0.993310025578292,0.02322045600067213
unet_uniform_only,fixed_dose,2,uniform,0.2,72,Films_Coated_Surface,22.87796401977539,0.6881013335708304,22.638622283935547,0.9916592526690393,0.023682563999500417
unet_uniform_only,fixed_dose,2,uniform,0.2,73,MEMS_devices_and_electrodes,23.92764663696289,0.6650426870368863,23.801830291748047,0.9908773076067616,0.02364310699977068
unet_uniform_only,fixed_dose,2,uniform,0.2,74,Nanowires,35.08882141113281,0.8377460539608672,35.07175827026367,0.9913464746441282,0.021572599999672093
unet_uniform_only,fixed_dose,2,uniform,0.2,75,Particles,32.844852447509766,0.8777818465173006,32.84172439575195,0.9895566892793595,0.017218570999830263
unet_uniform_only,fixed_dose,2,uniform,0.2,76,Patterned_surface,23.929155349731445,0.7027493581984129,23.73767852783203,0.9900779859875445,0.02251005099969916
unet_uniform_only,fixed_dose,2,uniform,0.2,77,Porous_Sponge,22.470916748046875,0.4924621031203752,22.300426483154297,0.9917113823398578,0.028324529999736114
unet_uniform_only,fixed_dose,2,uniform,0.2,78,Powder,23.221874237060547,0.5642590231728474,23.130474090576172,0.9904255171263345,0.027595565000410716
unet_uniform_only,fixed_dose,2,uniform,0.2,79,Tips,27.294063568115234,0.4478252104014009,27.274152755737305,0.9935880504893239,0.028847476999544597
unet_uniform_only,fixed_dose,2,uniform,0.2,80,Biological,29.040849685668945,0.4922572027599046,29.003210067749023,0.9888790035587189,0.02989173900004971
unet_uniform_only,fixed_dose,2,uniform,0.2,81,Fibres,30.761510848999023,0.6622790140816622,30.747230529785156,0.9914681105427047,0.029726877000030072
unet_uniform_only,fixed_dose,2,uniform,0.2,82,Films_Coated_Surface,22.563430786132812,0.6230408577478221,22.38507843017578,0.9923543149466193,0.02955276899956516
unet_uniform_only,fixed_dose,2,uniform,0.2,83,MEMS_devices_and_electrodes,22.148151397705078,0.47255692814590344,22.052696228027344,0.9911379559608541,0.028813031000026967
unet_uniform_only,fixed_dose,2,uniform,0.2,84,Nanowires,36.983741760253906,0.9636121480461589,36.98374557495117,0.9915376167704627,0.029491947999304102
unet_uniform_only,fixed_dose,2,uniform,0.2,85,Particles,23.649547576904297,0.5198180923744361,23.52877426147461,0.9932057662366549,0.029048618999695464
unet_uniform_only,fixed_dose,2,uniform,0.2,86,Patterned_surface,29.533138275146484,0.8264628408796265,29.35250473022461,0.9899215969750891,0.02933528799985652
unet_uniform_only,fixed_dose,2,uniform,0.2,87,Porous_Sponge,21.861982345581055,0.48708337861968143,21.655263900756836,0.9911727090747331,0.029797822000546148
unet_uniform_only,fixed_dose,2,uniform,0.2,88,Powder,25.540660858154297,0.7219487562358131,25.493982315063477,0.9929972475533808,0.027671439000187092
unet_uniform_only,fixed_dose,2,uniform,0.2,89,Tips,27.61100959777832,0.42100440289775287,27.576257705688477,0.9908251779359432,0.028545668000333535
unet_uniform_only,fixed_dose,2,uniform,0.2,90,Biological,28.614299774169922,0.4698021937344352,28.58214569091797,0.9915723698843418,0.028906117000587983
unet_uniform_only,fixed_dose,2,uniform,0.2,91,Fibres,31.21881103515625,0.8059921060223604,31.202547073364258,0.9930146241103205,0.02746577900052216
unet_uniform_only,fixed_dose,2,uniform,0.2,92,Films_Coated_Surface,23.15874481201172,0.42991753368359603,23.076080322265625,0.9913117215302492,0.027348882999831403
unet_uniform_only,fixed_dose,2,uniform,0.2,93,MEMS_devices_and_electrodes,28.2797794342041,0.7892318861999267,28.220794677734375,0.9902169984430607,0.027520882999851892
unet_uniform_only,fixed_dose,2,uniform,0.2,94,Nanowires,15.498954772949219,0.6540227299083189,15.083236694335938,0.9928234819839858,0.02831338499981939
unet_uniform_only,fixed_dose,2,uniform,0.2,95,Particles,27.82958221435547,0.58168992824339,27.533672332763672,0.9913117215302492,0.028439705999517173
unet_uniform_only,fixed_dose,2,uniform,0.2,96,Patterned_surface,24.395029067993164,0.4755554641506434,24.26074981689453,0.9908599310498222,0.02923118400030944
unet_uniform_only,fixed_dose,2,uniform,0.2,97,Porous_Sponge,24.390857696533203,0.5852097297092558,24.44597053527832,0.9892091581405695,0.02976381499956915
unet_uniform_only,fixed_dose,2,uniform,0.2,98,Powder,30.695175170898438,0.8581901252313252,30.665184020996094,0.9885314724199289,0.027588916999775392
unet_uniform_only,fixed_dose,2,uniform,0.2,99,Tips,30.560428619384766,0.6823173993300237,30.497390747070312,0.9912422153024912,0.028102719000344223
unet_uniform_only,fixed_dose,2,uniform,0.3,0,Biological,23.903371810913086,0.32996279438105897,23.830224990844727,1.3103244550711746,0.027913494000131323
unet_uniform_only,fixed_dose,2,uniform,0.3,1,Fibres,22.542818069458008,0.5297203545276917,22.418020248413086,1.3101506895017796,0.028996218999964185
unet_uniform_only,fixed_dose,2,uniform,0.3,2,Films_Coated_Surface,24.32354164123535,0.4057060953975039,24.264116287231445,1.3147902302046264,0.03046198900028685
unet_uniform_only,fixed_dose,2,uniform,0.3,3,MEMS_devices_and_electrodes,24.69965362548828,0.2996050549626919,24.579851150512695,1.3111237766903914,0.02943976999995357
unet_uniform_only,fixed_dose,2,uniform,0.3,4,Nanowires,19.850034713745117,0.6820337982742116,19.495512008666992,1.3163541203291813,0.02954011099973286
unet_uniform_only,fixed_dose,2,uniform,0.3,5,Particles,17.979150772094727,0.3647269484451792,17.765029907226562,1.312183746663701,0.029787110000143002
unet_uniform_only,fixed_dose,2,uniform,0.3,6,Patterned_surface,24.845335006713867,0.5105056742207363,24.77132797241211,1.3099247942615662,0.02979769900048268
unet_uniform_only,fixed_dose,2,uniform,0.3,7,Porous_Sponge,23.4798641204834,0.465979531445114,23.369234085083008,1.3111064001334523,0.027123011999719893
unet_uniform_only,fixed_dose,2,uniform,0.3,8,Powder,18.827957153320312,0.3289725342389631,18.615161895751953,1.3124965246886122,0.02781297399997129
unet_uniform_only,fixed_dose,2,uniform,0.3,9,Tips,32.89570236206055,0.9076003530229148,32.77309799194336,1.3135391181049823,0.029967058000693214
unet_uniform_only,fixed_dose,2,uniform,0.3,10,Biological,26.924388885498047,0.39944732432271607,26.876834869384766,1.3108457517793595,0.028498270000454795
unet_uniform_only,fixed_dose,2,uniform,0.3,11,Fibres,27.194669723510742,0.684879576240028,27.124469757080078,1.311836215524911,0.02953369399983785
unet_uniform_only,fixed_dose,2,uniform,0.3,12,Films_Coated_Surface,25.778902053833008,0.4015786497855469,25.736770629882812,1.3095425100088969,0.0293620890006423
unet_uniform_only,fixed_dose,2,uniform,0.3,13,MEMS_devices_and_electrodes,25.515859603881836,0.3413069384922301,25.378210067749023,1.3128093027135233,0.029109113000231446
unet_uniform_only,fixed_dose,2,uniform,0.3,14,Nanowires,15.370865821838379,0.5712023263965046,14.806558609008789,1.3091080960854096,0.0291589769994971
unet_uniform_only,fixed_dose,2,uniform,0.3,15,Particles,37.083919525146484,0.917940760880793,37.11145782470703,1.3115060609430607,0.029736991000390844
unet_uniform_only,fixed_dose,2,uniform,0.3,16,Patterned_surface,20.661771774291992,0.4757741006874916,20.573699951171875,1.3109847642348758,0.029990967999765417
unet_uniform_only,fixed_dose,2,uniform,0.3,17,Porous_Sponge,17.668941497802734,0.5192542398933798,17.268999099731445,1.3126876668149468,0.030425525000282505
unet_uniform_only,fixed_dose,2,uniform,0.3,18,Powder,20.896799087524414,0.5002665212818522,20.75417709350586,1.3141646741548045,0.029002815000239934
unet_uniform_only,fixed_dose,2,uniform,0.3,19,Tips,25.61049461364746,0.7871614363412328,25.57117462158203,1.3110542704626333,0.015097151999725611
unet_uniform_only,fixed_dose,2,uniform,0.3,20,Biological,24.992170333862305,0.5844915056260978,24.90180778503418,1.309855288033808,0.015091018000020995
unet_uniform_only,fixed_dose,2,uniform,0.3,21,Fibres,23.369129180908203,0.6272014014814336,23.296039581298828,1.308812694617438,0.016975931999695604
unet_uniform_only,fixed_dose,2,uniform,0.3,22,Films_Coated_Surface,15.552836418151855,0.5357149081865311,15.119023323059082,1.3085346697064058,0.028590206999979273
unet_uniform_only,fixed_dose,2,uniform,0.3,23,MEMS_devices_and_electrodes,25.650959014892578,0.37492261084077616,25.607986450195312,1.3100985598309611,0.027015784000468557
unet_uniform_only,fixed_dose,2,uniform,0.3,24,Nanowires,14.493160247802734,0.313419464374977,14.075154304504395,1.3098031583629894,0.03179060799993749
unet_uniform_only,fixed_dose,2,uniform,0.3,25,Particles,32.160804748535156,0.6441844207108082,32.12755584716797,1.3138345195729537,0.02778411400049663
unet_uniform_only,fixed_dose,2,uniform,0.3,26,Patterned_surface,19.53496742248535,0.35899989359645795,19.254995346069336,1.311975227980427,0.028645809999943594
unet_uniform_only,fixed_dose,2,uniform,0.3,27,Porous_Sponge,24.040735244750977,0.3426950819425519,23.9894962310791,1.3079438667704626,0.028946765000000596
unet_uniform_only,fixed_dose,2,uniform,0.3,28,Powder,23.275177001953125,0.586096546890436,23.194978713989258,1.3105329737544484,0.02950641200004611
unet_uniform_only,fixed_dose,2,uniform,0.3,29,Tips,38.42665100097656,0.9671510545631754,38.430625915527344,1.310515597197509,0.029868976000216207
unet_uniform_only,fixed_dose,2,uniform,0.3,30,Biological,26.453094482421875,0.36141627413901356,26.405441284179688,1.3114365547153026,0.029021303000263288
unet_uniform_only,fixed_dose,2,uniform,0.3,31,Fibres,33.06655502319336,0.7460998268586603,33.07929229736328,1.3120968638790038,0.029619863999869267
unet_uniform_only,fixed_dose,2,uniform,0.3,32,Films_Coated_Surface,23.502952575683594,0.3617972327237114,23.441082000732422,1.310202819172598,0.029843289000382356
unet_uniform_only,fixed_dose,2,uniform,0.3,33,MEMS_devices_and_electrodes,25.33966064453125,0.6324291776876956,25.068199157714844,1.3118883451957295,0.027818681999633554
unet_uniform_only,fixed_dose,2,uniform,0.3,34,Nanowires,26.97284698486328,0.697903473260029,26.88579559326172,1.3102549488434165,0.027732118999665545
unet_uniform_only,fixed_dose,2,uniform,0.3,35,Particles,30.791797637939453,0.8169066378066376,30.76412582397461,1.3101159363879002,0.027254705999439466
unet_uniform_only,fixed_dose,2,uniform,0.3,36,Patterned_surface,31.31578826904297,0.8747774264312944,31.034414291381836,1.3090385898576515,0.0286565550004525
unet_uniform_only,fixed_dose,2,uniform,0.3,37,Porous_Sponge,16.85584259033203,0.4422735171315209,16.621458053588867,1.3107588689946619,0.028465111000514298
unet_uniform_only,fixed_dose,2,uniform,0.3,38,Powder,21.624860763549805,0.33035428160259395,21.5001220703125,1.3091428491992885,0.026903470000434027
unet_uniform_only,fixed_dose,2,uniform,0.3,39,Tips,35.127559661865234,0.8619084263081304,35.12181854248047,1.3095251334519573,0.027045160999477957
unet_uniform_only,fixed_dose,2,uniform,0.3,40,Biological,22.411808013916016,0.42392830043987106,22.323089599609375,1.3110021407918149,0.026767366999592923
unet_uniform_only,fixed_dose,2,uniform,0.3,41,Fibres,28.020801544189453,0.7538200857988926,27.957334518432617,1.3107067393238434,0.027090832999419945
unet_uniform_only,fixed_dose,2,uniform,0.3,42,Films_Coated_Surface,26.24225616455078,0.40701891682185365,26.2103271484375,1.3119578514234875,0.02608843599955435
unet_uniform_only,fixed_dose,2,uniform,0.3,43,MEMS_devices_and_electrodes,22.4172420501709,0.2718560580214969,22.23929214477539,1.3096988990213523,0.026502036999772827
unet_uniform_only,fixed_dose,2,uniform,0.3,44,Nanowires,23.325376510620117,0.3910521455806034,23.2271671295166,1.3099247942615662,0.028818246000810177
unet_uniform_only,fixed_dose,2,uniform,0.3,45,Particles,35.089820861816406,0.9424186595242857,35.121036529541016,1.30594556272242,0.027511713999956555
unet_uniform_only,fixed_dose,2,uniform,0.3,46,Patterned_surface,27.436901092529297,0.5701645024128208,27.39474868774414,1.3098379114768683,0.027136815999256214
unet_uniform_only,fixed_dose,2,uniform,0.3,47,Porous_Sponge,23.811738967895508,0.4828279530113043,23.697338104248047,1.3133305994217084,0.029368465000516153
unet_uniform_only,fixed_dose,2,uniform,0.3,48,Powder,24.471311569213867,0.4769511734784845,24.406644821166992,1.3078917370996441,0.027037804999963555
unet_uniform_only,fixed_dose,2,uniform,0.3,49,Tips,18.800199508666992,0.22420148881915264,18.626632690429688,1.3099769239323846,0.025776800000130606
unet_uniform_only,fixed_dose,2,uniform,0.3,50,Biological,24.279525756835938,0.2804835419144654,24.220369338989258,1.310272325400356,0.023961923000570096
unet_uniform_only,fixed_dose,2,uniform,0.3,51,Fibres,29.907285690307617,0.6897136208573795,29.898475646972656,1.3100811832740213,0.023325514999669394
unet_uniform_only,fixed_dose,2,uniform,0.3,52,Films_Coated_Surface,18.022180557250977,0.6222297992289251,17.76322364807129,1.310446090969751,0.023715235000054236
unet_uniform_only,fixed_dose,2,uniform,0.3,53,MEMS_devices_and_electrodes,34.38561248779297,0.8930814310866431,34.401126861572266,1.308152385453737,0.024438010999801918
unet_uniform_only,fixed_dose,2,uniform,0.3,54,Nanowires,29.749452590942383,0.7321326391089812,29.714937210083008,1.3126007840302492,0.02576433600006567
unet_uniform_only,fixed_dose,2,uniform,0.3,55,Particles,27.01976776123047,0.40398998345612785,26.982343673706055,1.310897881450178,0.025304372999926272
unet_uniform_only,fixed_dose,2,uniform,0.3,56,Patterned_surface,23.460866928100586,0.5448266132273313,23.33575439453125,1.3134174822064058,0.025671993999822007
unet_uniform_only,fixed_dose,2,uniform,0.3,57,Porous_Sponge,21.839019775390625,0.4458736167892998,21.631607055664062,1.3126355371441283,0.025859348999802023
unet_uniform_only,fixed_dose,2,uniform,0.3,58,Powder,19.39214324951172,0.1872057872324476,19.207502365112305,1.3097684052491103,0.025710926999636285
unet_uniform_only,fixed_dose,2,uniform,0.3,59,Tips,33.89516830444336,0.8366723059433699,33.89360809326172,1.3097336521352314,0.025096518999816908
unet_uniform_only,fixed_dose,2,uniform,0.3,60,Biological,27.915449142456055,0.4893781580442165,27.889667510986328,1.3133827290925268,0.025007067999467836
unet_uniform_only,fixed_dose,2,uniform,0.3,61,Fibres,32.38160705566406,0.796852901101567,32.38075256347656,1.311071647019573,0.028319494999777817
unet_uniform_only,fixed_dose,2,uniform,0.3,62,Films_Coated_Surface,18.910099029541016,0.4794536085454712,18.65119743347168,1.3090733429715302,0.02880488100072398
unet_uniform_only,fixed_dose,2,uniform,0.3,63,MEMS_devices_and_electrodes,22.231021881103516,0.5786040873089485,22.083770751953125,1.3100464301601427,0.028418672000043443
unet_uniform_only,fixed_dose,2,uniform,0.3,64,Nanowires,38.74360656738281,0.9254481293177593,38.75482940673828,1.3088822008451957,0.02712041799986764
unet_uniform_only,fixed_dose,2,uniform,0.3,65,Particles,35.31070327758789,0.8879827914245499,35.34141159057617,1.3105677268683276,0.02564998699926946
unet_uniform_only,fixed_dose,2,uniform,0.3,66,Patterned_surface,18.091976165771484,0.59017918073476,17.61465835571289,1.311592943727758,0.026603023999996367
unet_uniform_only,fixed_dose,2,uniform,0.3,67,Porous_Sponge,19.224884033203125,0.5537903294335002,18.91126251220703,1.3109152580071175,0.02677606899942475
unet_uniform_only,fixed_dose,2,uniform,0.3,68,Powder,22.335615158081055,0.502048492750571,22.240875244140625,1.3107588689946619,0.026943726999888895
unet_uniform_only,fixed_dose,2,uniform,0.3,69,Tips,34.911075592041016,0.8725651608974822,34.91538619995117,1.309681522464413,0.027027084999645012
unet_uniform_only,fixed_dose,2,uniform,0.3,70,Biological,24.091751098632812,0.3215435437339671,24.027355194091797,1.3103418316281141,0.025087935000556172
unet_uniform_only,fixed_dose,2,uniform,0.3,71,Fibres,28.965070724487305,0.6934344016021418,28.939777374267578,1.3087953180604983,0.02514447100020334
unet_uniform_only,fixed_dose,2,uniform,0.3,72,Films_Coated_Surface,23.040916442871094,0.6876493357646308,22.773178100585938,1.3129656917259787,0.02655119900009595
unet_uniform_only,fixed_dose,2,uniform,0.3,73,MEMS_devices_and_electrodes,23.83847999572754,0.661092005834744,23.724395751953125,1.311836215524911,0.025727123000251595
unet_uniform_only,fixed_dose,2,uniform,0.3,74,Nanowires,35.25128936767578,0.8374010005368019,35.23403549194336,1.309160225756228,0.02859828100008599
unet_uniform_only,fixed_dose,2,uniform,0.3,75,Particles,33.344505310058594,0.8780867616603341,33.321067810058594,1.3128266792704626,0.027088808999906178
unet_uniform_only,fixed_dose,2,uniform,0.3,76,Patterned_surface,23.9163875579834,0.7025696747053709,23.750879287719727,1.3130004448398576,0.027551107000363118
unet_uniform_only,fixed_dose,2,uniform,0.3,77,Porous_Sponge,22.73183822631836,0.49640190684815105,22.569107055664062,1.3098205349199288,0.026952457999868784
unet_uniform_only,fixed_dose,2,uniform,0.3,78,Powder,23.23969078063965,0.5627209822813181,23.147241592407227,1.3112106594750892,0.02589653199993336
unet_uniform_only,fixed_dose,2,uniform,0.3,79,Tips,27.291973114013672,0.44711868230716817,27.27472496032715,1.3111064001334523,0.025002053000207525
unet_uniform_only,fixed_dose,2,uniform,0.3,80,Biological,29.170272827148438,0.49382249278319507,29.150428771972656,1.310897881450178,0.025781461999940802
unet_uniform_only,fixed_dose,2,uniform,0.3,81,Fibres,30.81713104248047,0.6622332691338023,30.80685043334961,1.3122184997775803,0.02561854899977334
unet_uniform_only,fixed_dose,2,uniform,0.3,82,Films_Coated_Surface,22.619464874267578,0.6217277190361827,22.40441131591797,1.3109326345640573,0.025838917999863042
unet_uniform_only,fixed_dose,2,uniform,0.3,83,MEMS_devices_and_electrodes,22.431350708007812,0.47236976035587136,22.2255916595459,1.3072835576067614,0.02832896800009621
unet_uniform_only,fixed_dose,2,uniform,0.3,84,Nanowires,37.36266326904297,0.963730352095111,37.3703498840332,1.3122184997775803,0.028153369999927236
unet_uniform_only,fixed_dose,2,uniform,0.3,85,Particles,23.768604278564453,0.522002667729774,23.627450942993164,1.3095598865658364,0.027776926000115054
unet_uniform_only,fixed_dose,2,uniform,0.3,86,Patterned_surface,29.994834899902344,0.8274607081220575,29.7647705078125,1.3086736821619218,0.025137599999652593
unet_uniform_only,fixed_dose,2,uniform,0.3,87,Porous_Sponge,22.0463924407959,0.4873488087842229,21.82757568359375,1.3125834074733098,0.025241880000066885
unet_uniform_only,fixed_dose,2,uniform,0.3,88,Powder,25.812280654907227,0.7238750798622436,25.775962829589844,1.3099595473754448,0.02459642299982079
unet_uniform_only,fixed_dose,2,uniform,0.3,89,Tips,27.5712947845459,0.4213500259033827,27.554607391357422,1.3122011232206408,0.02504608900017047
unet_uniform_only,fixed_dose,2,uniform,0.3,90,Biological,28.609821319580078,0.46926440592065405,28.599449157714844,1.311488684386121,0.026126319000468357
unet_uniform_only,fixed_dose,2,uniform,0.3,91,Fibres,30.920238494873047,0.7993871702070867,30.913314819335938,1.3106719862099645,0.0276974340004017
unet_uniform_only,fixed_dose,2,uniform,0.3,92,Films_Coated_Surface,23.113231658935547,0.429329083538382,23.030488967895508,1.3087084352758007,0.027621432000159984
unet_uniform_only,fixed_dose,2,uniform,0.3,93,MEMS_devices_and_electrodes,28.408809661865234,0.7919678386455226,28.33397674560547,1.3136781305604983,0.028052917000422894
unet_uniform_only,fixed_dose,2,uniform,0.3,94,Nanowires,15.970440864562988,0.6798226599273821,15.511932373046875,1.310863128336299,0.026151124000534764
unet_uniform_only,fixed_dose,2,uniform,0.3,95,Particles,28.078824996948242,0.5832935262153968,27.716123580932617,1.3096293927935945,0.02728048300014052
unet_uniform_only,fixed_dose,2,uniform,0.3,96,Patterned_surface,24.446210861206055,0.4904787866454081,24.31096649169922,1.3100464301601427,0.027850164000483346
unet_uniform_only,fixed_dose,2,uniform,0.3,97,Porous_Sponge,23.84988784790039,0.5592044079685284,24.07176971435547,1.310446090969751,0.028116632000092068
unet_uniform_only,fixed_dose,2,uniform,0.3,98,Powder,30.498119354248047,0.8554722100227894,30.461475372314453,1.3118535920818506,0.02755039199928433
unet_uniform_only,fixed_dose,2,uniform,0.3,99,Tips,30.83181381225586,0.6845819421482124,30.784971237182617,1.3125312778024911,0.027210766000280273
unet_uniform_only,fixed_dose,2,partial_raster,0.05,0,Biological,21.51554298400879,0.2491993730457003,21.464061737060547,0.05078125,0.029426192999380874
unet_uniform_only,fixed_dose,2,partial_raster,0.05,1,Fibres,18.58684539794922,0.26318289422113966,18.43305206298828,0.05078125,0.028896421999888844
unet_uniform_only,fixed_dose,2,partial_raster,0.05,2,Films_Coated_Surface,21.914649963378906,0.30202531635287067,21.818941116333008,0.05078125,0.02980326899978536
unet_uniform_only,fixed_dose,2,partial_raster,0.05,3,MEMS_devices_and_electrodes,22.70101547241211,0.2759212996067297,22.56859588623047,0.05078125,0.027708681000149227
unet_uniform_only,fixed_dose,2,partial_raster,0.05,4,Nanowires,14.68527889251709,0.2098654027521536,14.474015235900879,0.05078125,0.017665397000200755
unet_uniform_only,fixed_dose,2,partial_raster,0.05,5,Particles,16.202171325683594,0.1877402051649575,16.02960205078125,0.05078125,0.02760831599971425
unet_uniform_only,fixed_dose,2,partial_raster,0.05,6,Patterned_surface,20.866058349609375,0.3971698685700979,20.696643829345703,0.05078125,0.028688797000540944
unet_uniform_only,fixed_dose,2,partial_raster,0.05,7,Porous_Sponge,20.165916442871094,0.33630330148415666,20.01043128967285,0.05078125,0.028892463999909523
unet_uniform_only,fixed_dose,2,partial_raster,0.05,8,Powder,15.825724601745605,0.21023359043133438,15.649129867553711,0.05078125,0.02588765800010151
unet_uniform_only,fixed_dose,2,partial_raster,0.05,9,Tips,31.3310546875,0.894611604631136,31.310359954833984,0.05078125,0.01957928100000572
unet_uniform_only,fixed_dose,2,partial_raster,0.05,10,Biological,23.333885192871094,0.26024318812630787,23.47441864013672,0.05078125,0.028415546999895014
unet_uniform_only,fixed_dose,2,partial_raster,0.05,11,Fibres,22.836122512817383,0.5110833499647052,22.73798370361328,0.05078125,0.02924411699950724
unet_uniform_only,fixed_dose,2,partial_raster,0.05,12,Films_Coated_Surface,23.730815887451172,0.3316777843208437,23.67778778076172,0.05078125,0.027869442999872263
unet_uniform_only,fixed_dose,2,partial_raster,0.05,13,MEMS_devices_and_electrodes,24.333938598632812,0.3254816806336774,24.215652465820312,0.05078125,0.02744213900041359
unet_uniform_only,fixed_dose,2,partial_raster,0.05,14,Nanowires,11.96623420715332,0.1378379615105107,11.761762619018555,0.05078125,0.01751840899942181
unet_uniform_only,fixed_dose,2,partial_raster,0.05,15,Particles,29.82630157470703,0.6205443720788024,31.808910369873047,0.05078125,0.026264754999829165
unet_uniform_only,fixed_dose,2,partial_raster,0.05,16,Patterned_surface,18.135026931762695,0.2530180301204301,18.016050338745117,0.05078125,0.028942490999725123
unet_uniform_only,fixed_dose,2,partial_raster,0.05,17,Porous_Sponge,11.939431190490723,0.1948878533987562,11.736822128295898,0.05078125,0.02883187600036763
unet_uniform_only,fixed_dose,2,partial_raster,0.05,18,Powder,17.32329559326172,0.30222816538022806,17.156774520874023,0.05078125,0.0277403800000684
unet_uniform_only,fixed_dose,2,partial_raster,0.05,19,Tips,23.570920944213867,0.7332674267016499,23.46552276611328,0.05078125,0.02391458199963381
unet_uniform_only,fixed_dose,2,partial_raster,0.05,20,Biological,20.662559509277344,0.4955438456559586,20.519798278808594,0.05078125,0.021077514000353403
unet_uniform_only,fixed_dose,2,partial_raster,0.05,21,Fibres,18.410507202148438,0.2398358971163042,18.256004333496094,0.05078125,0.029317008999896643
unet_uniform_only,fixed_dose,2,partial_raster,0.05,22,Films_Coated_Surface,11.579536437988281,0.15464522989375432,11.382003784179688,0.05078125,0.027881641000021773
unet_uniform_only,fixed_dose,2,partial_raster,0.05,23,MEMS_devices_and_electrodes,23.611221313476562,0.3633882112548393,23.47503662109375,0.05078125,0.02893862899964006
unet_uniform_only,fixed_dose,2,partial_raster,0.05,24,Nanowires,12.285767555236816,0.09674528271233906,12.096027374267578,0.05078125,0.029302858999471937
unet_uniform_only,fixed_dose,2,partial_raster,0.05,25,Particles,29.974559783935547,0.6440230824927311,29.876462936401367,0.05078125,0.021645059000547917
unet_uniform_only,fixed_dose,2,partial_raster,0.05,26,Patterned_surface,16.74455451965332,0.20214551943008613,16.590316772460938,0.05078125,0.023835580999730155
unet_uniform_only,fixed_dose,2,partial_raster,0.05,27,Porous_Sponge,20.424747467041016,0.26843770041016757,20.357189178466797,0.05078125,0.029205983999418095
unet_uniform_only,fixed_dose,2,partial_raster,0.05,28,Powder,19.306123733520508,0.3679191369485069,19.14991569519043,0.05078125,0.02998076700077945
unet_uniform_only,fixed_dose,2,partial_raster,0.05,29,Tips,35.65581512451172,0.9533150720436155,35.659584045410156,0.05078125,0.021170193000216386
unet_uniform_only,fixed_dose,2,partial_raster,0.05,30,Biological,22.733318328857422,0.24649392089581784,23.002925872802734,0.05078125,0.020417365999492176
unet_uniform_only,fixed_dose,2,partial_raster,0.05,31,Fibres,24.568889617919922,0.3261364137367063,25.239856719970703,0.05078125,0.027375968000342255
unet_uniform_only,fixed_dose,2,partial_raster,0.05,32,Films_Coated_Surface,20.042142868041992,0.18358382761899047,20.023677825927734,0.05078125,0.028435457000341557
unet_uniform_only,fixed_dose,2,partial_raster,0.05,33,MEMS_devices_and_electrodes,19.636564254760742,0.5602897304725276,19.444847106933594,0.05078125,0.027898264000214112
unet_uniform_only,fixed_dose,2,partial_raster,0.05,34,Nanowires,22.73832130432129,0.4391191849816172,22.59414291381836,0.05078125,0.016596929999650456
unet_uniform_only,fixed_dose,2,partial_raster,0.05,35,Particles,25.925559997558594,0.7712740630131711,25.83026695251465,0.05078125,0.029636406999998144
unet_uniform_only,fixed_dose,2,partial_raster,0.05,36,Patterned_surface,23.876239776611328,0.7416715903108937,23.700145721435547,0.05078125,0.028777980999620922
unet_uniform_only,fixed_dose,2,partial_raster,0.05,37,Porous_Sponge,13.916254043579102,0.2811594431521534,13.727319717407227,0.05078125,0.029429364999487007
unet_uniform_only,fixed_dose,2,partial_raster,0.05,38,Powder,18.82673454284668,0.2410983103813795,18.66525650024414,0.05078125,0.025362253999446693
unet_uniform_only,fixed_dose,2,partial_raster,0.05,39,Tips,32.64552307128906,0.7834227152340323,33.483802795410156,0.05078125,0.018759192999823426
unet_uniform_only,fixed_dose,2,partial_raster,0.05,40,Biological,18.942703247070312,0.24245689381751728,18.846599578857422,0.05078125,0.02805508599976747
unet_uniform_only,fixed_dose,2,partial_raster,0.05,41,Fibres,23.734922409057617,0.6340247629313084,23.629215240478516,0.05078125,0.02867238799990446
unet_uniform_only,fixed_dose,2,partial_raster,0.05,42,Films_Coated_Surface,21.8658447265625,0.22111652992527467,22.018882751464844,0.05078125,0.02895832500053075
unet_uniform_only,fixed_dose,2,partial_raster,0.05,43,MEMS_devices_and_electrodes,19.066112518310547,0.21633509208685794,18.93463134765625,0.05078125,0.026022874999398482
unet_uniform_only,fixed_dose,2,partial_raster,0.05,44,Nanowires,20.75855255126953,0.3745854728338276,20.638423919677734,0.05078125,0.017895284000587708
unet_uniform_only,fixed_dose,2,partial_raster,0.05,45,Particles,22.453763961791992,0.8791729106536763,22.27424430847168,0.05078125,0.027808707000076538
unet_uniform_only,fixed_dose,2,partial_raster,0.05,46,Patterned_surface,26.204788208007812,0.5511580575417799,26.11618423461914,0.05078125,0.028819412999837368
unet_uniform_only,fixed_dose,2,partial_raster,0.05,47,Porous_Sponge,19.956621170043945,0.34685360250976704,19.802358627319336,0.05078125,0.02828080899962515
unet_uniform_only,fixed_dose,2,partial_raster,0.05,48,Powder,21.388015747070312,0.3485076038976225,21.323070526123047,0.05078125,0.02918587500062131
unet_uniform_only,fixed_dose,2,partial_raster,0.05,49,Tips,16.673194885253906,0.1470635933484673,16.529205322265625,0.05078125,0.024966379999568744
unet_uniform_only,fixed_dose,2,partial_raster,0.05,50,Biological,21.084630966186523,0.19089267546174365,21.093473434448242,0.05078125,0.02244977000009385
unet_uniform_only,fixed_dose,2,partial_raster,0.05,51,Fibres,24.634084701538086,0.3508688941115826,25.064903259277344,0.05078125,0.02891118999923492
unet_uniform_only,fixed_dose,2,partial_raster,0.05,52,Films_Coated_Surface,13.347574234008789,0.23116556133523253,13.150696754455566,0.05078125,0.028412589999788906
unet_uniform_only,fixed_dose,2,partial_raster,0.05,53,MEMS_devices_and_electrodes,27.961624145507812,0.8456502770598572,27.820858001708984,0.05078125,0.03118733900009829
unet_uniform_only,fixed_dose,2,partial_raster,0.05,54,Nanowires,28.237857818603516,0.6926254604851464,28.216602325439453,0.05078125,0.028809084000386065
unet_uniform_only,fixed_dose,2,partial_raster,0.05,55,Particles,23.88401222229004,0.30650601915614084,24.298545837402344,0.05078125,0.01716156900056376
unet_uniform_only,fixed_dose,2,partial_raster,0.05,56,Patterned_surface,18.781110763549805,0.46205859973330743,18.625839233398438,0.05078125,0.026904534000095737
unet_uniform_only,fixed_dose,2,partial_raster,0.05,57,Porous_Sponge,18.58173370361328,0.2934669558669008,18.460643768310547,0.05078125,0.028889664999951492
unet_uniform_only,fixed_dose,2,partial_raster,0.05,58,Powder,17.344234466552734,0.1272524009373442,17.19343376159668,0.05078125,0.0286460060005993
unet_uniform_only,fixed_dose,2,partial_raster,0.05,59,Tips,31.50657844543457,0.7468228837196919,32.17705535888672,0.05078125,0.029034426999714924
unet_uniform_only,fixed_dose,2,partial_raster,0.05,60,Biological,23.2112979888916,0.2738229000870696,23.498310089111328,0.05078125,0.02343125700008386
unet_uniform_only,fixed_dose,2,partial_raster,0.05,61,Fibres,28.119300842285156,0.5732482467126859,28.65085792541504,0.05078125,0.021104043999912392
unet_uniform_only,fixed_dose,2,partial_raster,0.05,62,Films_Coated_Surface,14.586234092712402,0.20070363700978808,14.404812812805176,0.05078125,0.028532762999930128
unet_uniform_only,fixed_dose,2,partial_raster,0.05,63,MEMS_devices_and_electrodes,19.038482666015625,0.46503799888548886,18.877883911132812,0.05078125,0.028996222000387206
unet_uniform_only,fixed_dose,2,partial_raster,0.05,64,Nanowires,38.06513595581055,0.9163726669072427,38.354270935058594,0.05078125,0.02886046899948269
unet_uniform_only,fixed_dose,2,partial_raster,0.05,65,Particles,26.1905460357666,0.4479915596588162,27.154159545898438,0.05078125,0.029584707000140043
unet_uniform_only,fixed_dose,2,partial_raster,0.05,66,Patterned_surface,17.311138153076172,0.5148611889172201,17.138959884643555,0.05078125,0.028401874999872234
unet_uniform_only,fixed_dose,2,partial_raster,0.05,67,Porous_Sponge,14.95042610168457,0.3036179132232086,14.752198219299316,0.05078125,0.019243298999754188
unet_uniform_only,fixed_dose,2,partial_raster,0.05,68,Powder,17.900548934936523,0.3580530079391064,17.735036849975586,0.05078125,0.024237497999820334
unet_uniform_only,fixed_dose,2,partial_raster,0.05,69,Tips,28.424880981445312,0.5875634304069572,29.703903198242188,0.05078125,0.028722263999952702
unet_uniform_only,fixed_dose,2,partial_raster,0.05,70,Biological,20.98550033569336,0.20524563276941607,20.969623565673828,0.05078125,0.02980916199976491
unet_uniform_only,fixed_dose,2,partial_raster,0.05,71,Fibres,25.12830924987793,0.4972486123066185,25.322866439819336,0.05078125,0.02881282900034421
unet_uniform_only,fixed_dose,2,partial_raster,0.05,72,Films_Coated_Surface,15.399231910705566,0.44296013649001065,15.204133033752441,0.05078125,0.031141396999373683
unet_uniform_only,fixed_dose,2,partial_raster,0.05,73,MEMS_devices_and_electrodes,21.39755630493164,0.5626394093148339,21.285999298095703,0.05078125,0.025847525999779464
unet_uniform_only,fixed_dose,2,partial_raster,0.05,74,Nanowires,33.368648529052734,0.801322048137405,33.650848388671875,0.05078125,0.01939596900047036
unet_uniform_only,fixed_dose,2,partial_raster,0.05,75,Particles,29.222841262817383,0.8073427294462425,29.330970764160156,0.05078125,0.02856330299982801
unet_uniform_only,fixed_dose,2,partial_raster,0.05,76,Patterned_surface,17.391803741455078,0.5779930268338911,17.20247459411621,0.05078125,0.029234057999929064
unet_uniform_only,fixed_dose,2,partial_raster,0.05,77,Porous_Sponge,16.518083572387695,0.3156487845365196,16.333984375,0.05078125,0.027590128999690933
unet_uniform_only,fixed_dose,2,partial_raster,0.05,78,Powder,19.29785919189453,0.4057663229223368,19.12860679626465,0.05078125,0.028401317999851017
unet_uniform_only,fixed_dose,2,partial_raster,0.05,79,Tips,24.714977264404297,0.36966034314802726,24.96413803100586,0.05078125,0.021729180999500386
unet_uniform_only,fixed_dose,2,partial_raster,0.05,80,Biological,23.174636840820312,0.23611228874771373,23.521228790283203,0.05078125,0.02284707799935859
unet_uniform_only,fixed_dose,2,partial_raster,0.05,81,Fibres,24.00132942199707,0.30819926574093626,24.486312866210938,0.05078125,0.029185085999415605
unet_uniform_only,fixed_dose,2,partial_raster,0.05,82,Films_Coated_Surface,17.14702033996582,0.298989158434517,17.012859344482422,0.05078125,0.028888404999634076
unet_uniform_only,fixed_dose,2,partial_raster,0.05,83,MEMS_devices_and_electrodes,17.249488830566406,0.30285254817056584,17.06002426147461,0.05078125,0.028708089999781805
unet_uniform_only,fixed_dose,2,partial_raster,0.05,84,Nanowires,33.04477310180664,0.9463623651702432,32.99123001098633,0.05078125,0.025109954999606998
unet_uniform_only,fixed_dose,2,partial_raster,0.05,85,Particles,19.26043701171875,0.37694713999735213,19.102502822875977,0.05078125,0.019230165999942983
unet_uniform_only,fixed_dose,2,partial_raster,0.05,86,Patterned_surface,21.839153289794922,0.7758643113907948,21.641923904418945,0.05078125,0.029366132999712136
unet_uniform_only,fixed_dose,2,partial_raster,0.05,87,Porous_Sponge,18.41855239868164,0.329170319919948,18.283855438232422,0.05078125,0.02771956800006592
unet_uniform_only,fixed_dose,2,partial_raster,0.05,88,Powder,22.321176528930664,0.6115427595769322,22.17900276184082,0.05078125,0.027600585000072897
unet_uniform_only,fixed_dose,2,partial_raster,0.05,89,Tips,27.166288375854492,0.42175971956066205,27.11764907836914,0.05078125,0.028902939000545302
unet_uniform_only,fixed_dose,2,partial_raster,0.05,90,Biological,22.882896423339844,0.23968734723127577,23.18385124206543,0.05078125,0.026250094000715762
unet_uniform_only,fixed_dose,2,partial_raster,0.05,91,Fibres,25.717164993286133,0.47599326190468094,26.255470275878906,0.05078125,0.018667055000150867
unet_uniform_only,fixed_dose,2,partial_raster,0.05,92,Films_Coated_Surface,19.40161895751953,0.2504875324963044,19.306921005249023,0.05078125,0.027509898000062094
unet_uniform_only,fixed_dose,2,partial_raster,0.05,93,MEMS_devices_and_electrodes,23.219919204711914,0.7141922523434145,23.051969528198242,0.05078125,0.028408079999280744
unet_uniform_only,fixed_dose,2,partial_raster,0.05,94,Nanowires,10.3084077835083,0.22524573280321117,10.097522735595703,0.05078125,0.029228890000013052
unet_uniform_only,fixed_dose,2,partial_raster,0.05,95,Particles,25.573225021362305,0.5538636111410604,25.475473403930664,0.05078125,0.029119909999280935
unet_uniform_only,fixed_dose,2,partial_raster,0.05,96,Patterned_surface,20.876569747924805,0.3703452053778492,20.74631690979004,0.05078125,0.021431860999655328
unet_uniform_only,fixed_dose,2,partial_raster,0.05,97,Porous_Sponge,21.03933334350586,0.3388954349891879,20.91242027282715,0.05078125,0.019828436999887344
unet_uniform_only,fixed_dose,2,partial_raster,0.05,98,Powder,27.773073196411133,0.7721163470124657,27.73909568786621,0.05078125,0.02942413199980365
unet_uniform_only,fixed_dose,2,partial_raster,0.05,99,Tips,28.194412231445312,0.5863532652752479,29.045711517333984,0.05078125,0.030018965000635944
unet_uniform_only,fixed_dose,2,partial_raster,0.1,0,Biological,20.874998092651367,0.2436947586205071,20.823974609375,0.099609375,0.029851485999643046
unet_uniform_only,fixed_dose,2,partial_raster,0.1,1,Fibres,19.124710083007812,0.3035001066173291,18.929052352905273,0.099609375,0.029750989999229205
unet_uniform_only,fixed_dose,2,partial_raster,0.1,2,Films_Coated_Surface,21.82223129272461,0.2864684706957038,21.733291625976562,0.099609375,0.02522497799964185
unet_uniform_only,fixed_dose,2,partial_raster,0.1,3,MEMS_devices_and_electrodes,22.745141983032227,0.2586343656419813,22.575641632080078,0.099609375,0.01996622499973455
unet_uniform_only,fixed_dose,2,partial_raster,0.1,4,Nanowires,15.761953353881836,0.36512646936300974,15.38210391998291,0.099609375,0.023850952999964647
unet_uniform_only,fixed_dose,2,partial_raster,0.1,5,Particles,16.301984786987305,0.21428620375704427,16.002901077270508,0.099609375,0.029756998999801
unet_uniform_only,fixed_dose,2,partial_raster,0.1,6,Patterned_surface,21.78622817993164,0.38927834398058764,21.59064292907715,0.099609375,0.02981162200012477
unet_uniform_only,fixed_dose,2,partial_raster,0.1,7,Porous_Sponge,20.734453201293945,0.35322026159088216,20.567358016967773,0.099609375,0.029551143000389857
unet_uniform_only,fixed_dose,2,partial_raster,0.1,8,Powder,17.380367279052734,0.28477772002339125,17.130523681640625,0.099609375,0.02878907100057404
unet_uniform_only,fixed_dose,2,partial_raster,0.1,9,Tips,30.020315170288086,0.8060332437108395,30.30268669128418,0.099609375,0.026001350000115053
unet_uniform_only,fixed_dose,2,partial_raster,0.1,10,Biological,22.232133865356445,0.2246416066928027,22.305734634399414,0.099609375,0.01920944999983476
unet_uniform_only,fixed_dose,2,partial_raster,0.1,11,Fibres,22.851795196533203,0.41292425382310005,22.761337280273438,0.099609375,0.027499999999236024
unet_uniform_only,fixed_dose,2,partial_raster,0.1,12,Films_Coated_Surface,23.405223846435547,0.31170227503364867,23.310848236083984,0.099609375,0.0287898659998973
unet_uniform_only,fixed_dose,2,partial_raster,0.1,13,MEMS_devices_and_electrodes,24.270755767822266,0.32099826182558766,24.095703125,0.099609375,0.028919542000039655
unet_uniform_only,fixed_dose,2,partial_raster,0.1,14,Nanowires,12.374332427978516,0.2373949916759327,11.998016357421875,0.099609375,0.029686120000405936
unet_uniform_only,fixed_dose,2,partial_raster,0.1,15,Particles,24.601261138916016,0.2845885656938906,25.010995864868164,0.099609375,0.02519631199993455
unet_uniform_only,fixed_dose,2,partial_raster,0.1,16,Patterned_surface,18.022043228149414,0.25518288157070856,17.83831214904785,0.099609375,0.019898491999811085
unet_uniform_only,fixed_dose,2,partial_raster,0.1,17,Porous_Sponge,13.349104881286621,0.3015113019703498,12.986746788024902,0.099609375,0.02445255000020552
unet_uniform_only,fixed_dose,2,partial_raster,0.1,18,Powder,18.35787582397461,0.3770182655292998,18.12505531311035,0.099609375,0.028217636000590574
unet_uniform_only,fixed_dose,2,partial_raster,0.1,19,Tips,23.61018180847168,0.7204311702784499,23.531055450439453,0.099609375,0.029784795000523445
unet_uniform_only,fixed_dose,2,partial_raster,0.1,20,Biological,22.24846076965332,0.4683620337704695,22.151403427124023,0.099609375,0.029760746000647487
unet_uniform_only,fixed_dose,2,partial_raster,0.1,21,Fibres,18.38645362854004,0.24759268540330132,18.196977615356445,0.099609375,0.021849038999789627
unet_uniform_only,fixed_dose,2,partial_raster,0.1,22,Films_Coated_Surface,12.023505210876465,0.24638274483816536,11.658101081848145,0.099609375,0.02211429299950396
unet_uniform_only,fixed_dose,2,partial_raster,0.1,23,MEMS_devices_and_electrodes,24.786949157714844,0.3821037333552981,24.659116744995117,0.099609375,0.027464842000881617
unet_uniform_only,fixed_dose,2,partial_raster,0.1,24,Nanowires,12.296677589416504,0.1505947748621665,11.951833724975586,0.099609375,0.029116511000211176
unet_uniform_only,fixed_dose,2,partial_raster,0.1,25,Particles,29.994611740112305,0.549884284857626,30.13650131225586,0.099609375,0.030129228000078
unet_uniform_only,fixed_dose,2,partial_raster,0.1,26,Patterned_surface,16.827451705932617,0.1962284675042969,16.59033966064453,0.099609375,0.028960016000382893
unet_uniform_only,fixed_dose,2,partial_raster,0.1,27,Porous_Sponge,19.836193084716797,0.22598697755529928,19.804241180419922,0.099609375,0.029214786000011372
unet_uniform_only,fixed_dose,2,partial_raster,0.1,28,Powder,20.506927490234375,0.43884968892765575,20.309412002563477,0.099609375,0.02104202999998961
unet_uniform_only,fixed_dose,2,partial_raster,0.1,29,Tips,35.714866638183594,0.9469465283639531,35.791778564453125,0.099609375,0.023657925000406976
unet_uniform_only,fixed_dose,2,partial_raster,0.1,30,Biological,21.385910034179688,0.20361833660972198,21.551923751831055,0.099609375,0.028292263000366802
unet_uniform_only,fixed_dose,2,partial_raster,0.1,31,Fibres,22.625003814697266,0.20699813476422965,23.04399871826172,0.099609375,0.029650788999788347
unet_uniform_only,fixed_dose,2,partial_raster,0.1,32,Films_Coated_Surface,19.6245059967041,0.17651032457915022,19.580795288085938,0.099609375,0.02970523099975253
unet_uniform_only,fixed_dose,2,partial_raster,0.1,33,MEMS_devices_and_electrodes,21.314115524291992,0.5649140557622643,21.04842185974121,0.099609375,0.030107485999906203
unet_uniform_only,fixed_dose,2,partial_raster,0.1,34,Nanowires,23.882888793945312,0.48906466904647833,23.709308624267578,0.099609375,0.025253820000216365
unet_uniform_only,fixed_dose,2,partial_raster,0.1,35,Particles,25.84070587158203,0.5470786985631829,25.998981475830078,0.099609375,0.018168263000006846
unet_uniform_only,fixed_dose,2,partial_raster,0.1,36,Patterned_surface,25.623552322387695,0.7626020058125235,25.323951721191406,0.099609375,0.02699562599991623
unet_uniform_only,fixed_dose,2,partial_raster,0.1,37,Porous_Sponge,15.135997772216797,0.38731222270354665,14.82094669342041,0.099609375,0.03001468099955673
unet_uniform_only,fixed_dose,2,partial_raster,0.1,38,Powder,19.381458282470703,0.2714120355945675,19.150678634643555,0.099609375,0.02746459100035281
unet_uniform_only,fixed_dose,2,partial_raster,0.1,39,Tips,26.385204315185547,0.3974021784549841,26.80853271484375,0.099609375,0.027799004999906174
unet_uniform_only,fixed_dose,2,partial_raster,0.1,40,Biological,19.150108337402344,0.25444769863869376,19.051557540893555,0.099609375,0.028447744000004604
unet_uniform_only,fixed_dose,2,partial_raster,0.1,41,Fibres,23.472497940063477,0.4418595111829407,23.48159408569336,0.099609375,0.026292680000551627
unet_uniform_only,fixed_dose,2,partial_raster,0.1,42,Films_Coated_Surface,20.78392791748047,0.17637683494400958,20.922863006591797,0.099609375,0.01972703800038289
unet_uniform_only,fixed_dose,2,partial_raster,0.1,43,MEMS_devices_and_electrodes,19.678457260131836,0.22249795695125932,19.52756118774414,0.099609375,0.023592180000377994
unet_uniform_only,fixed_dose,2,partial_raster,0.1,44,Nanowires,21.395597457885742,0.3832688562749678,21.29026222229004,0.099609375,0.029683832000046095
unet_uniform_only,fixed_dose,2,partial_raster,0.1,45,Particles,26.00226402282715,0.5677937757716659,26.03969383239746,0.099609375,0.03034715400008281
unet_uniform_only,fixed_dose,2,partial_raster,0.1,46,Patterned_surface,24.860124588012695,0.47212236631084903,24.810495376586914,0.099609375,0.029845411000678723
unet_uniform_only,fixed_dose,2,partial_raster,0.1,47,Porous_Sponge,20.665699005126953,0.36357868295127355,20.509740829467773,0.099609375,0.02955578000000969
unet_uniform_only,fixed_dose,2,partial_raster,0.1,48,Powder,21.67901611328125,0.3409429008061968,21.61891746520996,0.099609375,0.028590124000402284
unet_uniform_only,fixed_dose,2,partial_raster,0.1,49,Tips,17.010957717895508,0.19051887185792407,16.812671661376953,0.099609375,0.025900171000103
unet_uniform_only,fixed_dose,2,partial_raster,0.1,50,Biological,20.687793731689453,0.18846264920952494,20.674400329589844,0.099609375,0.02006073199936509
unet_uniform_only,fixed_dose,2,partial_raster,0.1,51,Fibres,22.55157470703125,0.23118494493840705,22.821979522705078,0.099609375,0.02437462299985782
unet_uniform_only,fixed_dose,2,partial_raster,0.1,52,Films_Coated_Surface,14.269304275512695,0.35961817867417534,13.934347152709961,0.099609375,0.027887422000276274
unet_uniform_only,fixed_dose,2,partial_raster,0.1,53,MEMS_devices_and_electrodes,30.261219024658203,0.8073246983738634,30.181360244750977,0.099609375,0.02841258300031768
unet_uniform_only,fixed_dose,2,partial_raster,0.1,54,Nanowires,26.265470504760742,0.5098601471984673,26.386110305786133,0.099609375,0.02978938999967795
unet_uniform_only,fixed_dose,2,partial_raster,0.1,55,Particles,22.85613250732422,0.26001658959552665,22.928070068359375,0.099609375,0.029358902999774728
unet_uniform_only,fixed_dose,2,partial_raster,0.1,56,Patterned_surface,20.34368896484375,0.4850895020536412,20.12506866455078,0.099609375,0.02385293399947841
unet_uniform_only,fixed_dose,2,partial_raster,0.1,57,Porous_Sponge,18.807260513305664,0.24926202275954318,18.652257919311523,0.099609375,0.01909806599996955
unet_uniform_only,fixed_dose,2,partial_raster,0.1,58,Powder,17.539161682128906,0.1611756290421541,17.285404205322266,0.099609375,0.027260658999693987
unet_uniform_only,fixed_dose,2,partial_raster,0.1,59,Tips,25.018482208251953,0.3484104671789338,25.318239212036133,0.099609375,0.02874105299997609
unet_uniform_only,fixed_dose,2,partial_raster,0.1,60,Biological,21.526613235473633,0.18385594924105578,21.716413497924805,0.099609375,0.02902313399954437
unet_uniform_only,fixed_dose,2,partial_raster,0.1,61,Fibres,24.974910736083984,0.35050478196770707,25.240097045898438,0.099609375,0.02936190699983854
unet_uniform_only,fixed_dose,2,partial_raster,0.1,62,Films_Coated_Surface,15.016373634338379,0.2488407198427522,14.716583251953125,0.099609375,0.027494944000864052
unet_uniform_only,fixed_dose,2,partial_raster,0.1,63,MEMS_devices_and_electrodes,20.037185668945312,0.5183606217725762,19.803598403930664,0.099609375,0.017735474999426515
unet_uniform_only,fixed_dose,2,partial_raster,0.1,64,Nanowires,35.524452209472656,0.8519595628033211,35.94111251831055,0.099609375,0.02748864400018647
unet_uniform_only,fixed_dose,2,partial_raster,0.1,65,Particles,23.532533645629883,0.24636843621950028,23.941967010498047,0.099609375,0.027653512000142655
unet_uniform_only,fixed_dose,2,partial_raster,0.1,66,Patterned_surface,17.756458282470703,0.5569188217885923,17.499126434326172,0.099609375,0.030067917999986093
unet_uniform_only,fixed_dose,2,partial_raster,0.1,67,Porous_Sponge,16.40142250061035,0.41944686161618644,16.062694549560547,0.099609375,0.02963572600037878
unet_uniform_only,fixed_dose,2,partial_raster,0.1,68,Powder,19.752222061157227,0.3879808304300004,19.58000373840332,0.099609375,0.0288391860003685
unet_uniform_only,fixed_dose,2,partial_raster,0.1,69,Tips,24.94879913330078,0.33511554343491434,25.37967300415039,0.099609375,0.026608899000166275
unet_uniform_only,fixed_dose,2,partial_raster,0.1,70,Biological,20.62017059326172,0.20586963883142526,20.595977783203125,0.099609375,0.01747041100043134
unet_uniform_only,fixed_dose,2,partial_raster,0.1,71,Fibres,23.641511917114258,0.33634987926409443,23.86075210571289,0.099609375,0.026174533000812517
unet_uniform_only,fixed_dose,2,partial_raster,0.1,72,Films_Coated_Surface,17.028539657592773,0.3268708484546315,16.78631591796875,0.099609375,0.029969902999255282
unet_uniform_only,fixed_dose,2,partial_raster,0.1,73,MEMS_devices_and_electrodes,20.97734260559082,0.4022587526966138,20.869277954101562,0.099609375,0.02971073000026081
unet_uniform_only,fixed_dose,2,partial_raster,0.1,74,Nanowires,29.90866470336914,0.5901591920488257,30.48821449279785,0.099609375,0.030143037000016193
unet_uniform_only,fixed_dose,2,partial_raster,0.1,75,Particles,25.724075317382812,0.43552874574751327,26.0523681640625,0.099609375,0.02774137000051269
unet_uniform_only,fixed_dose,2,partial_raster,0.1,76,Patterned_surface,20.36016273498535,0.6378871798389198,20.085275650024414,0.099609375,0.025819029000558658
unet_uniform_only,fixed_dose,2,partial_raster,0.1,77,Porous_Sponge,18.030298233032227,0.35901876185982196,17.79351806640625,0.099609375,0.019921242999771493
unet_uniform_only,fixed_dose,2,partial_raster,0.1,78,Powder,20.598159790039062,0.43479299755442896,20.420745849609375,0.099609375,0.025199532999977237
unet_uniform_only,fixed_dose,2,partial_raster,0.1,79,Tips,21.519105911254883,0.24298278493930475,21.65387725830078,0.099609375,0.029685594000511628
unet_uniform_only,fixed_dose,2,partial_raster,0.1,80,Biological,21.659076690673828,0.17113475933741873,21.90281105041504,0.099609375,0.02954288299952168
unet_uniform_only,fixed_dose,2,partial_raster,0.1,81,Fibres,21.89063835144043,0.19534694348139844,22.226543426513672,0.099609375,0.029778039999655448
unet_uniform_only,fixed_dose,2,partial_raster,0.1,82,Films_Coated_Surface,17.751344680786133,0.26694522715848523,17.559856414794922,0.099609375,0.028952339999705146
unet_uniform_only,fixed_dose,2,partial_raster,0.1,83,MEMS_devices_and_electrodes,19.264127731323242,0.38414537258334575,19.01240348815918,0.099609375,0.026017751999461325
unet_uniform_only,fixed_dose,2,partial_raster,0.1,84,Nanowires,30.547792434692383,0.6767544120566085,30.957294464111328,0.099609375,0.02024527699995815
unet_uniform_only,fixed_dose,2,partial_raster,0.1,85,Particles,20.383132934570312,0.3745562189828656,20.187206268310547,0.099609375,0.025932010999895283
unet_uniform_only,fixed_dose,2,partial_raster,0.1,86,Patterned_surface,22.62354850769043,0.41458529007240885,22.599365234375,0.099609375,0.028269650000765978
unet_uniform_only,fixed_dose,2,partial_raster,0.1,87,Porous_Sponge,18.954448699951172,0.30071099569188575,18.78015899658203,0.099609375,0.02949519899993902
unet_uniform_only,fixed_dose,2,partial_raster,0.1,88,Powder,23.578895568847656,0.6043428057574407,23.485069274902344,0.099609375,0.02978374500071368
unet_uniform_only,fixed_dose,2,partial_raster,0.1,89,Tips,25.177532196044922,0.3285976530524256,25.22832489013672,0.099609375,0.02851238400035072
unet_uniform_only,fixed_dose,2,partial_raster,0.1,90,Biological,21.328014373779297,0.17061186337918385,21.580007553100586,0.099609375,0.023524346000158403
unet_uniform_only,fixed_dose,2,partial_raster,0.1,91,Fibres,21.74522590637207,0.21454978452668733,22.00290298461914,0.099609375,0.01980827900024451
unet_uniform_only,fixed_dose,2,partial_raster,0.1,92,Films_Coated_Surface,19.859176635742188,0.27544908932043755,19.768091201782227,0.099609375,0.027472406999550003
unet_uniform_only,fixed_dose,2,partial_raster,0.1,93,MEMS_devices_and_electrodes,25.011226654052734,0.7376562520220216,24.835111618041992,0.099609375,0.028704635000394774
unet_uniform_only,fixed_dose,2,partial_raster,0.1,94,Nanowires,11.46737289428711,0.3757828825369422,11.075419425964355,0.099609375,0.029826498000147694
unet_uniform_only,fixed_dose,2,partial_raster,0.1,95,Particles,25.39969253540039,0.4799040083093024,25.24590301513672,0.099609375,0.029238330999760365
unet_uniform_only,fixed_dose,2,partial_raster,0.1,96,Patterned_surface,22.023365020751953,0.39745424664953977,21.871952056884766,0.099609375,0.025335674999951152
unet_uniform_only,fixed_dose,2,partial_raster,0.1,97,Porous_Sponge,21.41718292236328,0.36725467599998896,21.288013458251953,0.099609375,0.019912859000214667
unet_uniform_only,fixed_dose,2,partial_raster,0.1,98,Powder,27.620344161987305,0.6710717298152307,27.62112808227539,0.099609375,0.029894011000578757
unet_uniform_only,fixed_dose,2,partial_raster,0.1,99,Tips,26.740020751953125,0.4515262799022561,26.946735382080078,0.099609375,0.028702400999463862
unet_uniform_only,fixed_dose,2,partial_raster,0.15,0,Biological,20.774253845214844,0.26045650168882584,20.801681518554688,0.150390625,0.029258071000185737
unet_uniform_only,fixed_dose,2,partial_raster,0.15,1,Fibres,19.537796020507812,0.3553098270912358,19.37372398376465,0.150390625,0.028796276999855763
unet_uniform_only,fixed_dose,2,partial_raster,0.15,2,Films_Coated_Surface,21.459848403930664,0.275060212847712,21.449237823486328,0.150390625,0.030208325000785408
unet_uniform_only,fixed_dose,2,partial_raster,0.15,3,MEMS_devices_and_electrodes,23.051254272460938,0.2720153664725649,22.849855422973633,0.150390625,0.02389213500009646
unet_uniform_only,fixed_dose,2,partial_raster,0.15,4,Nanowires,16.842573165893555,0.47728618044038806,16.33452033996582,0.150390625,0.02106659099990793
unet_uniform_only,fixed_dose,2,partial_raster,0.15,5,Particles,16.526329040527344,0.2529135497433511,16.148998260498047,0.150390625,0.027836305999699107
unet_uniform_only,fixed_dose,2,partial_raster,0.15,6,Patterned_surface,22.129920959472656,0.3856007793333382,22.02857780456543,0.150390625,0.028825962000155414
unet_uniform_only,fixed_dose,2,partial_raster,0.15,7,Porous_Sponge,20.933143615722656,0.36637901099586223,20.866634368896484,0.150390625,0.02883490600015648
unet_uniform_only,fixed_dose,2,partial_raster,0.15,8,Powder,17.72927474975586,0.32389811055231504,17.435523986816406,0.150390625,0.029361734999838518
unet_uniform_only,fixed_dose,2,partial_raster,0.15,9,Tips,30.23797607421875,0.7601919495598177,30.50656509399414,0.150390625,0.02887839399954828
unet_uniform_only,fixed_dose,2,partial_raster,0.15,10,Biological,21.90385627746582,0.2137392751718177,22.062705993652344,0.150390625,0.02593825999974797
unet_uniform_only,fixed_dose,2,partial_raster,0.15,11,Fibres,22.979408264160156,0.3924187446557697,22.944738388061523,0.150390625,0.019094954999673064
unet_uniform_only,fixed_dose,2,partial_raster,0.15,12,Films_Coated_Surface,23.093456268310547,0.30886754497054225,23.06505012512207,0.150390625,0.023537400000350317
unet_uniform_only,fixed_dose,2,partial_raster,0.15,13,MEMS_devices_and_electrodes,24.25338363647461,0.32688202178752707,24.080852508544922,0.150390625,0.029732685999988462
unet_uniform_only,fixed_dose,2,partial_raster,0.15,14,Nanowires,12.957571983337402,0.34614990221238323,12.431310653686523,0.150390625,0.02937129699967045
unet_uniform_only,fixed_dose,2,partial_raster,0.15,15,Particles,24.327524185180664,0.2716610513130704,24.77985191345215,0.150390625,0.029819187000612146
unet_uniform_only,fixed_dose,2,partial_raster,0.15,16,Patterned_surface,18.342018127441406,0.2866066637116035,18.151330947875977,0.150390625,0.028995547999329574
unet_uniform_only,fixed_dose,2,partial_raster,0.15,17,Porous_Sponge,14.510187149047852,0.3864045633229328,14.02254581451416,0.150390625,0.02994332499929442
unet_uniform_only,fixed_dose,2,partial_raster,0.15,18,Powder,19.115575790405273,0.4252528378587374,18.920978546142578,0.150390625,0.023164585999438714
unet_uniform_only,fixed_dose,2,partial_raster,0.15,19,Tips,23.694480895996094,0.6996850483252435,23.713979721069336,0.150390625,0.019251517999691714
unet_uniform_only,fixed_dose,2,partial_raster,0.15,20,Biological,22.459718704223633,0.4660569763872593,22.41520881652832,0.150390625,0.027257493000433897
unet_uniform_only,fixed_dose,2,partial_raster,0.15,21,Fibres,18.77110481262207,0.31451098282353734,18.747404098510742,0.150390625,0.02899354900000617
unet_uniform_only,fixed_dose,2,partial_raster,0.15,22,Films_Coated_Surface,12.761387825012207,0.33931581372195463,12.242605209350586,0.150390625,0.02922470599969529
unet_uniform_only,fixed_dose,2,partial_raster,0.15,23,MEMS_devices_and_electrodes,25.109695434570312,0.37986855645066786,24.966638565063477,0.150390625,0.030333336999319727
unet_uniform_only,fixed_dose,2,partial_raster,0.15,24,Nanowires,12.390583992004395,0.19365840438128035,11.904106140136719,0.150390625,0.027839325000059034
unet_uniform_only,fixed_dose,2,partial_raster,0.15,25,Particles,29.04762077331543,0.5012017418470773,29.115650177001953,0.150390625,0.028943811999852187
unet_uniform_only,fixed_dose,2,partial_raster,0.15,26,Patterned_surface,17.038576126098633,0.2226538934917334,16.763704299926758,0.150390625,0.02365589000055479
unet_uniform_only,fixed_dose,2,partial_raster,0.15,27,Porous_Sponge,20.0342960357666,0.2352878849403861,20.023624420166016,0.150390625,0.019297776999337657
unet_uniform_only,fixed_dose,2,partial_raster,0.15,28,Powder,20.96221923828125,0.46875993322014253,20.851457595825195,0.150390625,0.027494394999848737
unet_uniform_only,fixed_dose,2,partial_raster,0.15,29,Tips,34.47843933105469,0.9199678971627201,34.90771484375,0.150390625,0.02911795899944991
unet_uniform_only,fixed_dose,2,partial_raster,0.15,30,Biological,21.14788818359375,0.19874684558351338,21.30080223083496,0.150390625,0.028774637000424264
unet_uniform_only,fixed_dose,2,partial_raster,0.15,31,Fibres,22.082902908325195,0.18602578554896995,22.411762237548828,0.150390625,0.0298073399999339
unet_uniform_only,fixed_dose,2,partial_raster,0.15,32,Films_Coated_Surface,19.23473358154297,0.17569071915935427,19.27036476135254,0.150390625,0.028082191000066814
unet_uniform_only,fixed_dose,2,partial_raster,0.15,33,MEMS_devices_and_electrodes,22.41794776916504,0.5830822662141799,22.072084426879883,0.150390625,0.021701904000110517
unet_uniform_only,fixed_dose,2,partial_raster,0.15,34,Nanowires,24.584333419799805,0.5291869241925835,24.463674545288086,0.150390625,0.02195364100043662
unet_uniform_only,fixed_dose,2,partial_raster,0.15,35,Particles,25.013370513916016,0.43486848572104353,25.25803565979004,0.150390625,0.027673744000821898
unet_uniform_only,fixed_dose,2,partial_raster,0.15,36,Patterned_surface,26.339693069458008,0.6544337422468582,26.185205459594727,0.150390625,0.029527812999731395
unet_uniform_only,fixed_dose,2,partial_raster,0.15,37,Porous_Sponge,15.660608291625977,0.4430165514573553,15.251730918884277,0.150390625,0.028878002000055858
unet_uniform_only,fixed_dose,2,partial_raster,0.15,38,Powder,19.886037826538086,0.31086332989841026,19.630537033081055,0.150390625,0.02896443299960083
unet_uniform_only,fixed_dose,2,partial_raster,0.15,39,Tips,25.74951171875,0.3610387446121687,26.06544303894043,0.150390625,0.029719667999415833
unet_uniform_only,fixed_dose,2,partial_raster,0.15,40,Biological,19.307266235351562,0.28934315832736485,19.254396438598633,0.150390625,0.02913799799989647
unet_uniform_only,fixed_dose,2,partial_raster,0.15,41,Fibres,23.497665405273438,0.42197710020798906,23.570526123046875,0.150390625,0.02594917200076452
unet_uniform_only,fixed_dose,2,partial_raster,0.15,42,Films_Coated_Surface,20.575328826904297,0.17871073002628501,20.72635269165039,0.150390625,0.01733628999954817
unet_uniform_only,fixed_dose,2,partial_raster,0.15,43,MEMS_devices_and_electrodes,20.070453643798828,0.23205758201908613,19.90540313720703,0.150390625,0.02661197799989168
unet_uniform_only,fixed_dose,2,partial_raster,0.15,44,Nanowires,21.018692016601562,0.36830450779231855,20.970115661621094,0.150390625,0.029980539999996836
unet_uniform_only,fixed_dose,2,partial_raster,0.15,45,Particles,25.170412063598633,0.4255744750929603,25.3612060546875,0.150390625,0.029841052999472595
unet_uniform_only,fixed_dose,2,partial_raster,0.15,46,Patterned_surface,23.841541290283203,0.3973986672655376,23.842426300048828,0.150390625,0.028825828000663023
unet_uniform_only,fixed_dose,2,partial_raster,0.15,47,Porous_Sponge,20.996997833251953,0.37759371762350125,20.874757766723633,0.150390625,0.028670372999840765
unet_uniform_only,fixed_dose,2,partial_raster,0.15,48,Powder,21.659526824951172,0.3578679293828945,21.638816833496094,0.150390625,0.028727891000016825
unet_uniform_only,fixed_dose,2,partial_raster,0.15,49,Tips,17.354827880859375,0.21940811093619314,17.146766662597656,0.150390625,0.02685025200025848
unet_uniform_only,fixed_dose,2,partial_raster,0.15,50,Biological,20.263031005859375,0.18939706587563326,20.303913116455078,0.150390625,0.017950982000002114
unet_uniform_only,fixed_dose,2,partial_raster,0.15,51,Fibres,22.182735443115234,0.22283401217901924,22.458431243896484,0.150390625,0.026182777999565587
unet_uniform_only,fixed_dose,2,partial_raster,0.15,52,Films_Coated_Surface,15.277520179748535,0.46077051207531944,14.875222206115723,0.150390625,0.029453711999849475
unet_uniform_only,fixed_dose,2,partial_raster,0.15,53,MEMS_devices_and_electrodes,29.530332565307617,0.7342779767160337,29.64531898498535,0.150390625,0.027335757999935595
unet_uniform_only,fixed_dose,2,partial_raster,0.15,54,Nanowires,26.171958923339844,0.5104522951702992,26.270797729492188,0.150390625,0.028505977999884635
unet_uniform_only,fixed_dose,2,partial_raster,0.15,55,Particles,22.990028381347656,0.2685113814842083,23.006893157958984,0.150390625,0.025585991999832913
unet_uniform_only,fixed_dose,2,partial_raster,0.15,56,Patterned_surface,21.594755172729492,0.5044087772368974,21.394006729125977,0.150390625,0.02000122499975987
unet_uniform_only,fixed_dose,2,partial_raster,0.15,57,Porous_Sponge,18.89219093322754,0.24876400265113213,18.758682250976562,0.150390625,0.023131855000428914
unet_uniform_only,fixed_dose,2,partial_raster,0.15,58,Powder,17.558273315429688,0.20430188788519496,17.26035499572754,0.150390625,0.028569228000378644
unet_uniform_only,fixed_dose,2,partial_raster,0.15,59,Tips,25.351438522338867,0.37078182391347236,25.583106994628906,0.150390625,0.028994499000873475
unet_uniform_only,fixed_dose,2,partial_raster,0.15,60,Biological,21.620086669921875,0.1904197877418509,21.75469398498535,0.150390625,0.029104127999744378
unet_uniform_only,fixed_dose,2,partial_raster,0.15,61,Fibres,24.414459228515625,0.32989045852650606,24.61686134338379,0.150390625,0.028510386000561994
unet_uniform_only,fixed_dose,2,partial_raster,0.15,62,Films_Coated_Surface,15.711137771606445,0.31981842249376286,15.3482666015625,0.150390625,0.02756083900021622
unet_uniform_only,fixed_dose,2,partial_raster,0.15,63,MEMS_devices_and_electrodes,20.633190155029297,0.5449834191141553,20.421674728393555,0.150390625,0.023598466999828815
unet_uniform_only,fixed_dose,2,partial_raster,0.15,64,Nanowires,33.779151916503906,0.7861863792573304,34.21526336669922,0.150390625,0.02076588499949139
unet_uniform_only,fixed_dose,2,partial_raster,0.15,65,Particles,23.21390151977539,0.2338753099941524,23.549392700195312,0.150390625,0.026898965999862412
unet_uniform_only,fixed_dose,2,partial_raster,0.15,66,Patterned_surface,18.257400512695312,0.6058770203407042,17.96626091003418,0.150390625,0.028382765000060317
unet_uniform_only,fixed_dose,2,partial_raster,0.15,67,Porous_Sponge,17.346492767333984,0.4880678173579109,16.935157775878906,0.150390625,0.02874640299978637
unet_uniform_only,fixed_dose,2,partial_raster,0.15,68,Powder,19.9162654876709,0.3959689629693564,19.759933471679688,0.150390625,0.025650954999946407
unet_uniform_only,fixed_dose,2,partial_raster,0.15,69,Tips,24.6658935546875,0.3161142152902663,25.0093994140625,0.150390625,0.02330185699975118
unet_uniform_only,fixed_dose,2,partial_raster,0.15,70,Biological,20.67584800720215,0.2180861703875636,20.668777465820312,0.150390625,0.019621185000687547
unet_uniform_only,fixed_dose,2,partial_raster,0.15,71,Fibres,23.93182373046875,0.35937640122320397,24.089588165283203,0.150390625,0.025157204000606725
unet_uniform_only,fixed_dose,2,partial_raster,0.15,72,Films_Coated_Surface,18.45412254333496,0.37988471788470635,18.1761531829834,0.150390625,0.02847061800002848
unet_uniform_only,fixed_dose,2,partial_raster,0.15,73,MEMS_devices_and_electrodes,21.543495178222656,0.42440695697318526,21.418231964111328,0.150390625,0.02876694399947155
unet_uniform_only,fixed_dose,2,partial_raster,0.15,74,Nanowires,30.58164405822754,0.6162593730303841,30.887300491333008,0.150390625,0.02792362000036519
unet_uniform_only,fixed_dose,2,partial_raster,0.15,75,Particles,23.766834259033203,0.31741464775148354,24.01750946044922,0.150390625,0.029157441999814182
unet_uniform_only,fixed_dose,2,partial_raster,0.15,76,Patterned_surface,21.407756805419922,0.6502474335769679,21.07181739807129,0.150390625,0.023685684999691148
unet_uniform_only,fixed_dose,2,partial_raster,0.15,77,Porous_Sponge,18.91252326965332,0.39144366905765604,18.761558532714844,0.150390625,0.02174651899986202
unet_uniform_only,fixed_dose,2,partial_raster,0.15,78,Powder,21.402385711669922,0.4751364913212407,21.28278923034668,0.150390625,0.02156535099948087
unet_uniform_only,fixed_dose,2,partial_raster,0.15,79,Tips,21.50672721862793,0.24901861410830836,21.64231300354004,0.150390625,0.022058055000343302
unet_uniform_only,fixed_dose,2,partial_raster,0.15,80,Biological,21.38787269592285,0.1681036812364899,21.614173889160156,0.150390625,0.019209215000046242
unet_uniform_only,fixed_dose,2,partial_raster,0.15,81,Fibres,21.733476638793945,0.18922114660504877,22.031232833862305,0.150390625,0.019024809999791614
unet_uniform_only,fixed_dose,2,partial_raster,0.15,82,Films_Coated_Surface,18.367870330810547,0.28438328287487713,18.204790115356445,0.150390625,0.02540002400019148
unet_uniform_only,fixed_dose,2,partial_raster,0.15,83,MEMS_devices_and_electrodes,20.370128631591797,0.4221835691379917,20.10582160949707,0.150390625,0.02891128999999637
unet_uniform_only,fixed_dose,2,partial_raster,0.15,84,Nanowires,29.256423950195312,0.5960146982406248,29.55709457397461,0.150390625,0.029953260000183946
unet_uniform_only,fixed_dose,2,partial_raster,0.15,85,Particles,21.060077667236328,0.3861001594065833,20.95188331604004,0.150390625,0.029726134999691567
unet_uniform_only,fixed_dose,2,partial_raster,0.15,86,Patterned_surface,21.859731674194336,0.39031473773618974,21.788816452026367,0.150390625,0.025550868999744125
unet_uniform_only,fixed_dose,2,partial_raster,0.15,87,Porous_Sponge,19.034164428710938,0.2954469108668252,18.901187896728516,0.150390625,0.019861259999743197
unet_uniform_only,fixed_dose,2,partial_raster,0.15,88,Powder,23.272930145263672,0.5576250601553326,23.361312866210938,0.150390625,0.023525863000031677
unet_uniform_only,fixed_dose,2,partial_raster,0.15,89,Tips,24.0670223236084,0.2902628655059503,24.161575317382812,0.150390625,0.029293479999978445
unet_uniform_only,fixed_dose,2,partial_raster,0.15,90,Biological,21.071767807006836,0.16529273515344783,21.3115234375,0.150390625,0.0277510190007888
unet_uniform_only,fixed_dose,2,partial_raster,0.15,91,Fibres,21.45748519897461,0.2127430033028886,21.670745849609375,0.150390625,0.029949975999443268
unet_uniform_only,fixed_dose,2,partial_raster,0.15,92,Films_Coated_Surface,19.906707763671875,0.28850232562983774,19.886619567871094,0.150390625,0.029663277999134152
unet_uniform_only,fixed_dose,2,partial_raster,0.15,93,MEMS_devices_and_electrodes,25.76881217956543,0.7383860605799853,25.68387222290039,0.150390625,0.026584874999571184
unet_uniform_only,fixed_dose,2,partial_raster,0.15,94,Nanowires,12.90380573272705,0.5034674520697981,12.38201904296875,0.150390625,0.019465473999844107
unet_uniform_only,fixed_dose,2,partial_raster,0.15,95,Particles,26.025177001953125,0.5022809770932817,25.758094787597656,0.150390625,0.023876992999248614
unet_uniform_only,fixed_dose,2,partial_raster,0.15,96,Patterned_surface,22.781692504882812,0.43796591699242954,22.638538360595703,0.150390625,0.028895698000269476
unet_uniform_only,fixed_dose,2,partial_raster,0.15,97,Porous_Sponge,21.501873016357422,0.39902727152442685,21.51202392578125,0.150390625,0.02975130699996953
unet_uniform_only,fixed_dose,2,partial_raster,0.15,98,Powder,26.724525451660156,0.5664512149357005,26.857948303222656,0.150390625,0.02862414199989871
unet_uniform_only,fixed_dose,2,partial_raster,0.15,99,Tips,25.823143005371094,0.39199846212937245,26.002349853515625,0.150390625,0.02878984600010881
unet_uniform_only,fixed_dose,2,partial_raster,0.2,0,Biological,20.909297943115234,0.2767863896542803,20.962867736816406,0.19921875,0.021613676000015403
unet_uniform_only,fixed_dose,2,partial_raster,0.2,1,Fibres,20.152376174926758,0.40370598370362726,20.063037872314453,0.19921875,0.01897157000075822
unet_uniform_only,fixed_dose,2,partial_raster,0.2,2,Films_Coated_Surface,21.45830535888672,0.2904317688095686,21.506860733032227,0.19921875,0.02096133800023381
unet_uniform_only,fixed_dose,2,partial_raster,0.2,3,MEMS_devices_and_electrodes,23.496746063232422,0.2865348488257942,23.291942596435547,0.19921875,0.023592559000462643
unet_uniform_only,fixed_dose,2,partial_raster,0.2,4,Nanowires,17.663074493408203,0.5508965156737834,17.100828170776367,0.19921875,0.023413893999531865
unet_uniform_only,fixed_dose,2,partial_raster,0.2,5,Particles,16.728559494018555,0.28946236571855805,16.33844566345215,0.19921875,0.030277731000751373
unet_uniform_only,fixed_dose,2,partial_raster,0.2,6,Patterned_surface,22.080299377441406,0.3768665848351861,22.168216705322266,0.19921875,0.031159127000137232
unet_uniform_only,fixed_dose,2,partial_raster,0.2,7,Porous_Sponge,21.206012725830078,0.3909712606557115,21.18257713317871,0.19921875,0.0318324460004078
unet_uniform_only,fixed_dose,2,partial_raster,0.2,8,Powder,18.178138732910156,0.3458205492397397,17.879108428955078,0.19921875,0.028412875999492826
unet_uniform_only,fixed_dose,2,partial_raster,0.2,9,Tips,29.445783615112305,0.7059854017859557,29.820785522460938,0.19921875,0.029037441999207658
unet_uniform_only,fixed_dose,2,partial_raster,0.2,10,Biological,21.69975471496582,0.21729515758250637,21.905147552490234,0.19921875,0.029479739000635163
unet_uniform_only,fixed_dose,2,partial_raster,0.2,11,Fibres,23.130285263061523,0.39568597442212644,23.232812881469727,0.19921875,0.01954015299997991
unet_uniform_only,fixed_dose,2,partial_raster,0.2,12,Films_Coated_Surface,23.06816291809082,0.3207667102223899,23.081783294677734,0.19921875,0.020930925000357092
unet_uniform_only,fixed_dose,2,partial_raster,0.2,13,MEMS_devices_and_electrodes,24.960350036621094,0.339599376893215,24.77765655517578,0.19921875,0.028044949999639357
unet_uniform_only,fixed_dose,2,partial_raster,0.2,14,Nanowires,13.42681884765625,0.41907134796573203,12.805917739868164,0.19921875,0.030250299000726955
unet_uniform_only,fixed_dose,2,partial_raster,0.2,15,Particles,23.83574676513672,0.2574724766822716,24.241064071655273,0.19921875,0.029725652999331942
unet_uniform_only,fixed_dose,2,partial_raster,0.2,16,Patterned_surface,18.19916534423828,0.3053315648868037,18.11780548095703,0.19921875,0.02958546599984402
unet_uniform_only,fixed_dose,2,partial_raster,0.2,17,Porous_Sponge,15.334477424621582,0.43650525719665545,14.781620025634766,0.19921875,0.029002084000239847
unet_uniform_only,fixed_dose,2,partial_raster,0.2,18,Powder,19.578750610351562,0.4669159423303824,19.4567928314209,0.19921875,0.02339163099986763
unet_uniform_only,fixed_dose,2,partial_raster,0.2,19,Tips,23.5928897857666,0.6610162936216707,23.751001358032227,0.19921875,0.018904296000073373
unet_uniform_only,fixed_dose,2,partial_raster,0.2,20,Biological,22.364028930664062,0.4594835045498118,22.38037872314453,0.19921875,0.024914223999985552
unet_uniform_only,fixed_dose,2,partial_raster,0.2,21,Fibres,19.40114402770996,0.3714488225565932,19.48284339904785,0.19921875,0.029142667999622063
unet_uniform_only,fixed_dose,2,partial_raster,0.2,22,Films_Coated_Surface,13.381489753723145,0.41289920563378124,12.767507553100586,0.19921875,0.028002017999824602
unet_uniform_only,fixed_dose,2,partial_raster,0.2,23,MEMS_devices_and_electrodes,25.21979522705078,0.3857020600676379,25.069210052490234,0.19921875,0.03039389100013068
unet_uniform_only,fixed_dose,2,partial_raster,0.2,24,Nanowires,12.426170349121094,0.2384210460155568,11.836116790771484,0.19921875,0.029706689999329683
unet_uniform_only,fixed_dose,2,partial_raster,0.2,25,Particles,30.67369270324707,0.580338738076146,30.655004501342773,0.19921875,0.028582819999428466
unet_uniform_only,fixed_dose,2,partial_raster,0.2,26,Patterned_surface,17.081493377685547,0.24704010084919753,16.82002830505371,0.19921875,0.02974794900001143
unet_uniform_only,fixed_dose,2,partial_raster,0.2,27,Porous_Sponge,20.073081970214844,0.24687133080160764,20.083887100219727,0.19921875,0.025072649999856367
unet_uniform_only,fixed_dose,2,partial_raster,0.2,28,Powder,21.552675247192383,0.5136718972719851,21.481124877929688,0.19921875,0.019928519999666605
unet_uniform_only,fixed_dose,2,partial_raster,0.2,29,Tips,34.867919921875,0.9237533732174587,35.350887298583984,0.19921875,0.02513186400028644
unet_uniform_only,fixed_dose,2,partial_raster,0.2,30,Biological,21.341388702392578,0.21344702769388513,21.522981643676758,0.19921875,0.028271376999327913
unet_uniform_only,fixed_dose,2,partial_raster,0.2,31,Fibres,21.809385299682617,0.17746971075554555,22.188526153564453,0.19921875,0.029129739999916637
unet_uniform_only,fixed_dose,2,partial_raster,0.2,32,Films_Coated_Surface,18.78529167175293,0.1939991578218229,18.967321395874023,0.19921875,0.029051223999886133
unet_uniform_only,fixed_dose,2,partial_raster,0.2,33,MEMS_devices_and_electrodes,23.16703987121582,0.5962314363567912,22.758180618286133,0.19921875,0.029078733999995166
unet_uniform_only,fixed_dose,2,partial_raster,0.2,34,Nanowires,24.848735809326172,0.5559972371090728,24.779647827148438,0.19921875,0.028340718999970704
unet_uniform_only,fixed_dose,2,partial_raster,0.2,35,Particles,25.438241958618164,0.4699951325331861,25.66107749938965,0.19921875,0.026294678999875032
unet_uniform_only,fixed_dose,2,partial_raster,0.2,36,Patterned_surface,27.987821578979492,0.764670642318397,27.635251998901367,0.19921875,0.017559990999870934
unet_uniform_only,fixed_dose,2,partial_raster,0.2,37,Porous_Sponge,16.12587547302246,0.47360210643147904,15.67062759399414,0.19921875,0.025103382000452257
unet_uniform_only,fixed_dose,2,partial_raster,0.2,38,Powder,20.341182708740234,0.33472135099309297,20.08685874938965,0.19921875,0.02945548299976508
unet_uniform_only,fixed_dose,2,partial_raster,0.2,39,Tips,25.977506637573242,0.3773533130790054,26.289159774780273,0.19921875,0.03031446099976165
unet_uniform_only,fixed_dose,2,partial_raster,0.2,40,Biological,19.03408432006836,0.2914555382726995,19.13031768798828,0.19921875,0.02896755599977041
unet_uniform_only,fixed_dose,2,partial_raster,0.2,41,Fibres,23.605491638183594,0.439984142453893,23.70831298828125,0.19921875,0.0298326559995985
unet_uniform_only,fixed_dose,2,partial_raster,0.2,42,Films_Coated_Surface,20.318696975708008,0.17677490134102958,20.516918182373047,0.19921875,0.02998434500022995
unet_uniform_only,fixed_dose,2,partial_raster,0.2,43,MEMS_devices_and_electrodes,20.108070373535156,0.25034023419871826,20.059852600097656,0.19921875,0.027939065999817103
unet_uniform_only,fixed_dose,2,partial_raster,0.2,44,Nanowires,21.590444564819336,0.3851132053008123,21.54493522644043,0.19921875,0.027816839000479376
unet_uniform_only,fixed_dose,2,partial_raster,0.2,45,Particles,24.791767120361328,0.40718505282342665,25.166656494140625,0.19921875,0.02158327500001178
unet_uniform_only,fixed_dose,2,partial_raster,0.2,46,Patterned_surface,23.33871841430664,0.37057391834641745,23.43309783935547,0.19921875,0.021959313000479597
unet_uniform_only,fixed_dose,2,partial_raster,0.2,47,Porous_Sponge,21.045549392700195,0.38956447713484993,21.089664459228516,0.19921875,0.027129977999720722
unet_uniform_only,fixed_dose,2,partial_raster,0.2,48,Powder,21.56894874572754,0.36314321075186484,21.628406524658203,0.19921875,0.028417939000064507
unet_uniform_only,fixed_dose,2,partial_raster,0.2,49,Tips,17.43636131286621,0.2418712739139589,17.2403621673584,0.19921875,0.028903530999741633
unet_uniform_only,fixed_dose,2,partial_raster,0.2,50,Biological,20.307619094848633,0.2007709059463942,20.3935604095459,0.19921875,0.029860392999580654
unet_uniform_only,fixed_dose,2,partial_raster,0.2,51,Fibres,21.766250610351562,0.208829789139397,22.093523025512695,0.19921875,0.029442301000017324
unet_uniform_only,fixed_dose,2,partial_raster,0.2,52,Films_Coated_Surface,16.0931396484375,0.5258475780573927,15.701155662536621,0.19921875,0.02922400499937794
unet_uniform_only,fixed_dose,2,partial_raster,0.2,53,MEMS_devices_and_electrodes,30.537927627563477,0.7534463656418653,30.683242797851562,0.19921875,0.026151029000175186
unet_uniform_only,fixed_dose,2,partial_raster,0.2,54,Nanowires,26.035247802734375,0.4942083417065041,26.26502799987793,0.19921875,0.019213004000448564
unet_uniform_only,fixed_dose,2,partial_raster,0.2,55,Particles,23.342632293701172,0.29036869150415556,23.373577117919922,0.19921875,0.021725227999922936
unet_uniform_only,fixed_dose,2,partial_raster,0.2,56,Patterned_surface,22.0803279876709,0.5184082185226461,21.927490234375,0.19921875,0.02795795400015777
unet_uniform_only,fixed_dose,2,partial_raster,0.2,57,Porous_Sponge,18.895097732543945,0.2531615784865511,18.83647346496582,0.19921875,0.02772812300008809
unet_uniform_only,fixed_dose,2,partial_raster,0.2,58,Powder,17.547151565551758,0.23258277946375186,17.234058380126953,0.19921875,0.02757396700053505
unet_uniform_only,fixed_dose,2,partial_raster,0.2,59,Tips,24.48979377746582,0.32524687737231694,24.808807373046875,0.19921875,0.030184285000359523
unet_uniform_only,fixed_dose,2,partial_raster,0.2,60,Biological,20.72085189819336,0.1670726551515956,20.97641372680664,0.19921875,0.027551346000109334
unet_uniform_only,fixed_dose,2,partial_raster,0.2,61,Fibres,24.339933395385742,0.3257861784493093,24.5950927734375,0.19921875,0.023288694999791915
unet_uniform_only,fixed_dose,2,partial_raster,0.2,62,Films_Coated_Surface,16.340312957763672,0.36410630950607914,15.986276626586914,0.19921875,0.01900991900038207
unet_uniform_only,fixed_dose,2,partial_raster,0.2,63,MEMS_devices_and_electrodes,20.80942153930664,0.5485948159971011,20.649690628051758,0.19921875,0.026139276000321843
unet_uniform_only,fixed_dose,2,partial_raster,0.2,64,Nanowires,32.5871696472168,0.7498586926214998,33.11783218383789,0.19921875,0.028019942000355513
unet_uniform_only,fixed_dose,2,partial_raster,0.2,65,Particles,22.347383499145508,0.1959600875251326,22.773658752441406,0.19921875,0.028873848000330327
unet_uniform_only,fixed_dose,2,partial_raster,0.2,66,Patterned_surface,18.760358810424805,0.6457887964664807,18.55565643310547,0.19921875,0.029792776000249432
unet_uniform_only,fixed_dose,2,partial_raster,0.2,67,Porous_Sponge,18.019302368164062,0.5303952713560617,17.57511329650879,0.19921875,0.028193029999783903
unet_uniform_only,fixed_dose,2,partial_raster,0.2,68,Powder,20.628360748291016,0.4379338115233526,20.45648193359375,0.19921875,0.02597590000004857
unet_uniform_only,fixed_dose,2,partial_raster,0.2,69,Tips,24.50019073486328,0.3142989794663644,24.847070693969727,0.19921875,0.020139049000135856
unet_uniform_only,fixed_dose,2,partial_raster,0.2,70,Biological,20.13815689086914,0.2260886647335888,20.220237731933594,0.19921875,0.02325969299999997
unet_uniform_only,fixed_dose,2,partial_raster,0.2,71,Fibres,23.738157272338867,0.3542317173406785,24.01322364807129,0.19921875,0.029501467000045523
unet_uniform_only,fixed_dose,2,partial_raster,0.2,72,Films_Coated_Surface,19.21516227722168,0.4053919242415054,18.99054718017578,0.19921875,0.02873134600031335
unet_uniform_only,fixed_dose,2,partial_raster,0.2,73,MEMS_devices_and_electrodes,21.090538024902344,0.35106607073874263,21.083702087402344,0.19921875,0.02727109300030861
unet_uniform_only,fixed_dose,2,partial_raster,0.2,74,Nanowires,30.41506004333496,0.613631529811184,30.71872329711914,0.19921875,0.029436581000481965
unet_uniform_only,fixed_dose,2,partial_raster,0.2,75,Particles,23.406064987182617,0.3029040164834666,23.732006072998047,0.19921875,0.02995304700016277
unet_uniform_only,fixed_dose,2,partial_raster,0.2,76,Patterned_surface,22.364444732666016,0.655724092703959,22.09896469116211,0.19921875,0.0213646920001338
unet_uniform_only,fixed_dose,2,partial_raster,0.2,77,Porous_Sponge,18.95982551574707,0.3947175025467311,18.97443962097168,0.19921875,0.02194602399958967
unet_uniform_only,fixed_dose,2,partial_raster,0.2,78,Powder,21.689502716064453,0.4937677414185609,21.614490509033203,0.19921875,0.029452318000039668
unet_uniform_only,fixed_dose,2,partial_raster,0.2,79,Tips,21.634288787841797,0.2518557422430509,21.80082130432129,0.19921875,0.02979725800014421
unet_uniform_only,fixed_dose,2,partial_raster,0.2,80,Biological,20.95669937133789,0.15701342890996065,21.2448787689209,0.19921875,0.027452453000478272
unet_uniform_only,fixed_dose,2,partial_raster,0.2,81,Fibres,21.1326904296875,0.17311094705732152,21.48280906677246,0.19921875,0.030012334000275587
unet_uniform_only,fixed_dose,2,partial_raster,0.2,82,Films_Coated_Surface,18.703067779541016,0.2969548066064839,18.625324249267578,0.19921875,0.02766496499953064
unet_uniform_only,fixed_dose,2,partial_raster,0.2,83,MEMS_devices_and_electrodes,21.064006805419922,0.44939946619713705,20.862590789794922,0.19921875,0.02902794300007372
unet_uniform_only,fixed_dose,2,partial_raster,0.2,84,Nanowires,30.243019104003906,0.6564273663746524,30.694568634033203,0.19921875,0.026461004999873694
unet_uniform_only,fixed_dose,2,partial_raster,0.2,85,Particles,22.079830169677734,0.4427055958914664,22.01542854309082,0.19921875,0.020172762000584044
unet_uniform_only,fixed_dose,2,partial_raster,0.2,86,Patterned_surface,23.064973831176758,0.4322206499840746,23.27887725830078,0.19921875,0.023266211000191106
unet_uniform_only,fixed_dose,2,partial_raster,0.2,87,Porous_Sponge,19.377653121948242,0.3138572819156259,19.286808013916016,0.19921875,0.03022828400025901
unet_uniform_only,fixed_dose,2,partial_raster,0.2,88,Powder,23.469558715820312,0.5775900230850621,23.561391830444336,0.19921875,0.02786000500054797
unet_uniform_only,fixed_dose,2,partial_raster,0.2,89,Tips,24.262981414794922,0.3006366728194631,24.35818862915039,0.19921875,0.02762112199980038
unet_uniform_only,fixed_dose,2,partial_raster,0.2,90,Biological,20.507469177246094,0.15456958810696436,20.81822967529297,0.19921875,0.030143580999720143
unet_uniform_only,fixed_dose,2,partial_raster,0.2,91,Fibres,21.09638214111328,0.2066951746962434,21.371646881103516,0.19921875,0.028870529999949213
unet_uniform_only,fixed_dose,2,partial_raster,0.2,92,Films_Coated_Surface,19.855844497680664,0.3046629228517993,19.922422409057617,0.19921875,0.02600182300011511
unet_uniform_only,fixed_dose,2,partial_raster,0.2,93,MEMS_devices_and_electrodes,26.316513061523438,0.7457519009230947,26.325462341308594,0.19921875,0.01973468999949546
unet_uniform_only,fixed_dose,2,partial_raster,0.2,94,Nanowires,13.777477264404297,0.5713797659943085,13.146157264709473,0.19921875,0.022510443000101077
unet_uniform_only,fixed_dose,2,partial_raster,0.2,95,Particles,26.613672256469727,0.5268928850433013,26.238510131835938,0.19921875,0.027399314999456692
unet_uniform_only,fixed_dose,2,partial_raster,0.2,96,Patterned_surface,22.978748321533203,0.4539781044477724,22.880172729492188,0.19921875,0.0294973440004469
unet_uniform_only,fixed_dose,2,partial_raster,0.2,97,Porous_Sponge,21.423311233520508,0.4027159707058781,21.574905395507812,0.19921875,0.029126843999620178
unet_uniform_only,fixed_dose,2,partial_raster,0.2,98,Powder,26.30860137939453,0.5468516727956829,26.491683959960938,0.19921875,0.028847524000411795
unet_uniform_only,fixed_dose,2,partial_raster,0.2,99,Tips,25.258140563964844,0.3699682756054839,25.446779251098633,0.19921875,0.029359064000345825
unet_uniform_only,fixed_dose,2,partial_raster,0.3,0,Biological,21.660907745361328,0.32551455687721076,21.85688018798828,0.30078125,0.023569541999677313
unet_uniform_only,fixed_dose,2,partial_raster,0.3,1,Fibres,20.955032348632812,0.4680059609159117,20.963342666625977,0.30078125,0.020011384999634174
unet_uniform_only,fixed_dose,2,partial_raster,0.3,2,Films_Coated_Surface,22.38829803466797,0.34673899891501647,22.478736877441406,0.30078125,0.019692286999998032
unet_uniform_only,fixed_dose,2,partial_raster,0.3,3,MEMS_devices_and_electrodes,24.383508682250977,0.319793083415102,24.227489471435547,0.30078125,0.026868350999393442
unet_uniform_only,fixed_dose,2,partial_raster,0.3,4,Nanowires,18.68048858642578,0.6294844795984492,18.119413375854492,0.30078125,0.02971967899975425
unet_uniform_only,fixed_dose,2,partial_raster,0.3,5,Particles,17.385374069213867,0.34833923308683246,17.026926040649414,0.30078125,0.028794350000680424
unet_uniform_only,fixed_dose,2,partial_raster,0.3,6,Patterned_surface,22.901708602905273,0.42938999781124165,23.175376892089844,0.30078125,0.02969127699998353
unet_uniform_only,fixed_dose,2,partial_raster,0.3,7,Porous_Sponge,21.896286010742188,0.4375774620591974,21.987014770507812,0.30078125,0.029888274999393616
unet_uniform_only,fixed_dose,2,partial_raster,0.3,8,Powder,18.522472381591797,0.3581034550662139,18.214879989624023,0.30078125,0.02819081399957213
unet_uniform_only,fixed_dose,2,partial_raster,0.3,9,Tips,32.02927780151367,0.8939104985329245,32.00782775878906,0.30078125,0.029981887000758434
unet_uniform_only,fixed_dose,2,partial_raster,0.3,10,Biological,22.436168670654297,0.25469785665720956,22.898204803466797,0.30078125,0.027545648000341316
unet_uniform_only,fixed_dose,2,partial_raster,0.3,11,Fibres,24.627687454223633,0.500215588909648,24.84717559814453,0.30078125,0.024350192999918363
unet_uniform_only,fixed_dose,2,partial_raster,0.3,12,Films_Coated_Surface,23.05293083190918,0.3402124891502831,23.339197158813477,0.30078125,0.02029392700023891
unet_uniform_only,fixed_dose,2,partial_raster,0.3,13,MEMS_devices_and_electrodes,25.188274383544922,0.3575077421907796,25.023183822631836,0.30078125,0.022324538999782817
unet_uniform_only,fixed_dose,2,partial_raster,0.3,14,Nanowires,14.236984252929688,0.5219484147800274,13.479564666748047,0.30078125,0.02700810999976966
unet_uniform_only,fixed_dose,2,partial_raster,0.3,15,Particles,24.25515365600586,0.2605982707688801,25.124740600585938,0.30078125,0.028945658999873558
unet_uniform_only,fixed_dose,2,partial_raster,0.3,16,Patterned_surface,18.89016342163086,0.3607492463559241,18.979150772094727,0.30078125,0.028381477000039013
unet_uniform_only,fixed_dose,2,partial_raster,0.3,17,Porous_Sponge,16.7950439453125,0.5143469990777416,16.18695068359375,0.30078125,0.028817554000852397
unet_uniform_only,fixed_dose,2,partial_raster,0.3,18,Powder,20.14858055114746,0.49744151169705764,20.080829620361328,0.30078125,0.02887347899923043
unet_uniform_only,fixed_dose,2,partial_raster,0.3,19,Tips,23.87389373779297,0.7221594997616742,24.049236297607422,0.30078125,0.026088753000294673
unet_uniform_only,fixed_dose,2,partial_raster,0.3,20,Biological,23.930418014526367,0.5427013653564,23.91958236694336,0.30078125,0.02152013400063879
unet_uniform_only,fixed_dose,2,partial_raster,0.3,21,Fibres,20.269968032836914,0.449690715237308,20.500791549682617,0.30078125,0.019851932000165107
unet_uniform_only,fixed_dose,2,partial_raster,0.3,22,Films_Coated_Surface,14.514069557189941,0.5046579849335837,13.858572006225586,0.30078125,0.02601388700077223
unet_uniform_only,fixed_dose,2,partial_raster,0.3,23,MEMS_devices_and_electrodes,25.551738739013672,0.3898069713554261,25.40350341796875,0.30078125,0.028888007000205107
unet_uniform_only,fixed_dose,2,partial_raster,0.3,24,Nanowires,13.003931045532227,0.2961075730154335,12.201080322265625,0.30078125,0.028777403000276536
unet_uniform_only,fixed_dose,2,partial_raster,0.3,25,Particles,31.499435424804688,0.6185866504831425,31.49002456665039,0.30078125,0.028320954000264464
unet_uniform_only,fixed_dose,2,partial_raster,0.3,26,Patterned_surface,17.55738639831543,0.29703094140264,17.424274444580078,0.30078125,0.029168800000661577
unet_uniform_only,fixed_dose,2,partial_raster,0.3,27,Porous_Sponge,20.70707130432129,0.27071157020890513,21.03463363647461,0.30078125,0.029783980000502197
unet_uniform_only,fixed_dose,2,partial_raster,0.3,28,Powder,22.145116806030273,0.5524955987463743,22.14788055419922,0.30078125,0.027667776999805938
unet_uniform_only,fixed_dose,2,partial_raster,0.3,29,Tips,35.09381866455078,0.9218969581756975,35.54103469848633,0.30078125,0.02162331100043957
unet_uniform_only,fixed_dose,2,partial_raster,0.3,30,Biological,21.90149688720703,0.2378778744453452,22.218799591064453,0.30078125,0.01940312399983668
unet_uniform_only,fixed_dose,2,partial_raster,0.3,31,Fibres,22.0835018157959,0.18279744577993878,22.737003326416016,0.30078125,0.026434504000462766
unet_uniform_only,fixed_dose,2,partial_raster,0.3,32,Films_Coated_Surface,18.658967971801758,0.21569453774177133,19.24775505065918,0.30078125,0.028631850999772723
unet_uniform_only,fixed_dose,2,partial_raster,0.3,33,MEMS_devices_and_electrodes,24.3227481842041,0.6182387457693674,23.85532569885254,0.30078125,0.029996148000464018
unet_uniform_only,fixed_dose,2,partial_raster,0.3,34,Nanowires,25.836162567138672,0.630088314776167,25.806060791015625,0.30078125,0.02903553499982081
unet_uniform_only,fixed_dose,2,partial_raster,0.3,35,Particles,28.0782470703125,0.6358659372628346,28.553712844848633,0.30078125,0.030082459000368544
unet_uniform_only,fixed_dose,2,partial_raster,0.3,36,Patterned_surface,28.66586685180664,0.7943076864724051,28.183258056640625,0.30078125,0.02773649399932765
unet_uniform_only,fixed_dose,2,partial_raster,0.3,37,Porous_Sponge,16.758907318115234,0.4908750076696677,16.293319702148438,0.30078125,0.028630506999434147
unet_uniform_only,fixed_dose,2,partial_raster,0.3,38,Powder,20.913776397705078,0.3722773656410044,20.68599510192871,0.30078125,0.024134117000357946
unet_uniform_only,fixed_dose,2,partial_raster,0.3,39,Tips,28.842063903808594,0.5615781496780898,29.19976806640625,0.30078125,0.01900199200008501
unet_uniform_only,fixed_dose,2,partial_raster,0.3,40,Biological,19.95487403869629,0.34339659966052766,20.1893310546875,0.30078125,0.02574457899936533
unet_uniform_only,fixed_dose,2,partial_raster,0.3,41,Fibres,25.53043556213379,0.5779285536171498,25.713321685791016,0.30078125,0.02742063700043218
unet_uniform_only,fixed_dose,2,partial_raster,0.3,42,Films_Coated_Surface,21.11086654663086,0.2138783236222614,21.476341247558594,0.30078125,0.02929427199978818
unet_uniform_only,fixed_dose,2,partial_raster,0.3,43,MEMS_devices_and_electrodes,20.89029312133789,0.290200966175056,21.18985939025879,0.30078125,0.02733833699949173
unet_uniform_only,fixed_dose,2,partial_raster,0.3,44,Nanowires,22.34035873413086,0.40630923950789244,22.3439998626709,0.30078125,0.02889708599923324
unet_uniform_only,fixed_dose,2,partial_raster,0.3,45,Particles,30.22352409362793,0.7472389027410734,30.6131534576416,0.30078125,0.028849232000538905
unet_uniform_only,fixed_dose,2,partial_raster,0.3,46,Patterned_surface,25.119186401367188,0.5007153267502236,25.151660919189453,0.30078125,0.02769254600025306
unet_uniform_only,fixed_dose,2,partial_raster,0.3,47,Porous_Sponge,21.27618980407715,0.413149405657525,21.677635192871094,0.30078125,0.021584976000667666
unet_uniform_only,fixed_dose,2,partial_raster,0.3,48,Powder,22.318042755126953,0.4083455640020733,22.47463035583496,0.30078125,0.01961948600001051
unet_uniform_only,fixed_dose,2,partial_raster,0.3,49,Tips,17.74335289001465,0.2638299802501931,17.57433319091797,0.30078125,0.026133461999961582
unet_uniform_only,fixed_dose,2,partial_raster,0.3,50,Biological,20.725067138671875,0.23951452573208806,21.03367805480957,0.30078125,0.02933615500023734
unet_uniform_only,fixed_dose,2,partial_raster,0.3,51,Fibres,24.03411865234375,0.31684848188158654,24.438283920288086,0.30078125,0.029075040000861918
unet_uniform_only,fixed_dose,2,partial_raster,0.3,52,Films_Coated_Surface,17.155441284179688,0.59933353619774,16.820877075195312,0.30078125,0.029012717999648885
unet_uniform_only,fixed_dose,2,partial_raster,0.3,53,MEMS_devices_and_electrodes,32.346683502197266,0.8411801932655617,32.2598762512207,0.30078125,0.030145519999678072
unet_uniform_only,fixed_dose,2,partial_raster,0.3,54,Nanowires,28.100601196289062,0.6405999259495422,28.165359497070312,0.30078125,0.028701003999231034
unet_uniform_only,fixed_dose,2,partial_raster,0.3,55,Particles,23.200336456298828,0.292854577216058,23.571584701538086,0.30078125,0.029023121000136598
unet_uniform_only,fixed_dose,2,partial_raster,0.3,56,Patterned_surface,22.75144386291504,0.535320987264479,22.638587951660156,0.30078125,0.023761039999953937
unet_uniform_only,fixed_dose,2,partial_raster,0.3,57,Porous_Sponge,19.53143882751465,0.2934272060492353,19.675386428833008,0.30078125,0.019077097000263166
unet_uniform_only,fixed_dose,2,partial_raster,0.3,58,Powder,17.733402252197266,0.2915392022066468,17.51301383972168,0.30078125,0.025024609999491076
unet_uniform_only,fixed_dose,2,partial_raster,0.3,59,Tips,25.562339782714844,0.3845478293092688,26.1710147857666,0.30078125,0.02934459100015374
unet_uniform_only,fixed_dose,2,partial_raster,0.3,60,Biological,21.61546516418457,0.1979006306837483,22.104766845703125,0.30078125,0.029371353999522398
unet_uniform_only,fixed_dose,2,partial_raster,0.3,61,Fibres,26.146345138549805,0.4377408572084223,26.46735382080078,0.30078125,0.02963853500023106
unet_uniform_only,fixed_dose,2,partial_raster,0.3,62,Films_Coated_Surface,17.295528411865234,0.4194888155073386,16.90565299987793,0.30078125,0.029011309999987134
unet_uniform_only,fixed_dose,2,partial_raster,0.3,63,MEMS_devices_and_electrodes,21.598926544189453,0.5795896289106104,21.517269134521484,0.30078125,0.02882421600043017
unet_uniform_only,fixed_dose,2,partial_raster,0.3,64,Nanowires,37.06404495239258,0.8931310877302182,37.370086669921875,0.30078125,0.028715010000269103
unet_uniform_only,fixed_dose,2,partial_raster,0.3,65,Particles,23.265378952026367,0.23016973631479606,24.013460159301758,0.30078125,0.025586800999917614
unet_uniform_only,fixed_dose,2,partial_raster,0.3,66,Patterned_surface,18.688013076782227,0.6328388200283277,18.370040893554688,0.30078125,0.016734069999984058
unet_uniform_only,fixed_dose,2,partial_raster,0.3,67,Porous_Sponge,18.816791534423828,0.5680016394130549,18.317014694213867,0.30078125,0.025118132999523368
unet_uniform_only,fixed_dose,2,partial_raster,0.3,68,Powder,21.57876968383789,0.4903489251219671,21.393131256103516,0.30078125,0.029373785000643693
unet_uniform_only,fixed_dose,2,partial_raster,0.3,69,Tips,25.729145050048828,0.37134841649861317,26.627161026000977,0.30078125,0.028773130000445235
unet_uniform_only,fixed_dose,2,partial_raster,0.3,70,Biological,20.732074737548828,0.26273518375986366,20.989959716796875,0.30078125,0.029346839000027103
unet_uniform_only,fixed_dose,2,partial_raster,0.3,71,Fibres,25.333356857299805,0.46341131437326266,25.683116912841797,0.30078125,0.0299531950004166
unet_uniform_only,fixed_dose,2,partial_raster,0.3,72,Films_Coated_Surface,20.939395904541016,0.499892856043628,20.745012283325195,0.30078125,0.02882983699964825
unet_uniform_only,fixed_dose,2,partial_raster,0.3,73,MEMS_devices_and_electrodes,22.87419319152832,0.5329515291108521,22.866628646850586,0.30078125,0.023791586000697862
unet_uniform_only,fixed_dose,2,partial_raster,0.3,74,Nanowires,33.95042419433594,0.7981049732802121,34.13580322265625,0.30078125,0.01642081699992559
unet_uniform_only,fixed_dose,2,partial_raster,0.3,75,Particles,28.003406524658203,0.5846306327566849,28.519765853881836,0.30078125,0.029801125999256328
unet_uniform_only,fixed_dose,2,partial_raster,0.3,76,Patterned_surface,22.910404205322266,0.6700165561766556,22.589807510375977,0.30078125,0.02712149200033309
unet_uniform_only,fixed_dose,2,partial_raster,0.3,77,Porous_Sponge,20.89024543762207,0.4700845613541049,20.8543701171875,0.30078125,0.029245624999930442
unet_uniform_only,fixed_dose,2,partial_raster,0.3,78,Powder,22.18092155456543,0.5274824195230385,22.1613712310791,0.30078125,0.028816936000112037
unet_uniform_only,fixed_dose,2,partial_raster,0.3,79,Tips,22.03477668762207,0.26386772812226206,22.571060180664062,0.30078125,0.029318103000150586
unet_uniform_only,fixed_dose,2,partial_raster,0.3,80,Biological,21.06354522705078,0.16097830421015194,21.66083526611328,0.30078125,0.027550185000109195
unet_uniform_only,fixed_dose,2,partial_raster,0.3,81,Fibres,23.018985748291016,0.24850028626734247,23.395261764526367,0.30078125,0.026438107000103628
unet_uniform_only,fixed_dose,2,partial_raster,0.3,82,Films_Coated_Surface,20.024986267089844,0.3710855947824161,20.083810806274414,0.30078125,0.026233805000629218
unet_uniform_only,fixed_dose,2,partial_raster,0.3,83,MEMS_devices_and_electrodes,21.599700927734375,0.46709244810893924,21.327617645263672,0.30078125,0.021567986000263772
unet_uniform_only,fixed_dose,2,partial_raster,0.3,84,Nanowires,34.64714813232422,0.8968420791294189,34.92191696166992,0.30078125,0.019309224000608083
unet_uniform_only,fixed_dose,2,partial_raster,0.3,85,Particles,22.97748565673828,0.482062822018592,22.950593948364258,0.30078125,0.027034314000047743
unet_uniform_only,fixed_dose,2,partial_raster,0.3,86,Patterned_surface,26.25208854675293,0.688568024464621,25.629215240478516,0.30078125,0.027681580000717076
unet_uniform_only,fixed_dose,2,partial_raster,0.3,87,Porous_Sponge,20.694290161132812,0.3940192140489717,20.65618133544922,0.30078125,0.029668071999367385
unet_uniform_only,fixed_dose,2,partial_raster,0.3,88,Powder,24.343366622924805,0.6445302673213409,24.38968849182129,0.30078125,0.028786394000235305
unet_uniform_only,fixed_dose,2,partial_raster,0.3,89,Tips,26.572351455688477,0.4055873312462857,26.574447631835938,0.30078125,0.027933612000197172
unet_uniform_only,fixed_dose,2,partial_raster,0.3,90,Biological,21.364818572998047,0.18109648256518548,21.895923614501953,0.30078125,0.02876707199993689
unet_uniform_only,fixed_dose,2,partial_raster,0.3,91,Fibres,22.38571548461914,0.25836151700110455,22.840726852416992,0.30078125,0.02598935599962715
unet_uniform_only,fixed_dose,2,partial_raster,0.3,92,Films_Coated_Surface,20.468961715698242,0.3557254160784318,20.681747436523438,0.30078125,0.02142316400022537
unet_uniform_only,fixed_dose,2,partial_raster,0.3,93,MEMS_devices_and_electrodes,27.088993072509766,0.7673719497807356,27.125455856323242,0.30078125,0.021156607000193617
unet_uniform_only,fixed_dose,2,partial_raster,0.3,94,Nanowires,15.16606330871582,0.6540073769593137,14.47265625,0.30078125,0.02890250600012223
unet_uniform_only,fixed_dose,2,partial_raster,0.3,95,Particles,27.04513931274414,0.5421154187466729,26.519668579101562,0.30078125,0.029502301000320585
unet_uniform_only,fixed_dose,2,partial_raster,0.3,96,Patterned_surface,23.769895553588867,0.49053557800819186,23.679447174072266,0.30078125,0.027225066000028164
unet_uniform_only,fixed_dose,2,partial_raster,0.3,97,Porous_Sponge,21.978723526000977,0.4503936375795998,22.363353729248047,0.30078125,0.029122205000021495
unet_uniform_only,fixed_dose,2,partial_raster,0.3,98,Powder,28.191383361816406,0.7086682953175151,28.313743591308594,0.30078125,0.029685325999707857
unet_uniform_only,fixed_dose,2,partial_raster,0.3,99,Tips,28.994359970092773,0.5969808192884328,29.124696731567383,0.30078125,0.0288980850000371
unet_uniform_only,fixed_dose,2,line_hop,0.05,0,Biological,21.899513244628906,0.27000780305889205,21.89499282836914,0.14412811387900357,0.020740881000165245
unet_uniform_only,fixed_dose,2,line_hop,0.05,1,Fibres,19.34064292907715,0.31424125202743225,19.193065643310547,0.14412811387900357,0.028983031999814557
unet_uniform_only,fixed_dose,2,line_hop,0.05,2,Films_Coated_Surface,22.49559783935547,0.33962847551555003,22.381847381591797,0.14412811387900357,0.02861752799981332
unet_uniform_only,fixed_dose,2,line_hop,0.05,3,MEMS_devices_and_electrodes,22.49628448486328,0.2714859081282232,22.35004234313965,0.14412811387900357,0.029974858000059612
unet_uniform_only,fixed_dose,2,line_hop,0.05,4,Nanowires,15.109661102294922,0.22995593715837373,14.9037504196167,0.14412811387900357,0.02134711199960293
unet_uniform_only,fixed_dose,2,line_hop,0.05,5,Particles,16.635509490966797,0.21153995379125132,16.472726821899414,0.14412811387900357,0.029654754000148387
unet_uniform_only,fixed_dose,2,line_hop,0.05,6,Patterned_surface,21.193603515625,0.41097662710560445,21.043102264404297,0.14412811387900357,0.02622308499940118
unet_uniform_only,fixed_dose,2,line_hop,0.05,7,Porous_Sponge,20.759258270263672,0.3613705219099696,20.61112403869629,0.14412811387900357,0.029419186000268382
unet_uniform_only,fixed_dose,2,line_hop,0.05,8,Powder,15.822944641113281,0.20970311818042736,15.646913528442383,0.14412811387900357,0.030351922000591003
unet_uniform_only,fixed_dose,2,line_hop,0.05,9,Tips,30.19677734375,0.8908767282005965,30.123178482055664,0.14412811387900357,0.025105294000240974
unet_uniform_only,fixed_dose,2,line_hop,0.05,10,Biological,24.016420364379883,0.3021792745761648,24.363157272338867,0.14412811387900357,0.02976090199990722
unet_uniform_only,fixed_dose,2,line_hop,0.05,11,Fibres,23.35273551940918,0.5964663870555451,23.214752197265625,0.14412811387900357,0.0218495230001281
unet_uniform_only,fixed_dose,2,line_hop,0.05,12,Films_Coated_Surface,24.647645950317383,0.3698253050269317,24.604272842407227,0.14412811387900357,0.029429203999825404
unet_uniform_only,fixed_dose,2,line_hop,0.05,13,MEMS_devices_and_electrodes,24.439992904663086,0.3237004683872182,24.31870460510254,0.14412811387900357,0.029095679999954882
unet_uniform_only,fixed_dose,2,line_hop,0.05,14,Nanowires,12.28805923461914,0.14465149887788856,12.088041305541992,0.14412811387900357,0.023639706999347254
unet_uniform_only,fixed_dose,2,line_hop,0.05,15,Particles,30.70940399169922,0.6929616552766507,33.49114990234375,0.14412811387900357,0.02958895499978098
unet_uniform_only,fixed_dose,2,line_hop,0.05,16,Patterned_surface,18.785198211669922,0.32655138355751306,18.670425415039062,0.14412811387900357,0.02049666899984004
unet_uniform_only,fixed_dose,2,line_hop,0.05,17,Porous_Sponge,12.432831764221191,0.2164571853970799,12.231807708740234,0.14412811387900357,0.02853117500035296
unet_uniform_only,fixed_dose,2,line_hop,0.05,18,Powder,17.507293701171875,0.31912144233375256,17.333904266357422,0.14412811387900357,0.022736217999408836
unet_uniform_only,fixed_dose,2,line_hop,0.05,19,Tips,23.669479370117188,0.7375160651233313,23.557737350463867,0.14412811387900357,0.029112331000760605
unet_uniform_only,fixed_dose,2,line_hop,0.05,20,Biological,20.051990509033203,0.5033913332153427,19.899166107177734,0.14412811387900357,0.025512220000564412
unet_uniform_only,fixed_dose,2,line_hop,0.05,21,Fibres,19.19094467163086,0.306000312448789,19.065471649169922,0.14412811387900357,0.029186085000219464
unet_uniform_only,fixed_dose,2,line_hop,0.05,22,Films_Coated_Surface,11.998645782470703,0.17494054862307673,11.802743911743164,0.14412811387900357,0.02045875600015279
unet_uniform_only,fixed_dose,2,line_hop,0.05,23,MEMS_devices_and_electrodes,23.84498405456543,0.35762689611166937,23.723419189453125,0.14412811387900357,0.03020828500029893
unet_uniform_only,fixed_dose,2,line_hop,0.05,24,Nanowires,12.727119445800781,0.10548561626457928,12.546096801757812,0.14412811387900357,0.02127580299929832
unet_uniform_only,fixed_dose,2,line_hop,0.05,25,Particles,29.96126365661621,0.6441258970723874,29.85435676574707,0.14412811387900357,0.027893659999790543
unet_uniform_only,fixed_dose,2,line_hop,0.05,26,Patterned_surface,17.271934509277344,0.23171032906167532,17.12470245361328,0.14412811387900357,0.019056475999605027
unet_uniform_only,fixed_dose,2,line_hop,0.05,27,Porous_Sponge,20.30988883972168,0.27555864904895006,20.29290771484375,0.14412811387900357,0.030085078999945836
unet_uniform_only,fixed_dose,2,line_hop,0.05,28,Powder,19.678115844726562,0.3974878244193556,19.51810073852539,0.14412811387900357,0.027763228000367235
unet_uniform_only,fixed_dose,2,line_hop,0.05,29,Tips,32.43672180175781,0.9452687665840102,32.302947998046875,0.14412811387900357,0.02974846199958847
unet_uniform_only,fixed_dose,2,line_hop,0.05,30,Biological,23.469755172729492,0.27561467477273704,23.92354965209961,0.14412811387900357,0.0318285539997305
unet_uniform_only,fixed_dose,2,line_hop,0.05,31,Fibres,26.09238624572754,0.431657924255297,27.53006935119629,0.14412811387900357,0.029076367999550712
unet_uniform_only,fixed_dose,2,line_hop,0.05,32,Films_Coated_Surface,20.99852752685547,0.22127464216702883,21.01287078857422,0.14412811387900357,0.017571659000168438
unet_uniform_only,fixed_dose,2,line_hop,0.05,33,MEMS_devices_and_electrodes,19.73050308227539,0.5595026840705862,19.53802490234375,0.14412811387900357,0.029999008999766374
unet_uniform_only,fixed_dose,2,line_hop,0.05,34,Nanowires,23.490406036376953,0.4984198369661344,23.35141944885254,0.14412811387900357,0.018487317000108305
unet_uniform_only,fixed_dose,2,line_hop,0.05,35,Particles,26.440736770629883,0.7949653322396595,26.304061889648438,0.14412811387900357,0.030038107999644126
unet_uniform_only,fixed_dose,2,line_hop,0.05,36,Patterned_surface,25.330657958984375,0.8024756791643621,25.145824432373047,0.14412811387900357,0.024088622999443032
unet_uniform_only,fixed_dose,2,line_hop,0.05,37,Porous_Sponge,14.033493995666504,0.28100553071554807,13.848897933959961,0.14412811387900357,0.029318947000319895
unet_uniform_only,fixed_dose,2,line_hop,0.05,38,Powder,19.13951301574707,0.25825998045271487,18.981473922729492,0.14412811387900357,0.02669134200004919
unet_uniform_only,fixed_dose,2,line_hop,0.05,39,Tips,32.1834716796875,0.7730041196931668,33.39141082763672,0.14412811387900357,0.02941091199954826
unet_uniform_only,fixed_dose,2,line_hop,0.05,40,Biological,19.997955322265625,0.3043018681203517,19.89374351501465,0.14412811387900357,0.020928012999320345
unet_uniform_only,fixed_dose,2,line_hop,0.05,41,Fibres,23.411937713623047,0.6803498973334812,23.269393920898438,0.14412811387900357,0.028706545000204642
unet_uniform_only,fixed_dose,2,line_hop,0.05,42,Films_Coated_Surface,22.680585861206055,0.26572149978083504,22.960529327392578,0.14412811387900357,0.021570095000242873
unet_uniform_only,fixed_dose,2,line_hop,0.05,43,MEMS_devices_and_electrodes,19.309396743774414,0.2212031203090081,19.163658142089844,0.14412811387900357,0.027615895999588247
unet_uniform_only,fixed_dose,2,line_hop,0.05,44,Nanowires,20.578393936157227,0.36571358878341115,20.456113815307617,0.14412811387900357,0.021574060999228095
unet_uniform_only,fixed_dose,2,line_hop,0.05,45,Particles,26.064470291137695,0.8909319323880789,25.938928604125977,0.14412811387900357,0.030170056000315526
unet_uniform_only,fixed_dose,2,line_hop,0.05,46,Patterned_surface,26.215307235717773,0.5577856518475826,26.14508628845215,0.14412811387900357,0.025994537999395106
unet_uniform_only,fixed_dose,2,line_hop,0.05,47,Porous_Sponge,20.858680725097656,0.3723373060519113,20.709402084350586,0.14412811387900357,0.029783828999825346
unet_uniform_only,fixed_dose,2,line_hop,0.05,48,Powder,22.161264419555664,0.4118799622589898,22.04411506652832,0.14412811387900357,0.02834812499986583
unet_uniform_only,fixed_dose,2,line_hop,0.05,49,Tips,16.857431411743164,0.15814430725498035,16.7246150970459,0.14412811387900357,0.025504842000373174
unet_uniform_only,fixed_dose,2,line_hop,0.05,50,Biological,22.304412841796875,0.2315910576181011,22.428050994873047,0.14412811387900357,0.02972513499935303
unet_uniform_only,fixed_dose,2,line_hop,0.05,51,Fibres,25.923778533935547,0.4654450918306047,26.87830924987793,0.14412811387900357,0.02117786300004809
unet_uniform_only,fixed_dose,2,line_hop,0.05,52,Films_Coated_Surface,13.89367961883545,0.24271463351458936,13.702444076538086,0.14412811387900357,0.02975780199994915
unet_uniform_only,fixed_dose,2,line_hop,0.05,53,MEMS_devices_and_electrodes,28.269729614257812,0.8511338894480422,28.1101016998291,0.14412811387900357,0.020016901999952097
unet_uniform_only,fixed_dose,2,line_hop,0.05,54,Nanowires,25.36597442626953,0.6918821508231109,25.22191619873047,0.14412811387900357,0.02798450399950525
unet_uniform_only,fixed_dose,2,line_hop,0.05,55,Particles,24.87737274169922,0.38733232550649643,24.899799346923828,0.14412811387900357,0.026505874999202206
unet_uniform_only,fixed_dose,2,line_hop,0.05,56,Patterned_surface,18.529417037963867,0.43325414273396484,18.35680389404297,0.14412811387900357,0.028865207999842823
unet_uniform_only,fixed_dose,2,line_hop,0.05,57,Porous_Sponge,19.2367000579834,0.3328179347481655,19.150943756103516,0.14412811387900357,0.028089557000384957
unet_uniform_only,fixed_dose,2,line_hop,0.05,58,Powder,17.865612030029297,0.13836578318183887,17.737274169921875,0.14412811387900357,0.02884083200024179
unet_uniform_only,fixed_dose,2,line_hop,0.05,59,Tips,29.399051666259766,0.7424827423996476,29.870101928710938,0.14412811387900357,0.025877271000354085
unet_uniform_only,fixed_dose,2,line_hop,0.05,60,Biological,24.21865463256836,0.33600467693061464,24.890972137451172,0.14412811387900357,0.028752142000485037
unet_uniform_only,fixed_dose,2,line_hop,0.05,61,Fibres,28.979839324951172,0.7037394849623785,29.30036163330078,0.14412811387900357,0.023429568000210566
unet_uniform_only,fixed_dose,2,line_hop,0.05,62,Films_Coated_Surface,15.304428100585938,0.2508865773104637,15.129023551940918,0.14412811387900357,0.02868957800001226
unet_uniform_only,fixed_dose,2,line_hop,0.05,63,MEMS_devices_and_electrodes,19.30026626586914,0.4771317322022781,19.137269973754883,0.14412811387900357,0.028705090000585187
unet_uniform_only,fixed_dose,2,line_hop,0.05,64,Nanowires,38.127845764160156,0.917652579117757,38.29540252685547,0.14412811387900357,0.02778719500020088
unet_uniform_only,fixed_dose,2,line_hop,0.05,65,Particles,27.78607177734375,0.567542002726934,29.980972290039062,0.14412811387900357,0.029193766999924264
unet_uniform_only,fixed_dose,2,line_hop,0.05,66,Patterned_surface,17.283519744873047,0.5197996723120462,17.116167068481445,0.14412811387900357,0.027728009999918868
unet_uniform_only,fixed_dose,2,line_hop,0.05,67,Porous_Sponge,14.955673217773438,0.29272017466847056,14.75892162322998,0.14412811387900357,0.025265251999371685
unet_uniform_only,fixed_dose,2,line_hop,0.05,68,Powder,18.77051544189453,0.4051531994345206,18.605411529541016,0.14412811387900357,0.029004671999246057
unet_uniform_only,fixed_dose,2,line_hop,0.05,69,Tips,30.28953742980957,0.7380236198047888,31.567989349365234,0.14412811387900357,0.028686205000667542
unet_uniform_only,fixed_dose,2,line_hop,0.05,70,Biological,21.74859046936035,0.2327507334736191,21.793325424194336,0.14412811387900357,0.027827255000374862
unet_uniform_only,fixed_dose,2,line_hop,0.05,71,Fibres,25.157316207885742,0.6214810253151716,25.123504638671875,0.14412811387900357,0.028891427999951702
unet_uniform_only,fixed_dose,2,line_hop,0.05,72,Films_Coated_Surface,15.762969970703125,0.4625524246548397,15.57552433013916,0.14412811387900357,0.0234850919996461
unet_uniform_only,fixed_dose,2,line_hop,0.05,73,MEMS_devices_and_electrodes,21.960552215576172,0.5800215019597824,21.88872528076172,0.14412811387900357,0.029132605999620864
unet_uniform_only,fixed_dose,2,line_hop,0.05,74,Nanowires,32.79104995727539,0.8084854645286841,32.981849670410156,0.14412811387900357,0.022565824000594148
unet_uniform_only,fixed_dose,2,line_hop,0.05,75,Particles,27.984840393066406,0.8500342267710937,27.873571395874023,0.14412811387900357,0.02916466999977274
unet_uniform_only,fixed_dose,2,line_hop,0.05,76,Patterned_surface,16.14669418334961,0.522546743854621,15.944326400756836,0.14412811387900357,0.02843480699993961
unet_uniform_only,fixed_dose,2,line_hop,0.05,77,Porous_Sponge,16.92718505859375,0.31818019394009517,16.73830223083496,0.14412811387900357,0.029219973999715876
unet_uniform_only,fixed_dose,2,line_hop,0.05,78,Powder,19.807756423950195,0.416619895574039,19.644731521606445,0.14412811387900357,0.019945873000324355
unet_uniform_only,fixed_dose,2,line_hop,0.05,79,Tips,24.569747924804688,0.3907697021284899,24.925933837890625,0.14412811387900357,0.02890045000003738
unet_uniform_only,fixed_dose,2,line_hop,0.05,80,Biological,24.678489685058594,0.31195945487557775,25.39965057373047,0.14412811387900357,0.01917323499947088
unet_uniform_only,fixed_dose,2,line_hop,0.05,81,Fibres,24.98765754699707,0.3698352437954611,25.729368209838867,0.14412811387900357,0.029948819000310323
unet_uniform_only,fixed_dose,2,line_hop,0.05,82,Films_Coated_Surface,17.605918884277344,0.4197357474494944,17.464582443237305,0.14412811387900357,0.017599932999473822
unet_uniform_only,fixed_dose,2,line_hop,0.05,83,MEMS_devices_and_electrodes,17.81694793701172,0.324871581148695,17.63211441040039,0.14412811387900357,0.028848124999967695
unet_uniform_only,fixed_dose,2,line_hop,0.05,84,Nanowires,32.68000411987305,0.9506404464483621,32.56697082519531,0.14412811387900357,0.021428699999887613
unet_uniform_only,fixed_dose,2,line_hop,0.05,85,Particles,19.47913932800293,0.40646370773803076,19.309188842773438,0.14412811387900357,0.02858731899959821
unet_uniform_only,fixed_dose,2,line_hop,0.05,86,Patterned_surface,23.32590103149414,0.769591083730512,23.168041229248047,0.14412811387900357,0.029390893999334367
unet_uniform_only,fixed_dose,2,line_hop,0.05,87,Porous_Sponge,18.559276580810547,0.37670793066684094,18.403175354003906,0.14412811387900357,0.02885147400047572
unet_uniform_only,fixed_dose,2,line_hop,0.05,88,Powder,21.60823631286621,0.6068845596748799,21.449098587036133,0.14412811387900357,0.028845490000094287
unet_uniform_only,fixed_dose,2,line_hop,0.05,89,Tips,26.60657501220703,0.42190210943199546,26.536806106567383,0.14412811387900357,0.025014105000082054
unet_uniform_only,fixed_dose,2,line_hop,0.05,90,Biological,24.035072326660156,0.291677104627897,24.618682861328125,0.14412811387900357,0.02888487800009898
unet_uniform_only,fixed_dose,2,line_hop,0.05,91,Fibres,26.517433166503906,0.5482225773439793,27.286989212036133,0.14412811387900357,0.02010021899968706
unet_uniform_only,fixed_dose,2,line_hop,0.05,92,Films_Coated_Surface,20.28650665283203,0.30242735690886213,20.174152374267578,0.14412811387900357,0.027431272999820067
unet_uniform_only,fixed_dose,2,line_hop,0.05,93,MEMS_devices_and_electrodes,23.144710540771484,0.7205947940677127,22.96866226196289,0.14412811387900357,0.019951449000473076
unet_uniform_only,fixed_dose,2,line_hop,0.05,94,Nanowires,10.686539649963379,0.22943750474224192,10.476755142211914,0.14412811387900357,0.029224805000012566
unet_uniform_only,fixed_dose,2,line_hop,0.05,95,Particles,25.773738861083984,0.5591327702940215,25.670955657958984,0.14412811387900357,0.023852039000303193
unet_uniform_only,fixed_dose,2,line_hop,0.05,96,Patterned_surface,20.961721420288086,0.39469346918976184,20.833127975463867,0.14412811387900357,0.028798652999284968
unet_uniform_only,fixed_dose,2,line_hop,0.05,97,Porous_Sponge,21.827449798583984,0.40281576436029826,21.71208381652832,0.14412811387900357,0.028636961999836785
unet_uniform_only,fixed_dose,2,line_hop,0.05,98,Powder,27.531715393066406,0.8191149125311028,27.399681091308594,0.14412811387900357,0.027475772999423498
unet_uniform_only,fixed_dose,2,line_hop,0.05,99,Tips,29.11261749267578,0.6763537903539161,29.05670166015625,0.14412811387900357,0.027617181000096025
unet_uniform_only,fixed_dose,2,line_hop,0.1,0,Biological,21.57805633544922,0.26344209846619127,21.60274314880371,0.19750889679715303,0.02078681399962079
unet_uniform_only,fixed_dose,2,line_hop,0.1,1,Fibres,19.645111083984375,0.33636074808740857,19.509700775146484,0.19750889679715303,0.030082305999712844
unet_uniform_only,fixed_dose,2,line_hop,0.1,2,Films_Coated_Surface,22.30229949951172,0.32060791266220284,22.188589096069336,0.19750889679715303,0.026239444000566436
unet_uniform_only,fixed_dose,2,line_hop,0.1,3,MEMS_devices_and_electrodes,23.15326499938965,0.3020543456967788,23.025962829589844,0.19750889679715303,0.029195055999480246
unet_uniform_only,fixed_dose,2,line_hop,0.1,4,Nanowires,15.842646598815918,0.34935549309617153,15.466789245605469,0.19750889679715303,0.029676721999749134
unet_uniform_only,fixed_dose,2,line_hop,0.1,5,Particles,16.637004852294922,0.2340353416767349,16.364032745361328,0.19750889679715303,0.026257887000610936
unet_uniform_only,fixed_dose,2,line_hop,0.1,6,Patterned_surface,22.280826568603516,0.4396940014969186,22.06259536743164,0.19750889679715303,0.02956870100024389
unet_uniform_only,fixed_dose,2,line_hop,0.1,7,Porous_Sponge,20.806785583496094,0.3633452378846214,20.653778076171875,0.19750889679715303,0.01839290399948368
unet_uniform_only,fixed_dose,2,line_hop,0.1,8,Powder,17.08510971069336,0.2753178582889988,16.81133460998535,0.19750889679715303,0.029075838999233383
unet_uniform_only,fixed_dose,2,line_hop,0.1,9,Tips,30.919687271118164,0.8990278243692899,30.773910522460938,0.19750889679715303,0.023554917000183195
unet_uniform_only,fixed_dose,2,line_hop,0.1,10,Biological,23.02358627319336,0.25408968342313276,23.343990325927734,0.19750889679715303,0.029207347000010486
unet_uniform_only,fixed_dose,2,line_hop,0.1,11,Fibres,24.408489227294922,0.5812714838079266,24.246721267700195,0.19750889679715303,0.029529119000471837
unet_uniform_only,fixed_dose,2,line_hop,0.1,12,Films_Coated_Surface,23.58959197998047,0.32661430726737556,23.59105682373047,0.19750889679715303,0.021416671000224596
unet_uniform_only,fixed_dose,2,line_hop,0.1,13,MEMS_devices_and_electrodes,24.692163467407227,0.34606048921182153,24.57616424560547,0.19750889679715303,0.02875366300031601
unet_uniform_only,fixed_dose,2,line_hop,0.1,14,Nanowires,12.599888801574707,0.24214181765186868,12.23741626739502,0.19750889679715303,0.02170376699996268
unet_uniform_only,fixed_dose,2,line_hop,0.1,15,Particles,26.58734130859375,0.42046117704140995,27.91600227355957,0.19750889679715303,0.028640790000281413
unet_uniform_only,fixed_dose,2,line_hop,0.1,16,Patterned_surface,18.369667053222656,0.2790158986819135,18.257537841796875,0.19750889679715303,0.028760797000359162
unet_uniform_only,fixed_dose,2,line_hop,0.1,17,Porous_Sponge,13.235631942749023,0.29178528297930323,12.867486953735352,0.19750889679715303,0.027314709999700426
unet_uniform_only,fixed_dose,2,line_hop,0.1,18,Powder,18.376895904541016,0.37416004293205996,18.117053985595703,0.19750889679715303,0.028736964999552583
unet_uniform_only,fixed_dose,2,line_hop,0.1,19,Tips,23.97193717956543,0.7517887662965157,23.88444709777832,0.19750889679715303,0.0192360170003667
unet_uniform_only,fixed_dose,2,line_hop,0.1,20,Biological,22.581388473510742,0.5350656647127261,22.370927810668945,0.19750889679715303,0.029889706000176375
unet_uniform_only,fixed_dose,2,line_hop,0.1,21,Fibres,19.085233688354492,0.3035150004879848,19.017852783203125,0.19750889679715303,0.02518730300016614
unet_uniform_only,fixed_dose,2,line_hop,0.1,22,Films_Coated_Surface,12.386406898498535,0.25984382207806206,12.020831108093262,0.19750889679715303,0.0272959419999097
unet_uniform_only,fixed_dose,2,line_hop,0.1,23,MEMS_devices_and_electrodes,24.668991088867188,0.38282223998279813,24.49995994567871,0.19750889679715303,0.029547156000262476
unet_uniform_only,fixed_dose,2,line_hop,0.1,24,Nanowires,12.689981460571289,0.15810245283478164,12.3723783493042,0.19750889679715303,0.02110511699993367
unet_uniform_only,fixed_dose,2,line_hop,0.1,25,Particles,31.62428092956543,0.6451454346412555,31.552188873291016,0.19750889679715303,0.03006807299971115
unet_uniform_only,fixed_dose,2,line_hop,0.1,26,Patterned_surface,17.254152297973633,0.2281764745223548,17.0277042388916,0.19750889679715303,0.025403775999620848
unet_uniform_only,fixed_dose,2,line_hop,0.1,27,Porous_Sponge,20.233325958251953,0.25489017927849666,20.300195693969727,0.19750889679715303,0.02737849900040601
unet_uniform_only,fixed_dose,2,line_hop,0.1,28,Powder,20.35795021057129,0.44392560439568207,20.145376205444336,0.19750889679715303,0.028955667999980506
unet_uniform_only,fixed_dose,2,line_hop,0.1,29,Tips,36.07027816772461,0.9529662827219733,36.0109977722168,0.19750889679715303,0.02563040200038813
unet_uniform_only,fixed_dose,2,line_hop,0.1,30,Biological,21.87169075012207,0.22313371550703262,22.333459854125977,0.19750889679715303,0.028656794999733393
unet_uniform_only,fixed_dose,2,line_hop,0.1,31,Fibres,23.227771759033203,0.25033854212849105,24.0970458984375,0.19750889679715303,0.019422980999479478
unet_uniform_only,fixed_dose,2,line_hop,0.1,32,Films_Coated_Surface,20.090614318847656,0.19430017304774078,20.192758560180664,0.19750889679715303,0.02886004799984221
unet_uniform_only,fixed_dose,2,line_hop,0.1,33,MEMS_devices_and_electrodes,21.686880111694336,0.5881312019850757,21.37515640258789,0.19750889679715303,0.028567039999870758
unet_uniform_only,fixed_dose,2,line_hop,0.1,34,Nanowires,24.115036010742188,0.5308221076856415,23.907394409179688,0.19750889679715303,0.02567591299975902
unet_uniform_only,fixed_dose,2,line_hop,0.1,35,Particles,27.718629837036133,0.7513957836222322,27.63791847229004,0.19750889679715303,0.027686430999892764
unet_uniform_only,fixed_dose,2,line_hop,0.1,36,Patterned_surface,26.965255737304688,0.8071051980585314,26.68252182006836,0.19750889679715303,0.02084904399998777
unet_uniform_only,fixed_dose,2,line_hop,0.1,37,Porous_Sponge,14.768678665161133,0.36242433906217875,14.441424369812012,0.19750889679715303,0.027493820000017877
unet_uniform_only,fixed_dose,2,line_hop,0.1,38,Powder,19.63188362121582,0.2893234992474803,19.38699722290039,0.19750889679715303,0.023315090000323835
unet_uniform_only,fixed_dose,2,line_hop,0.1,39,Tips,30.026935577392578,0.6191582659584972,31.377580642700195,0.19750889679715303,0.02949361900027725
unet_uniform_only,fixed_dose,2,line_hop,0.1,40,Biological,19.879573822021484,0.30266600688146256,19.758073806762695,0.19750889679715303,0.029402887000287592
unet_uniform_only,fixed_dose,2,line_hop,0.1,41,Fibres,25.2609920501709,0.6374043172537772,25.178224563598633,0.19750889679715303,0.020216172999425908
unet_uniform_only,fixed_dose,2,line_hop,0.1,42,Films_Coated_Surface,21.724227905273438,0.21609736158002768,21.997730255126953,0.19750889679715303,0.02896033700017142
unet_uniform_only,fixed_dose,2,line_hop,0.1,43,MEMS_devices_and_electrodes,20.09922981262207,0.2505889674688842,20.015039443969727,0.19750889679715303,0.026099237000380526
unet_uniform_only,fixed_dose,2,line_hop,0.1,44,Nanowires,22.046966552734375,0.393155474746967,21.924734115600586,0.19750889679715303,0.029773981000289496
unet_uniform_only,fixed_dose,2,line_hop,0.1,45,Particles,27.53901481628418,0.8001346489453063,27.603824615478516,0.19750889679715303,0.029024915000263718
unet_uniform_only,fixed_dose,2,line_hop,0.1,46,Patterned_surface,25.792648315429688,0.5264084336703487,25.9390869140625,0.19750889679715303,0.022509233999699063
unet_uniform_only,fixed_dose,2,line_hop,0.1,47,Porous_Sponge,21.246288299560547,0.3980274152773096,21.06682586669922,0.19750889679715303,0.028723362000164343
unet_uniform_only,fixed_dose,2,line_hop,0.1,48,Powder,22.27626609802246,0.4007951462182037,22.166397094726562,0.19750889679715303,0.022012978000020667
unet_uniform_only,fixed_dose,2,line_hop,0.1,49,Tips,17.311511993408203,0.20056507590571684,17.13254737854004,0.19750889679715303,0.029238359000373748
unet_uniform_only,fixed_dose,2,line_hop,0.1,50,Biological,21.12278938293457,0.20248067293683242,21.2686824798584,0.19750889679715303,0.02812317499956407
unet_uniform_only,fixed_dose,2,line_hop,0.1,51,Fibres,23.889698028564453,0.3096060036369868,24.49317741394043,0.19750889679715303,0.025942019000467553
unet_uniform_only,fixed_dose,2,line_hop,0.1,52,Films_Coated_Surface,14.468864440917969,0.35491072460564443,14.138401985168457,0.19750889679715303,0.027621172000181105
unet_uniform_only,fixed_dose,2,line_hop,0.1,53,MEMS_devices_and_electrodes,31.27633285522461,0.8601575686056218,31.168285369873047,0.19750889679715303,0.02175234699916473
unet_uniform_only,fixed_dose,2,line_hop,0.1,54,Nanowires,27.31637191772461,0.6619463047529851,27.219303131103516,0.19750889679715303,0.028836378999585577
unet_uniform_only,fixed_dose,2,line_hop,0.1,55,Particles,25.768779754638672,0.3808801324121145,25.763948440551758,0.19750889679715303,0.028188014999614097
unet_uniform_only,fixed_dose,2,line_hop,0.1,56,Patterned_surface,20.039287567138672,0.4816178245024856,19.7736759185791,0.19750889679715303,0.02232698999978311
unet_uniform_only,fixed_dose,2,line_hop,0.1,57,Porous_Sponge,19.41573715209961,0.3203902455032778,19.23613739013672,0.19750889679715303,0.027894276000552054
unet_uniform_only,fixed_dose,2,line_hop,0.1,58,Powder,17.64335060119629,0.17153052637264526,17.447525024414062,0.19750889679715303,0.024307997000505566
unet_uniform_only,fixed_dose,2,line_hop,0.1,59,Tips,29.567821502685547,0.6477829999811782,30.273639678955078,0.19750889679715303,0.028946326999175653
unet_uniform_only,fixed_dose,2,line_hop,0.1,60,Biological,22.193893432617188,0.22051530969098035,22.714937210083008,0.19750889679715303,0.02734219000012672
unet_uniform_only,fixed_dose,2,line_hop,0.1,61,Fibres,25.61023712158203,0.4058853881755741,26.421199798583984,0.19750889679715303,0.02477172400085692
unet_uniform_only,fixed_dose,2,line_hop,0.1,62,Films_Coated_Surface,15.689787864685059,0.29414281935030195,15.399413108825684,0.19750889679715303,0.02922314199986431
unet_uniform_only,fixed_dose,2,line_hop,0.1,63,MEMS_devices_and_electrodes,19.962764739990234,0.5167264472013632,19.703927993774414,0.19750889679715303,0.018280901999787602
unet_uniform_only,fixed_dose,2,line_hop,0.1,64,Nanowires,37.69329071044922,0.9160216865803646,37.841156005859375,0.19750889679715303,0.02879308800038416
unet_uniform_only,fixed_dose,2,line_hop,0.1,65,Particles,24.871028900146484,0.3366792014293848,25.841289520263672,0.19750889679715303,0.022173158000441617
unet_uniform_only,fixed_dose,2,line_hop,0.1,66,Patterned_surface,17.737234115600586,0.5552264629336849,17.47803497314453,0.19750889679715303,0.027425544999459817
unet_uniform_only,fixed_dose,2,line_hop,0.1,67,Porous_Sponge,16.145435333251953,0.39370629765422155,15.79794979095459,0.19750889679715303,0.0314365229996838
unet_uniform_only,fixed_dose,2,line_hop,0.1,68,Powder,19.91324806213379,0.43326854623544175,19.674951553344727,0.19750889679715303,0.02387060000000929
unet_uniform_only,fixed_dose,2,line_hop,0.1,69,Tips,28.309410095214844,0.5745354958764194,29.460124969482422,0.19750889679715303,0.02928315000008297
unet_uniform_only,fixed_dose,2,line_hop,0.1,70,Biological,20.86724853515625,0.21235202067598313,20.934133529663086,0.19750889679715303,0.029135946000678814
unet_uniform_only,fixed_dose,2,line_hop,0.1,71,Fibres,25.586166381835938,0.5145232439617478,25.73063850402832,0.19750889679715303,0.027165407999746094
unet_uniform_only,fixed_dose,2,line_hop,0.1,72,Films_Coated_Surface,17.39284324645996,0.4736427962448217,17.070714950561523,0.19750889679715303,0.02780091699969489
unet_uniform_only,fixed_dose,2,line_hop,0.1,73,MEMS_devices_and_electrodes,21.980812072753906,0.553110487057246,21.846210479736328,0.19750889679715303,0.023316982999858737
unet_uniform_only,fixed_dose,2,line_hop,0.1,74,Nanowires,32.68777847290039,0.7695848379742698,33.34837341308594,0.19750889679715303,0.028883820999908494
unet_uniform_only,fixed_dose,2,line_hop,0.1,75,Particles,29.68825340270996,0.7920727173597925,29.71755027770996,0.19750889679715303,0.021446937999826332
unet_uniform_only,fixed_dose,2,line_hop,0.1,76,Patterned_surface,17.92780303955078,0.604601513823075,17.563568115234375,0.19750889679715303,0.027634144000330707
unet_uniform_only,fixed_dose,2,line_hop,0.1,77,Porous_Sponge,18.38132667541504,0.3814740602831244,18.112932205200195,0.19750889679715303,0.02501679799934209
unet_uniform_only,fixed_dose,2,line_hop,0.1,78,Powder,20.601804733276367,0.45200279093045215,20.3619384765625,0.19750889679715303,0.029418203000204812
unet_uniform_only,fixed_dose,2,line_hop,0.1,79,Tips,23.203594207763672,0.32636517280426264,23.60637855529785,0.19750889679715303,0.027867952999258705
unet_uniform_only,fixed_dose,2,line_hop,0.1,80,Biological,22.26210594177246,0.20272189056721204,22.959251403808594,0.19750889679715303,0.015960794999955397
unet_uniform_only,fixed_dose,2,line_hop,0.1,81,Fibres,22.420352935791016,0.22830649040861326,23.105077743530273,0.19750889679715303,0.028939372000422736
unet_uniform_only,fixed_dose,2,line_hop,0.1,82,Films_Coated_Surface,18.011920928955078,0.33036197353872043,17.791961669921875,0.19750889679715303,0.021523327000068093
unet_uniform_only,fixed_dose,2,line_hop,0.1,83,MEMS_devices_and_electrodes,19.120729446411133,0.37951907977292487,18.840429306030273,0.19750889679715303,0.029165749999265245
unet_uniform_only,fixed_dose,2,line_hop,0.1,84,Nanowires,35.240806579589844,0.9489704608398678,35.248741149902344,0.19750889679715303,0.02807798800040473
unet_uniform_only,fixed_dose,2,line_hop,0.1,85,Particles,20.36001205444336,0.4103715465405688,20.109712600708008,0.19750889679715303,0.02586776399948576
unet_uniform_only,fixed_dose,2,line_hop,0.1,86,Patterned_surface,26.082361221313477,0.7598212824845547,25.86117935180664,0.19750889679715303,0.02882187300019723
unet_uniform_only,fixed_dose,2,line_hop,0.1,87,Porous_Sponge,19.327600479125977,0.3501001349511412,19.164762496948242,0.19750889679715303,0.01935739799955627
unet_uniform_only,fixed_dose,2,line_hop,0.1,88,Powder,23.259292602539062,0.632421177738816,23.09015655517578,0.19750889679715303,0.029931232000308228
unet_uniform_only,fixed_dose,2,line_hop,0.1,89,Tips,27.081289291381836,0.4197686150639888,27.075489044189453,0.19750889679715303,0.02770696900006442
unet_uniform_only,fixed_dose,2,line_hop,0.1,90,Biological,22.237300872802734,0.20861664052147857,22.799304962158203,0.19750889679715303,0.02776970699960657
unet_uniform_only,fixed_dose,2,line_hop,0.1,91,Fibres,23.419801712036133,0.3319209306399719,23.96828842163086,0.19750889679715303,0.02891914999963774
unet_uniform_only,fixed_dose,2,line_hop,0.1,92,Films_Coated_Surface,20.00084114074707,0.28123647202351437,19.926145553588867,0.19750889679715303,0.02275863599970762
unet_uniform_only,fixed_dose,2,line_hop,0.1,93,MEMS_devices_and_electrodes,25.061180114746094,0.7430699514312569,24.825489044189453,0.19750889679715303,0.028861196999969252
unet_uniform_only,fixed_dose,2,line_hop,0.1,94,Nanowires,11.634684562683105,0.36290171876285215,11.242097854614258,0.19750889679715303,0.024093916999845533
unet_uniform_only,fixed_dose,2,line_hop,0.1,95,Particles,26.082284927368164,0.5490550976757997,25.909503936767578,0.19750889679715303,0.029522012000597897
unet_uniform_only,fixed_dose,2,line_hop,0.1,96,Patterned_surface,22.18183708190918,0.42198631526094277,22.021183013916016,0.19750889679715303,0.02835159999995085
unet_uniform_only,fixed_dose,2,line_hop,0.1,97,Porous_Sponge,21.80535888671875,0.39287312210525893,21.66976547241211,0.19750889679715303,0.02083717000004981
unet_uniform_only,fixed_dose,2,line_hop,0.1,98,Powder,28.651220321655273,0.8071347410934299,28.516080856323242,0.19750889679715303,0.027731441000469204
unet_uniform_only,fixed_dose,2,line_hop,0.1,99,Tips,29.190319061279297,0.6461241383999644,29.315719604492188,0.19750889679715303,0.022030782000001636
unet_uniform_only,fixed_dose,2,line_hop,0.15,0,Biological,21.726200103759766,0.289264601835444,21.700632095336914,0.2615658362989324,0.029802442999425693
unet_uniform_only,fixed_dose,2,line_hop,0.15,1,Fibres,20.16885757446289,0.39526794096632617,19.977495193481445,0.2615658362989324,0.029639379999935045
unet_uniform_only,fixed_dose,2,line_hop,0.15,2,Films_Coated_Surface,22.618515014648438,0.3362073059953768,22.504192352294922,0.2615658362989324,0.020852310999543988
unet_uniform_only,fixed_dose,2,line_hop,0.15,3,MEMS_devices_and_electrodes,23.789077758789062,0.3203581849426933,23.69226837158203,0.2615658362989324,0.029242552000141586
unet_uniform_only,fixed_dose,2,line_hop,0.15,4,Nanowires,16.803285598754883,0.4538496282470631,16.282896041870117,0.2615658362989324,0.0280969899995398
unet_uniform_only,fixed_dose,2,line_hop,0.15,5,Particles,16.92586898803711,0.272918701657118,16.61941909790039,0.2615658362989324,0.023306070999751682
unet_uniform_only,fixed_dose,2,line_hop,0.15,6,Patterned_surface,22.912092208862305,0.4557788712895935,22.61509132385254,0.2615658362989324,0.02844805000040651
unet_uniform_only,fixed_dose,2,line_hop,0.15,7,Porous_Sponge,21.627277374267578,0.40721112810776333,21.430522918701172,0.2615658362989324,0.029100448999997752
unet_uniform_only,fixed_dose,2,line_hop,0.15,8,Powder,17.76333236694336,0.3075098707542525,17.442562103271484,0.2615658362989324,0.02866183900005126
unet_uniform_only,fixed_dose,2,line_hop,0.15,9,Tips,31.399826049804688,0.8830350768970022,31.468196868896484,0.2615658362989324,0.02877675200033991
unet_uniform_only,fixed_dose,2,line_hop,0.15,10,Biological,22.33182716369629,0.2314803403288211,22.705577850341797,0.2615658362989324,0.018431277000672708
unet_uniform_only,fixed_dose,2,line_hop,0.15,11,Fibres,24.672264099121094,0.5611651138043711,24.521621704101562,0.2615658362989324,0.02950333100034186
unet_uniform_only,fixed_dose,2,line_hop,0.15,12,Films_Coated_Surface,23.98912239074707,0.34962664635093343,24.023006439208984,0.2615658362989324,0.0288396180003474
unet_uniform_only,fixed_dose,2,line_hop,0.15,13,MEMS_devices_and_electrodes,24.984357833862305,0.3438602972148366,24.788402557373047,0.2615658362989324,0.026174600000558712
unet_uniform_only,fixed_dose,2,line_hop,0.15,14,Nanowires,13.099132537841797,0.3366721827962134,12.59284496307373,0.2615658362989324,0.029152170000088518
unet_uniform_only,fixed_dose,2,line_hop,0.15,15,Particles,26.491716384887695,0.39440521811103924,27.31545639038086,0.2615658362989324,0.020407113000146637
unet_uniform_only,fixed_dose,2,line_hop,0.15,16,Patterned_surface,18.4644718170166,0.2988367209324421,18.399517059326172,0.2615658362989324,0.02963424900008249
unet_uniform_only,fixed_dose,2,line_hop,0.15,17,Porous_Sponge,14.261208534240723,0.37014562880362734,13.745965003967285,0.2615658362989324,0.027609616000518145
unet_uniform_only,fixed_dose,2,line_hop,0.15,18,Powder,19.117713928222656,0.4318858926954718,18.834455490112305,0.2615658362989324,0.019134678000227723
unet_uniform_only,fixed_dose,2,line_hop,0.15,19,Tips,23.908405303955078,0.7383301705912616,23.916942596435547,0.2615658362989324,0.029539559000113513
unet_uniform_only,fixed_dose,2,line_hop,0.15,20,Biological,22.780210494995117,0.5290904512448041,22.557479858398438,0.2615658362989324,0.02890492099959374
unet_uniform_only,fixed_dose,2,line_hop,0.15,21,Fibres,19.35483741760254,0.3444822792578447,19.508975982666016,0.2615658362989324,0.0253171869999278
unet_uniform_only,fixed_dose,2,line_hop,0.15,22,Films_Coated_Surface,12.968951225280762,0.3402303315003534,12.462272644042969,0.2615658362989324,0.02994120300081704
unet_uniform_only,fixed_dose,2,line_hop,0.15,23,MEMS_devices_and_electrodes,25.24576187133789,0.3787624377280058,25.087139129638672,0.2615658362989324,0.02771184999983234
unet_uniform_only,fixed_dose,2,line_hop,0.15,24,Nanowires,12.74431037902832,0.20387801839349962,12.305665016174316,0.2615658362989324,0.02512498600026447
unet_uniform_only,fixed_dose,2,line_hop,0.15,25,Particles,31.728801727294922,0.6415009917432217,31.686397552490234,0.2615658362989324,0.02950421799960168
unet_uniform_only,fixed_dose,2,line_hop,0.15,26,Patterned_surface,17.62386131286621,0.25386287164167076,17.374649047851562,0.2615658362989324,0.021379959000114468
unet_uniform_only,fixed_dose,2,line_hop,0.15,27,Porous_Sponge,20.61931610107422,0.2671150487102585,20.688230514526367,0.2615658362989324,0.028911919000165653
unet_uniform_only,fixed_dose,2,line_hop,0.15,28,Powder,21.165199279785156,0.4845193264719913,20.942075729370117,0.2615658362989324,0.02864253000007011
unet_uniform_only,fixed_dose,2,line_hop,0.15,29,Tips,36.803619384765625,0.9533246850311297,36.857643127441406,0.2615658362989324,0.02654743699986284
unet_uniform_only,fixed_dose,2,line_hop,0.15,30,Biological,21.420289993286133,0.20361084528925533,21.889467239379883,0.2615658362989324,0.028928538999934972
unet_uniform_only,fixed_dose,2,line_hop,0.15,31,Fibres,23.07970428466797,0.22610207979986827,23.920738220214844,0.2615658362989324,0.022124578999864752
unet_uniform_only,fixed_dose,2,line_hop,0.15,32,Films_Coated_Surface,19.770919799804688,0.19704154701549698,19.9998722076416,0.2615658362989324,0.030198740999367146
unet_uniform_only,fixed_dose,2,line_hop,0.15,33,MEMS_devices_and_electrodes,22.640487670898438,0.6022568150005989,22.242523193359375,0.2615658362989324,0.027756249000049138
unet_uniform_only,fixed_dose,2,line_hop,0.15,34,Nanowires,24.726551055908203,0.5781647774829005,24.486303329467773,0.2615658362989324,0.02025941600004444
unet_uniform_only,fixed_dose,2,line_hop,0.15,35,Particles,28.885229110717773,0.7462856662541401,28.904924392700195,0.2615658362989324,0.02786475899938523
unet_uniform_only,fixed_dose,2,line_hop,0.15,36,Patterned_surface,28.100589752197266,0.8360260566215947,27.668758392333984,0.2615658362989324,0.028479763000177627
unet_uniform_only,fixed_dose,2,line_hop,0.15,37,Porous_Sponge,15.60851001739502,0.4227208904971822,15.18527603149414,0.2615658362989324,0.022639776999312744
unet_uniform_only,fixed_dose,2,line_hop,0.15,38,Powder,20.239744186401367,0.3222036500791135,19.94662094116211,0.2615658362989324,0.029651716999978817
unet_uniform_only,fixed_dose,2,line_hop,0.15,39,Tips,28.06206703186035,0.49303642719151514,29.251230239868164,0.2615658362989324,0.027701021999746445
unet_uniform_only,fixed_dose,2,line_hop,0.15,40,Biological,19.992881774902344,0.3229078502957747,19.8759708404541,0.2615658362989324,0.025049777000276663
unet_uniform_only,fixed_dose,2,line_hop,0.15,41,Fibres,25.43672752380371,0.6425969564725911,25.347240447998047,0.2615658362989324,0.029680315000405244
unet_uniform_only,fixed_dose,2,line_hop,0.15,42,Films_Coated_Surface,21.26477813720703,0.19621418069239782,21.72394561767578,0.2615658362989324,0.0238302810003006
unet_uniform_only,fixed_dose,2,line_hop,0.15,43,MEMS_devices_and_electrodes,21.28095245361328,0.2629648533832961,21.077640533447266,0.2615658362989324,0.027336089000527863
unet_uniform_only,fixed_dose,2,line_hop,0.15,44,Nanowires,22.018531799316406,0.40484090751820007,21.898805618286133,0.2615658362989324,0.029713893000007374
unet_uniform_only,fixed_dose,2,line_hop,0.15,45,Particles,30.215246200561523,0.8893040770057434,29.9619197845459,0.2615658362989324,0.02119609799956379
unet_uniform_only,fixed_dose,2,line_hop,0.15,46,Patterned_surface,25.81441879272461,0.5387966800403624,25.840232849121094,0.2615658362989324,0.029306917999747384
unet_uniform_only,fixed_dose,2,line_hop,0.15,47,Porous_Sponge,21.63759422302246,0.41536639443164813,21.437501907348633,0.2615658362989324,0.029775078999591642
unet_uniform_only,fixed_dose,2,line_hop,0.15,48,Powder,22.282381057739258,0.39988589330375396,22.251413345336914,0.2615658362989324,0.023750559000291105
unet_uniform_only,fixed_dose,2,line_hop,0.15,49,Tips,17.708587646484375,0.22493393608244672,17.50114631652832,0.2615658362989324,0.029261804999805463
unet_uniform_only,fixed_dose,2,line_hop,0.15,50,Biological,21.05860710144043,0.2103575106764046,21.25697898864746,0.2615658362989324,0.0214947510003185
unet_uniform_only,fixed_dose,2,line_hop,0.15,51,Fibres,23.087806701660156,0.2634322424199048,23.691320419311523,0.2615658362989324,0.027259923000201525
unet_uniform_only,fixed_dose,2,line_hop,0.15,52,Films_Coated_Surface,15.267720222473145,0.44153864282184163,14.82550048828125,0.2615658362989324,0.02775349199964694
unet_uniform_only,fixed_dose,2,line_hop,0.15,53,MEMS_devices_and_electrodes,31.254003524780273,0.847498879560593,31.141651153564453,0.2615658362989324,0.02293220299998211
unet_uniform_only,fixed_dose,2,line_hop,0.15,54,Nanowires,28.15347671508789,0.6625896195231523,28.108121871948242,0.2615658362989324,0.02901577600005112
unet_uniform_only,fixed_dose,2,line_hop,0.15,55,Particles,24.47449493408203,0.32864810550863066,24.662792205810547,0.2615658362989324,0.027740270999856875
unet_uniform_only,fixed_dose,2,line_hop,0.15,56,Patterned_surface,21.22766876220703,0.5132874760866581,20.922555923461914,0.2615658362989324,0.02893765400040138
unet_uniform_only,fixed_dose,2,line_hop,0.15,57,Porous_Sponge,19.35651397705078,0.29679234156429884,19.30182647705078,0.2615658362989324,0.029330931999538734
unet_uniform_only,fixed_dose,2,line_hop,0.15,58,Powder,17.696483612060547,0.20762436562912878,17.486143112182617,0.2615658362989324,0.02390144700075325
unet_uniform_only,fixed_dose,2,line_hop,0.15,59,Tips,28.21988868713379,0.5438024648963242,28.981992721557617,0.2615658362989324,0.02924080699995102
unet_uniform_only,fixed_dose,2,line_hop,0.15,60,Biological,21.91053009033203,0.2054104062135449,22.48134994506836,0.2615658362989324,0.028833975000452483
unet_uniform_only,fixed_dose,2,line_hop,0.15,61,Fibres,26.387462615966797,0.43051952106785624,26.99244499206543,0.2615658362989324,0.02067947900013678
unet_uniform_only,fixed_dose,2,line_hop,0.15,62,Films_Coated_Surface,16.161134719848633,0.3376034840917448,15.79993724822998,0.2615658362989324,0.028875206000520848
unet_uniform_only,fixed_dose,2,line_hop,0.15,63,MEMS_devices_and_electrodes,20.175491333007812,0.5262893453154361,19.854686737060547,0.2615658362989324,0.028454017000512977
unet_uniform_only,fixed_dose,2,line_hop,0.15,64,Nanowires,37.64701461791992,0.9099122304926504,37.914146423339844,0.2615658362989324,0.025592862999474164
unet_uniform_only,fixed_dose,2,line_hop,0.15,65,Particles,24.42623519897461,0.2890851164961332,25.237449645996094,0.2615658362989324,0.027779033999649982
unet_uniform_only,fixed_dose,2,line_hop,0.15,66,Patterned_surface,18.017658233642578,0.582253111062342,17.73896026611328,0.2615658362989324,0.02098525699966558
unet_uniform_only,fixed_dose,2,line_hop,0.15,67,Porous_Sponge,17.114957809448242,0.4694263466221411,16.658531188964844,0.2615658362989324,0.029864436000025307
unet_uniform_only,fixed_dose,2,line_hop,0.15,68,Powder,20.561599731445312,0.45370025551491017,20.30666732788086,0.2615658362989324,0.028678285999376385
unet_uniform_only,fixed_dose,2,line_hop,0.15,69,Tips,27.209741592407227,0.4628793844576516,28.25893783569336,0.2615658362989324,0.02253357599965966
unet_uniform_only,fixed_dose,2,line_hop,0.15,70,Biological,20.614200592041016,0.2211698440014719,20.745777130126953,0.2615658362989324,0.029194487000495428
unet_uniform_only,fixed_dose,2,line_hop,0.15,71,Fibres,26.865428924560547,0.5547295297413368,27.08085060119629,0.2615658362989324,0.023675872999774583
unet_uniform_only,fixed_dose,2,line_hop,0.15,72,Films_Coated_Surface,18.831701278686523,0.478082239742848,18.4581356048584,0.2615658362989324,0.029477697999936936
unet_uniform_only,fixed_dose,2,line_hop,0.15,73,MEMS_devices_and_electrodes,22.235980987548828,0.5571670303444878,22.084228515625,0.2615658362989324,0.02858665799976734
unet_uniform_only,fixed_dose,2,line_hop,0.15,74,Nanowires,31.83501434326172,0.7014523837522747,33.435665130615234,0.2615658362989324,0.01950827600012417
unet_uniform_only,fixed_dose,2,line_hop,0.15,75,Particles,29.786855697631836,0.7617907153812098,29.87401008605957,0.2615658362989324,0.027091871999800787
unet_uniform_only,fixed_dose,2,line_hop,0.15,76,Patterned_surface,20.1826171875,0.646144209691386,19.72467803955078,0.2615658362989324,0.02535925899974245
unet_uniform_only,fixed_dose,2,line_hop,0.15,77,Porous_Sponge,19.026050567626953,0.40862151853887196,18.703393936157227,0.2615658362989324,0.029281545999765513
unet_uniform_only,fixed_dose,2,line_hop,0.15,78,Powder,21.55205726623535,0.4989955852203713,21.300579071044922,0.2615658362989324,0.028480830000262358
unet_uniform_only,fixed_dose,2,line_hop,0.15,79,Tips,23.572938919067383,0.3285714215671263,24.053024291992188,0.2615658362989324,0.021464639999976498
unet_uniform_only,fixed_dose,2,line_hop,0.15,80,Biological,21.985492706298828,0.1881259204118748,22.681398391723633,0.2615658362989324,0.028735168999446614
unet_uniform_only,fixed_dose,2,line_hop,0.15,81,Fibres,22.27199935913086,0.2081958821404184,22.91408348083496,0.2615658362989324,0.02919656300036877
unet_uniform_only,fixed_dose,2,line_hop,0.15,82,Films_Coated_Surface,19.117944717407227,0.38217234278171874,18.826974868774414,0.2615658362989324,0.02025756300008652
unet_uniform_only,fixed_dose,2,line_hop,0.15,83,MEMS_devices_and_electrodes,20.549211502075195,0.4258916476652579,20.219820022583008,0.2615658362989324,0.02891117800027132
unet_uniform_only,fixed_dose,2,line_hop,0.15,84,Nanowires,35.31990432739258,0.934617803877497,35.40929412841797,0.2615658362989324,0.025217666000571626
unet_uniform_only,fixed_dose,2,line_hop,0.15,85,Particles,21.42247772216797,0.45264474807830146,21.134851455688477,0.2615658362989324,0.028813704000640428
unet_uniform_only,fixed_dose,2,line_hop,0.15,86,Patterned_surface,25.6943359375,0.7286044350273087,25.340681076049805,0.2615658362989324,0.028955609999684384
unet_uniform_only,fixed_dose,2,line_hop,0.15,87,Porous_Sponge,19.70792007446289,0.3504137502347192,19.615324020385742,0.2615658362989324,0.02157760899990535
unet_uniform_only,fixed_dose,2,line_hop,0.15,88,Powder,24.159460067749023,0.6656618578497959,23.97552490234375,0.2615658362989324,0.030035400999622652
unet_uniform_only,fixed_dose,2,line_hop,0.15,89,Tips,27.40106201171875,0.42295163597438645,27.364093780517578,0.2615658362989324,0.028991907000090578
unet_uniform_only,fixed_dose,2,line_hop,0.15,90,Biological,21.41712188720703,0.1781256969134261,22.02395248413086,0.2615658362989324,0.020213957999658305
unet_uniform_only,fixed_dose,2,line_hop,0.15,91,Fibres,25.03040313720703,0.4028498597772156,25.359825134277344,0.2615658362989324,0.02923543700035225
unet_uniform_only,fixed_dose,2,line_hop,0.15,92,Films_Coated_Surface,20.655906677246094,0.32412042935982793,20.573909759521484,0.2615658362989324,0.02780670199990709
unet_uniform_only,fixed_dose,2,line_hop,0.15,93,MEMS_devices_and_electrodes,25.746280670166016,0.7568366811250554,25.488269805908203,0.2615658362989324,0.024081945999569143
unet_uniform_only,fixed_dose,2,line_hop,0.15,94,Nanowires,12.426689147949219,0.45740108104177574,11.863557815551758,0.2615658362989324,0.028763938999873062
unet_uniform_only,fixed_dose,2,line_hop,0.15,95,Particles,26.42310333251953,0.548572949914423,26.164915084838867,0.2615658362989324,0.021550876000219432
unet_uniform_only,fixed_dose,2,line_hop,0.15,96,Patterned_surface,22.967193603515625,0.45129258734803623,22.73014259338379,0.2615658362989324,0.029408786999738368
unet_uniform_only,fixed_dose,2,line_hop,0.15,97,Porous_Sponge,21.970308303833008,0.42184453697713736,21.908348083496094,0.2615658362989324,0.02895784900010767
unet_uniform_only,fixed_dose,2,line_hop,0.15,98,Powder,29.428464889526367,0.8178300904517987,29.297025680541992,0.2615658362989324,0.022997964999376563
unet_uniform_only,fixed_dose,2,line_hop,0.15,99,Tips,29.8513240814209,0.6648920586760572,29.879657745361328,0.2615658362989324,0.0291270119996625
unet_uniform_only,fixed_dose,2,line_hop,0.2,0,Biological,21.762802124023438,0.2939630739210621,21.75807762145996,0.31494661921708184,0.02783914600058779
unet_uniform_only,fixed_dose,2,line_hop,0.2,1,Fibres,20.475425720214844,0.42445912544202985,20.31486701965332,0.31494661921708184,0.02083873300034611
unet_uniform_only,fixed_dose,2,line_hop,0.2,2,Films_Coated_Surface,22.92490005493164,0.36111611057471227,22.789363861083984,0.31494661921708184,0.027722367999558628
unet_uniform_only,fixed_dose,2,line_hop,0.2,3,MEMS_devices_and_electrodes,24.05299186706543,0.3123053229481832,23.813880920410156,0.31494661921708184,0.029029937999439426
unet_uniform_only,fixed_dose,2,line_hop,0.2,4,Nanowires,17.30417823791504,0.5129695215015007,16.685922622680664,0.31494661921708184,0.020939803999681317
unet_uniform_only,fixed_dose,2,line_hop,0.2,5,Particles,17.01871109008789,0.2995865492538078,16.668630599975586,0.31494661921708184,0.028704106000077445
unet_uniform_only,fixed_dose,2,line_hop,0.2,6,Patterned_surface,23.242183685302734,0.4641844085850836,23.0904483795166,0.31494661921708184,0.027370865999728267
unet_uniform_only,fixed_dose,2,line_hop,0.2,7,Porous_Sponge,21.541269302368164,0.41141588548363633,21.389312744140625,0.31494661921708184,0.024978716999612516
unet_uniform_only,fixed_dose,2,line_hop,0.2,8,Powder,17.957111358642578,0.32645160644067905,17.599170684814453,0.31494661921708184,0.02780101700045634
unet_uniform_only,fixed_dose,2,line_hop,0.2,9,Tips,31.2332706451416,0.8929259124915454,31.077096939086914,0.31494661921708184,0.02547906099971442
unet_uniform_only,fixed_dose,2,line_hop,0.2,10,Biological,22.43468475341797,0.23857561694772844,22.895509719848633,0.31494661921708184,0.0298288699996192
unet_uniform_only,fixed_dose,2,line_hop,0.2,11,Fibres,24.60810089111328,0.5414371966544503,24.56999969482422,0.31494661921708184,0.027773411000453052
unet_uniform_only,fixed_dose,2,line_hop,0.2,12,Films_Coated_Surface,23.958232879638672,0.3585975490022466,23.980743408203125,0.31494661921708184,0.0215247209998779
unet_uniform_only,fixed_dose,2,line_hop,0.2,13,MEMS_devices_and_electrodes,25.202314376831055,0.3455861450499406,24.989456176757812,0.31494661921708184,0.02775368000038725
unet_uniform_only,fixed_dose,2,line_hop,0.2,14,Nanowires,13.439205169677734,0.3964440251095116,12.842462539672852,0.31494661921708184,0.02905101000033028
unet_uniform_only,fixed_dose,2,line_hop,0.2,15,Particles,25.98308753967285,0.35533504572789915,27.26133155822754,0.31494661921708184,0.029021098999692185
unet_uniform_only,fixed_dose,2,line_hop,0.2,16,Patterned_surface,18.611530303955078,0.32152332403366257,18.599407196044922,0.31494661921708184,0.018064158000015595
unet_uniform_only,fixed_dose,2,line_hop,0.2,17,Porous_Sponge,15.038409233093262,0.41598937279654197,14.401082038879395,0.31494661921708184,0.02933558200038533
unet_uniform_only,fixed_dose,2,line_hop,0.2,18,Powder,19.353496551513672,0.4511656176018392,19.030250549316406,0.31494661921708184,0.02894800100057182
unet_uniform_only,fixed_dose,2,line_hop,0.2,19,Tips,24.13595962524414,0.7435443220065627,24.14297866821289,0.31494661921708184,0.022897939999893424
unet_uniform_only,fixed_dose,2,line_hop,0.2,20,Biological,23.13337516784668,0.5339026761884348,22.898849487304688,0.31494661921708184,0.029226334999293613
unet_uniform_only,fixed_dose,2,line_hop,0.2,21,Fibres,19.74004364013672,0.3850558894694097,19.822050094604492,0.31494661921708184,0.029750509000223246
unet_uniform_only,fixed_dose,2,line_hop,0.2,22,Films_Coated_Surface,13.26692008972168,0.3844530690735743,12.633591651916504,0.31494661921708184,0.02336636899963196
unet_uniform_only,fixed_dose,2,line_hop,0.2,23,MEMS_devices_and_electrodes,25.346033096313477,0.38176980773767966,25.21599578857422,0.31494661921708184,0.02673931800018181
unet_uniform_only,fixed_dose,2,line_hop,0.2,24,Nanowires,12.823917388916016,0.2414410741371984,12.294244766235352,0.31494661921708184,0.02863585700015392
unet_uniform_only,fixed_dose,2,line_hop,0.2,25,Particles,31.707603454589844,0.6251532356414586,31.96378517150879,0.31494661921708184,0.028754095999829588
unet_uniform_only,fixed_dose,2,line_hop,0.2,26,Patterned_surface,17.738664627075195,0.2823548858858541,17.455446243286133,0.31494661921708184,0.017913257999680354
unet_uniform_only,fixed_dose,2,line_hop,0.2,27,Porous_Sponge,22.123111724853516,0.31189788588067163,22.029747009277344,0.31494661921708184,0.028827151000768936
unet_uniform_only,fixed_dose,2,line_hop,0.2,28,Powder,21.24183464050293,0.501426362216041,20.996143341064453,0.31494661921708184,0.018824448000486882
unet_uniform_only,fixed_dose,2,line_hop,0.2,29,Tips,36.69044494628906,0.9496704989770816,36.84761428833008,0.31494661921708184,0.029190047000156483
unet_uniform_only,fixed_dose,2,line_hop,0.2,30,Biological,21.781543731689453,0.2265758857407794,22.185806274414062,0.31494661921708184,0.02997711399984837
unet_uniform_only,fixed_dose,2,line_hop,0.2,31,Fibres,22.021507263183594,0.1817287141267668,23.012378692626953,0.31494661921708184,0.025251232999835338
unet_uniform_only,fixed_dose,2,line_hop,0.2,32,Films_Coated_Surface,19.361974716186523,0.2086048540565406,19.91969871520996,0.31494661921708184,0.025366447999658703
unet_uniform_only,fixed_dose,2,line_hop,0.2,33,MEMS_devices_and_electrodes,23.203752517700195,0.607234808432376,22.73548126220703,0.31494661921708184,0.02964742699987255
unet_uniform_only,fixed_dose,2,line_hop,0.2,34,Nanowires,25.36677360534668,0.6060989350784532,25.051042556762695,0.31494661921708184,0.029616953000186186
unet_uniform_only,fixed_dose,2,line_hop,0.2,35,Particles,28.73537254333496,0.7211575187847437,28.867515563964844,0.31494661921708184,0.020701860999906785
unet_uniform_only,fixed_dose,2,line_hop,0.2,36,Patterned_surface,28.30596160888672,0.8306635203411518,27.798873901367188,0.31494661921708184,0.029466940999554936
unet_uniform_only,fixed_dose,2,line_hop,0.2,37,Porous_Sponge,15.904985427856445,0.44797593625311066,15.40311050415039,0.31494661921708184,0.02791063399945415
unet_uniform_only,fixed_dose,2,line_hop,0.2,38,Powder,20.450908660888672,0.3333027245542557,20.12625503540039,0.31494661921708184,0.026966069999616593
unet_uniform_only,fixed_dose,2,line_hop,0.2,39,Tips,30.73464584350586,0.6461245391529638,31.7386474609375,0.31494661921708184,0.029269802999806416
unet_uniform_only,fixed_dose,2,line_hop,0.2,40,Biological,19.98284149169922,0.3327921314337664,19.990921020507812,0.31494661921708184,0.021517983000194363
unet_uniform_only,fixed_dose,2,line_hop,0.2,41,Fibres,25.400203704833984,0.6055695936331916,25.429086685180664,0.31494661921708184,0.02953861800051527
unet_uniform_only,fixed_dose,2,line_hop,0.2,42,Films_Coated_Surface,20.848894119262695,0.19005280089862847,21.408966064453125,0.31494661921708184,0.02983530400069867
unet_uniform_only,fixed_dose,2,line_hop,0.2,43,MEMS_devices_and_electrodes,21.233631134033203,0.27647829215118364,21.157363891601562,0.31494661921708184,0.026526243000262184
unet_uniform_only,fixed_dose,2,line_hop,0.2,44,Nanowires,22.436105728149414,0.41308205502717427,22.312938690185547,0.31494661921708184,0.025512621000416402
unet_uniform_only,fixed_dose,2,line_hop,0.2,45,Particles,31.44460678100586,0.8584408124564262,31.60966682434082,0.31494661921708184,0.028772431999641412
unet_uniform_only,fixed_dose,2,line_hop,0.2,46,Patterned_surface,26.194984436035156,0.53168280180509,26.2851505279541,0.31494661921708184,0.02798144600001251
unet_uniform_only,fixed_dose,2,line_hop,0.2,47,Porous_Sponge,22.014015197753906,0.43690218534996245,21.783287048339844,0.31494661921708184,0.02496951800003444
unet_uniform_only,fixed_dose,2,line_hop,0.2,48,Powder,23.08456039428711,0.44318277475015394,23.008825302124023,0.31494661921708184,0.02915502399991965
unet_uniform_only,fixed_dose,2,line_hop,0.2,49,Tips,17.566463470458984,0.2486002256649421,17.435606002807617,0.31494661921708184,0.03003206300036254
unet_uniform_only,fixed_dose,2,line_hop,0.2,50,Biological,20.71681785583496,0.20618378176320545,21.05512809753418,0.31494661921708184,0.021743172999777016
unet_uniform_only,fixed_dose,2,line_hop,0.2,51,Fibres,22.23208999633789,0.225142314167501,23.189537048339844,0.31494661921708184,0.02884243099924788
unet_uniform_only,fixed_dose,2,line_hop,0.2,52,Films_Coated_Surface,15.718432426452637,0.49183149022134826,15.248506546020508,0.31494661921708184,0.02837157300018589
unet_uniform_only,fixed_dose,2,line_hop,0.2,53,MEMS_devices_and_electrodes,31.928543090820312,0.8618349319801797,31.70233154296875,0.31494661921708184,0.02240866600004665
unet_uniform_only,fixed_dose,2,line_hop,0.2,54,Nanowires,28.31163215637207,0.6770462091836498,28.24317169189453,0.31494661921708184,0.027489117000186525
unet_uniform_only,fixed_dose,2,line_hop,0.2,55,Particles,26.30460548400879,0.39580045805669833,26.270538330078125,0.31494661921708184,0.027707555000233697
unet_uniform_only,fixed_dose,2,line_hop,0.2,56,Patterned_surface,22.025835037231445,0.526273609899365,21.72366714477539,0.31494661921708184,0.025617351000619237
unet_uniform_only,fixed_dose,2,line_hop,0.2,57,Porous_Sponge,19.565773010253906,0.3020274162574175,19.611160278320312,0.31494661921708184,0.029991033999976935
unet_uniform_only,fixed_dose,2,line_hop,0.2,58,Powder,17.478639602661133,0.23609583686620972,17.337326049804688,0.31494661921708184,0.017467384000156017
unet_uniform_only,fixed_dose,2,line_hop,0.2,59,Tips,29.24053382873535,0.5990627652065352,29.866893768310547,0.31494661921708184,0.029031252000095265
unet_uniform_only,fixed_dose,2,line_hop,0.2,60,Biological,21.64582061767578,0.19500960480340573,22.351295471191406,0.31494661921708184,0.029362973000388592
unet_uniform_only,fixed_dose,2,line_hop,0.2,61,Fibres,26.910221099853516,0.47252259345208436,27.388713836669922,0.31494661921708184,0.023829325000406243
unet_uniform_only,fixed_dose,2,line_hop,0.2,62,Films_Coated_Surface,16.429664611816406,0.3625632078627235,16.01518440246582,0.31494661921708184,0.02659470600065106
unet_uniform_only,fixed_dose,2,line_hop,0.2,63,MEMS_devices_and_electrodes,20.691089630126953,0.5504898761486181,20.33259391784668,0.31494661921708184,0.028071784000530897
unet_uniform_only,fixed_dose,2,line_hop,0.2,64,Nanowires,38.326297760009766,0.9152303589992885,38.475341796875,0.31494661921708184,0.017680991999441176
unet_uniform_only,fixed_dose,2,line_hop,0.2,65,Particles,23.178260803222656,0.22613810644827242,24.22234535217285,0.31494661921708184,0.027691196999512613
unet_uniform_only,fixed_dose,2,line_hop,0.2,66,Patterned_surface,18.179475784301758,0.5928466894507741,17.815134048461914,0.31494661921708184,0.02774532400053431
unet_uniform_only,fixed_dose,2,line_hop,0.2,67,Porous_Sponge,17.45527458190918,0.498928093912149,16.90423011779785,0.31494661921708184,0.025376252000569366
unet_uniform_only,fixed_dose,2,line_hop,0.2,68,Powder,20.976951599121094,0.47680431609451324,20.690006256103516,0.31494661921708184,0.029228845000034198
unet_uniform_only,fixed_dose,2,line_hop,0.2,69,Tips,31.584945678710938,0.7267102569496245,32.2209587097168,0.31494661921708184,0.023686509000071965
unet_uniform_only,fixed_dose,2,line_hop,0.2,70,Biological,20.633085250854492,0.23165550874229535,20.900863647460938,0.31494661921708184,0.02835523599969747
unet_uniform_only,fixed_dose,2,line_hop,0.2,71,Fibres,25.683259963989258,0.4880883907773207,25.966894149780273,0.31494661921708184,0.029313731000002008
unet_uniform_only,fixed_dose,2,line_hop,0.2,72,Films_Coated_Surface,19.2630558013916,0.4672414319787458,18.876073837280273,0.31494661921708184,0.025801435000175843
unet_uniform_only,fixed_dose,2,line_hop,0.2,73,MEMS_devices_and_electrodes,22.497371673583984,0.5429170459765692,22.373693466186523,0.31494661921708184,0.025703331999466172
unet_uniform_only,fixed_dose,2,line_hop,0.2,74,Nanowires,32.562286376953125,0.7357323200045415,33.70304489135742,0.31494661921708184,0.027071484000771306
unet_uniform_only,fixed_dose,2,line_hop,0.2,75,Particles,29.421871185302734,0.6972218974176281,29.814035415649414,0.31494661921708184,0.021722704999774578
unet_uniform_only,fixed_dose,2,line_hop,0.2,76,Patterned_surface,21.368141174316406,0.6643104845825629,20.8420467376709,0.31494661921708184,0.030417168999520072
unet_uniform_only,fixed_dose,2,line_hop,0.2,77,Porous_Sponge,19.479412078857422,0.4277496751233172,19.186500549316406,0.31494661921708184,0.029146335999939765
unet_uniform_only,fixed_dose,2,line_hop,0.2,78,Powder,21.871475219726562,0.5198087569683391,21.560073852539062,0.31494661921708184,0.02613309099979233
unet_uniform_only,fixed_dose,2,line_hop,0.2,79,Tips,22.821460723876953,0.3119544474986021,23.34273910522461,0.31494661921708184,0.028543337999508367
unet_uniform_only,fixed_dose,2,line_hop,0.2,80,Biological,22.28168487548828,0.1984359044037599,22.886878967285156,0.31494661921708184,0.03001321499959886
unet_uniform_only,fixed_dose,2,line_hop,0.2,81,Fibres,22.106287002563477,0.20108074036196133,22.7865047454834,0.31494661921708184,0.0194674340000347
unet_uniform_only,fixed_dose,2,line_hop,0.2,82,Films_Coated_Surface,19.280912399291992,0.35894907906840096,19.05621910095215,0.31494661921708184,0.028890692999993917
unet_uniform_only,fixed_dose,2,line_hop,0.2,83,MEMS_devices_and_electrodes,20.646923065185547,0.4404070169017502,20.393617630004883,0.31494661921708184,0.028824390999943716
unet_uniform_only,fixed_dose,2,line_hop,0.2,84,Nanowires,36.196590423583984,0.9478901652600037,36.2862434387207,0.31494661921708184,0.018328995000047144
unet_uniform_only,fixed_dose,2,line_hop,0.2,85,Particles,21.573274612426758,0.45677488527670934,21.22486114501953,0.31494661921708184,0.029718892999881064
unet_uniform_only,fixed_dose,2,line_hop,0.2,86,Patterned_surface,26.189449310302734,0.6845269247285956,25.977294921875,0.31494661921708184,0.029616695999720832
unet_uniform_only,fixed_dose,2,line_hop,0.2,87,Porous_Sponge,19.925941467285156,0.3610562630853369,19.788543701171875,0.31494661921708184,0.01881680399947072
unet_uniform_only,fixed_dose,2,line_hop,0.2,88,Powder,24.168743133544922,0.6595893608577195,23.95883560180664,0.31494661921708184,0.029025743000602233
unet_uniform_only,fixed_dose,2,line_hop,0.2,89,Tips,27.367717742919922,0.4232196261018918,27.352283477783203,0.31494661921708184,0.028470467000261124
unet_uniform_only,fixed_dose,2,line_hop,0.2,90,Biological,21.415969848632812,0.18160987861425987,22.261503219604492,0.31494661921708184,0.022658251000393648
unet_uniform_only,fixed_dose,2,line_hop,0.2,91,Fibres,24.20905113220215,0.35466525162654833,24.6986026763916,0.31494661921708184,0.028992403000302147
unet_uniform_only,fixed_dose,2,line_hop,0.2,92,Films_Coated_Surface,20.75331687927246,0.3506941154633882,20.716724395751953,0.31494661921708184,0.028289384999879985
unet_uniform_only,fixed_dose,2,line_hop,0.2,93,MEMS_devices_and_electrodes,26.59449005126953,0.7662732951751329,26.37586784362793,0.31494661921708184,0.027918986000258883
unet_uniform_only,fixed_dose,2,line_hop,0.2,94,Nanowires,13.133149147033691,0.5241168441628102,12.443222045898438,0.31494661921708184,0.027805869999610877
unet_uniform_only,fixed_dose,2,line_hop,0.2,95,Particles,26.56146812438965,0.5501355900486926,26.153759002685547,0.31494661921708184,0.029472240999893984
unet_uniform_only,fixed_dose,2,line_hop,0.2,96,Patterned_surface,23.218505859375,0.46438026314499625,22.934581756591797,0.31494661921708184,0.028797293000025093
unet_uniform_only,fixed_dose,2,line_hop,0.2,97,Porous_Sponge,21.542320251464844,0.3955982336692649,21.73835563659668,0.31494661921708184,0.02933173400015221
unet_uniform_only,fixed_dose,2,line_hop,0.2,98,Powder,28.820968627929688,0.7637250589467287,28.813674926757812,0.31494661921708184,0.0299338409995471
unet_uniform_only,fixed_dose,2,line_hop,0.2,99,Tips,29.898069381713867,0.6618170410075631,29.986774444580078,0.31494661921708184,0.02886787900024501
unet_uniform_only,fixed_dose,2,line_hop,0.3,0,Biological,22.24656105041504,0.33551322315188936,22.41002082824707,0.44306049822064064,0.029390269999566954
unet_uniform_only,fixed_dose,2,line_hop,0.3,1,Fibres,21.085582733154297,0.4771498606284903,20.92232894897461,0.44306049822064064,0.02838061500006006
unet_uniform_only,fixed_dose,2,line_hop,0.3,2,Films_Coated_Surface,22.77865219116211,0.3681844486684468,22.720766067504883,0.44306049822064064,0.025354901000355312
unet_uniform_only,fixed_dose,2,line_hop,0.3,3,MEMS_devices_and_electrodes,24.43677520751953,0.32206862206153947,24.195690155029297,0.44306049822064064,0.02636274099950242
unet_uniform_only,fixed_dose,2,line_hop,0.3,4,Nanowires,18.135229110717773,0.5873269567452502,17.380826950073242,0.44306049822064064,0.026887908999924548
unet_uniform_only,fixed_dose,2,line_hop,0.3,5,Particles,17.240692138671875,0.3289472855373471,16.89570426940918,0.44306049822064064,0.02673257399965223
unet_uniform_only,fixed_dose,2,line_hop,0.3,6,Patterned_surface,23.867694854736328,0.49245852341573076,23.548288345336914,0.44306049822064064,0.025386686000274494
unet_uniform_only,fixed_dose,2,line_hop,0.3,7,Porous_Sponge,21.712209701538086,0.425342204467171,21.784645080566406,0.44306049822064064,0.027578619999985676
unet_uniform_only,fixed_dose,2,line_hop,0.3,8,Powder,18.40523910522461,0.34498312977250944,18.02202606201172,0.44306049822064064,0.029548059000262583
unet_uniform_only,fixed_dose,2,line_hop,0.3,9,Tips,32.071739196777344,0.8967993214581329,31.977188110351562,0.44306049822064064,0.026581019000332162
unet_uniform_only,fixed_dose,2,line_hop,0.3,10,Biological,24.626495361328125,0.3320613376905631,25.01791000366211,0.44306049822064064,0.025690199999189645
unet_uniform_only,fixed_dose,2,line_hop,0.3,11,Fibres,26.10386848449707,0.644606150196918,25.797954559326172,0.44306049822064064,0.02539900800002215
unet_uniform_only,fixed_dose,2,line_hop,0.3,12,Films_Coated_Surface,24.711191177368164,0.4004314884519746,24.754222869873047,0.44306049822064064,0.026495752000300854
unet_uniform_only,fixed_dose,2,line_hop,0.3,13,MEMS_devices_and_electrodes,25.325925827026367,0.3401949041872719,25.151325225830078,0.44306049822064064,0.027476807000311965
unet_uniform_only,fixed_dose,2,line_hop,0.3,14,Nanowires,14.041357040405273,0.49053856921754774,13.25288200378418,0.44306049822064064,0.024942400000327325
unet_uniform_only,fixed_dose,2,line_hop,0.3,15,Particles,30.558753967285156,0.6109825033415599,32.38180923461914,0.44306049822064064,0.02516706200003682
unet_uniform_only,fixed_dose,2,line_hop,0.3,16,Patterned_surface,19.063251495361328,0.3657369614466625,19.093229293823242,0.44306049822064064,0.024936928999522934
unet_uniform_only,fixed_dose,2,line_hop,0.3,17,Porous_Sponge,16.20319175720215,0.48129739069589633,15.430200576782227,0.44306049822064064,0.025013888999637857
unet_uniform_only,fixed_dose,2,line_hop,0.3,18,Powder,19.83004379272461,0.485147458319243,19.468854904174805,0.44306049822064064,0.025085334999857878
unet_uniform_only,fixed_dose,2,line_hop,0.3,19,Tips,23.949726104736328,0.7447721377416626,23.96656036376953,0.44306049822064064,0.02508186100021703
unet_uniform_only,fixed_dose,2,line_hop,0.3,20,Biological,23.968204498291016,0.5617426681321642,23.628154754638672,0.44306049822064064,0.023090242999387556
unet_uniform_only,fixed_dose,2,line_hop,0.3,21,Fibres,20.68881607055664,0.46422376794993786,20.78701400756836,0.44306049822064064,0.024592622999989544
unet_uniform_only,fixed_dose,2,line_hop,0.3,22,Films_Coated_Surface,14.044012069702148,0.45921881160746003,13.205068588256836,0.44306049822064064,0.024800115000289225
unet_uniform_only,fixed_dose,2,line_hop,0.3,23,MEMS_devices_and_electrodes,25.52416229248047,0.3786825950447109,25.40192413330078,0.44306049822064064,0.02646598399951472
unet_uniform_only,fixed_dose,2,line_hop,0.3,24,Nanowires,13.23137092590332,0.2991504432727803,12.562116622924805,0.44306049822064064,0.02470999799970741
unet_uniform_only,fixed_dose,2,line_hop,0.3,25,Particles,31.93599510192871,0.6429523236353867,31.86528968811035,0.44306049822064064,0.029823037000824115
unet_uniform_only,fixed_dose,2,line_hop,0.3,26,Patterned_surface,18.280290603637695,0.3192325108773063,17.975643157958984,0.44306049822064064,0.024608853999779967
unet_uniform_only,fixed_dose,2,line_hop,0.3,27,Porous_Sponge,22.153606414794922,0.3157493981915697,22.38128662109375,0.44306049822064064,0.024479001000145217
unet_uniform_only,fixed_dose,2,line_hop,0.3,28,Powder,21.831647872924805,0.5398521529833894,21.622089385986328,0.44306049822064064,0.025065023000024667
unet_uniform_only,fixed_dose,2,line_hop,0.3,29,Tips,34.965049743652344,0.9212028444877105,35.48182678222656,0.44306049822064064,0.027163282000401523
unet_uniform_only,fixed_dose,2,line_hop,0.3,30,Biological,22.953536987304688,0.2632249485731057,23.71149253845215,0.44306049822064064,0.024692513000445615
unet_uniform_only,fixed_dose,2,line_hop,0.3,31,Fibres,22.06085205078125,0.17977517338719923,24.17237091064453,0.44306049822064064,0.025143242000012833
unet_uniform_only,fixed_dose,2,line_hop,0.3,32,Films_Coated_Surface,19.796266555786133,0.24668013588903742,20.535430908203125,0.44306049822064064,0.024502052999196167
unet_uniform_only,fixed_dose,2,line_hop,0.3,33,MEMS_devices_and_electrodes,24.112369537353516,0.6209341768664042,23.605567932128906,0.44306049822064064,0.026743268000245735
unet_uniform_only,fixed_dose,2,line_hop,0.3,34,Nanowires,25.914321899414062,0.6414188700928223,25.554105758666992,0.44306049822064064,0.02666740499989828
unet_uniform_only,fixed_dose,2,line_hop,0.3,35,Particles,29.851661682128906,0.7774071940661863,29.824954986572266,0.44306049822064064,0.02552985300008004
unet_uniform_only,fixed_dose,2,line_hop,0.3,36,Patterned_surface,29.45979118347168,0.8566692610127027,28.722980499267578,0.44306049822064064,0.026438932000019122
unet_uniform_only,fixed_dose,2,line_hop,0.3,37,Porous_Sponge,16.516849517822266,0.48188141393052886,15.950583457946777,0.44306049822064064,0.02644491499995638
unet_uniform_only,fixed_dose,2,line_hop,0.3,38,Powder,21.037485122680664,0.3615748159292473,20.669944763183594,0.44306049822064064,0.02618465599971387
unet_uniform_only,fixed_dose,2,line_hop,0.3,39,Tips,33.564205169677734,0.8023131364555895,33.81966781616211,0.44306049822064064,0.026643007000529906
unet_uniform_only,fixed_dose,2,line_hop,0.3,40,Biological,20.66035270690918,0.3751175197670462,20.65230369567871,0.44306049822064064,0.026170323999394896
unet_uniform_only,fixed_dose,2,line_hop,0.3,41,Fibres,27.06623077392578,0.7224759477541907,26.91952896118164,0.44306049822064064,0.027707297000233666
unet_uniform_only,fixed_dose,2,line_hop,0.3,42,Films_Coated_Surface,23.338001251220703,0.3003660319444953,23.849037170410156,0.44306049822064064,0.028257473999474314
unet_uniform_only,fixed_dose,2,line_hop,0.3,43,MEMS_devices_and_electrodes,21.944156646728516,0.2737572837803224,21.66478729248047,0.44306049822064064,0.029034208000666695
unet_uniform_only,fixed_dose,2,line_hop,0.3,44,Nanowires,22.88506317138672,0.4097130982695611,22.716732025146484,0.44306049822064064,0.024018408999836538
unet_uniform_only,fixed_dose,2,line_hop,0.3,45,Particles,33.032047271728516,0.9022924355168888,32.89333724975586,0.44306049822064064,0.02519756900073844
unet_uniform_only,fixed_dose,2,line_hop,0.3,46,Patterned_surface,26.512964248657227,0.5633274580595927,26.438396453857422,0.44306049822064064,0.02655480500015983
unet_uniform_only,fixed_dose,2,line_hop,0.3,47,Porous_Sponge,22.054550170898438,0.4406935572030913,22.050264358520508,0.44306049822064064,0.026148222000301757
unet_uniform_only,fixed_dose,2,line_hop,0.3,48,Powder,23.526477813720703,0.46746634858020475,23.430286407470703,0.44306049822064064,0.024993097000333364
unet_uniform_only,fixed_dose,2,line_hop,0.3,49,Tips,18.447351455688477,0.24473115396338976,18.186931610107422,0.44306049822064064,0.02476157100045384
unet_uniform_only,fixed_dose,2,line_hop,0.3,50,Biological,21.772005081176758,0.2536742566697855,22.14069175720215,0.44306049822064064,0.023044647999995505
unet_uniform_only,fixed_dose,2,line_hop,0.3,51,Fibres,23.039291381835938,0.26082107793532316,24.6610050201416,0.44306049822064064,0.0232809939998333
unet_uniform_only,fixed_dose,2,line_hop,0.3,52,Films_Coated_Surface,16.405574798583984,0.5498917356068724,15.811734199523926,0.44306049822064064,0.023177371000201674
unet_uniform_only,fixed_dose,2,line_hop,0.3,53,MEMS_devices_and_electrodes,33.04566192626953,0.8654503483402954,32.90818786621094,0.44306049822064064,0.026297241999600374
unet_uniform_only,fixed_dose,2,line_hop,0.3,54,Nanowires,28.988534927368164,0.7070244208495545,28.804000854492188,0.44306049822064064,0.02557557399995858
unet_uniform_only,fixed_dose,2,line_hop,0.3,55,Particles,26.669422149658203,0.4040895169470599,26.546485900878906,0.44306049822064064,0.02653472600013629
unet_uniform_only,fixed_dose,2,line_hop,0.3,56,Patterned_surface,22.641324996948242,0.5433504842163488,22.27158546447754,0.44306049822064064,0.025435078999180405
unet_uniform_only,fixed_dose,2,line_hop,0.3,57,Porous_Sponge,20.11815071105957,0.3328073505650798,20.13250160217285,0.44306049822064064,0.029681453999728546
unet_uniform_only,fixed_dose,2,line_hop,0.3,58,Powder,17.83941078186035,0.287055536432226,17.792869567871094,0.44306049822064064,0.026726789000349527
unet_uniform_only,fixed_dose,2,line_hop,0.3,59,Tips,31.95724868774414,0.7765559626554273,32.18351364135742,0.44306049822064064,0.026702983000177483
unet_uniform_only,fixed_dose,2,line_hop,0.3,60,Biological,21.725971221923828,0.20095423182543162,23.625720977783203,0.44306049822064064,0.026395308000246587
unet_uniform_only,fixed_dose,2,line_hop,0.3,61,Fibres,29.337785720825195,0.6299736905950284,29.809890747070312,0.44306049822064064,0.02688284600026236
unet_uniform_only,fixed_dose,2,line_hop,0.3,62,Films_Coated_Surface,17.098901748657227,0.4060045030172113,16.626245498657227,0.44306049822064064,0.025516936999338213
unet_uniform_only,fixed_dose,2,line_hop,0.3,63,MEMS_devices_and_electrodes,21.05888557434082,0.5647740171254614,20.64034652709961,0.44306049822064064,0.026047930999993696
unet_uniform_only,fixed_dose,2,line_hop,0.3,64,Nanowires,37.222564697265625,0.9050997297749744,37.381126403808594,0.44306049822064064,0.02728441599992948
unet_uniform_only,fixed_dose,2,line_hop,0.3,65,Particles,30.315616607666016,0.6292758499979328,31.291122436523438,0.44306049822064064,0.026296064999769442
unet_uniform_only,fixed_dose,2,line_hop,0.3,66,Patterned_surface,18.480022430419922,0.6184278932377186,18.1297607421875,0.44306049822064064,0.027160871999512892
unet_uniform_only,fixed_dose,2,line_hop,0.3,67,Porous_Sponge,18.349788665771484,0.5404305818201568,17.699142456054688,0.44306049822064064,0.027053501999944274
unet_uniform_only,fixed_dose,2,line_hop,0.3,68,Powder,21.549816131591797,0.48778763235912875,21.264917373657227,0.44306049822064064,0.024367973000153142
unet_uniform_only,fixed_dose,2,line_hop,0.3,69,Tips,33.45114517211914,0.8256015643265893,33.74717330932617,0.44306049822064064,0.02457324900024105
unet_uniform_only,fixed_dose,2,line_hop,0.3,70,Biological,21.39209747314453,0.2751990546594493,21.82774543762207,0.44306049822064064,0.02489144799983478
unet_uniform_only,fixed_dose,2,line_hop,0.3,71,Fibres,27.49193572998047,0.6054074176831207,27.716224670410156,0.44306049822064064,0.026522172000113642
unet_uniform_only,fixed_dose,2,line_hop,0.3,72,Films_Coated_Surface,20.923358917236328,0.5512318646291328,20.390565872192383,0.44306049822064064,0.0231992259996332
unet_uniform_only,fixed_dose,2,line_hop,0.3,73,MEMS_devices_and_electrodes,23.019582748413086,0.6019085011344918,22.763168334960938,0.44306049822064064,0.02469858199947339
unet_uniform_only,fixed_dose,2,line_hop,0.3,74,Nanowires,34.42205810546875,0.8233494466194442,34.40351486206055,0.44306049822064064,0.024551389000407653
unet_uniform_only,fixed_dose,2,line_hop,0.3,75,Particles,31.49082374572754,0.8429341793587696,31.455570220947266,0.44306049822064064,0.028020790999107703
unet_uniform_only,fixed_dose,2,line_hop,0.3,76,Patterned_surface,22.13985824584961,0.6783068932829129,21.465608596801758,0.44306049822064064,0.026409555999634904
unet_uniform_only,fixed_dose,2,line_hop,0.3,77,Porous_Sponge,21.037702560424805,0.47331673498200344,20.753597259521484,0.44306049822064064,0.02621625000028871
unet_uniform_only,fixed_dose,2,line_hop,0.3,78,Powder,22.445415496826172,0.5441179167928293,22.11392593383789,0.44306049822064064,0.026883035000537348
unet_uniform_only,fixed_dose,2,line_hop,0.3,79,Tips,25.309171676635742,0.3906801839321598,25.546274185180664,0.44306049822064064,0.02439323499947932
unet_uniform_only,fixed_dose,2,line_hop,0.3,80,Biological,22.08622932434082,0.1867168612101835,23.42420196533203,0.44306049822064064,0.024526813000193215
unet_uniform_only,fixed_dose,2,line_hop,0.3,81,Fibres,23.338768005371094,0.2507247898908636,24.428178787231445,0.44306049822064064,0.024299341999721946
unet_uniform_only,fixed_dose,2,line_hop,0.3,82,Films_Coated_Surface,20.31376075744629,0.43175665338446434,20.02292823791504,0.44306049822064064,0.02469316099995922
unet_uniform_only,fixed_dose,2,line_hop,0.3,83,MEMS_devices_and_electrodes,21.627822875976562,0.4646881441369999,21.291820526123047,0.44306049822064064,0.026432315000420203
unet_uniform_only,fixed_dose,2,line_hop,0.3,84,Nanowires,36.651451110839844,0.953331236601883,36.5253791809082,0.44306049822064064,0.02609543400012626
unet_uniform_only,fixed_dose,2,line_hop,0.3,85,Particles,22.537109375,0.48920947919488106,22.162250518798828,0.44306049822064064,0.02634024100007082
unet_uniform_only,fixed_dose,2,line_hop,0.3,86,Patterned_surface,28.54097557067871,0.7786610335470543,28.18531036376953,0.44306049822064064,0.0248337069997433
unet_uniform_only,fixed_dose,2,line_hop,0.3,87,Porous_Sponge,20.820762634277344,0.41064556159208104,20.632240295410156,0.44306049822064064,0.02542152900059591
unet_uniform_only,fixed_dose,2,line_hop,0.3,88,Powder,24.654205322265625,0.6793485594439408,24.469146728515625,0.44306049822064064,0.024949877999461023
unet_uniform_only,fixed_dose,2,line_hop,0.3,89,Tips,27.335384368896484,0.42235148535761524,27.29755210876465,0.44306049822064064,0.02612885000053211
unet_uniform_only,fixed_dose,2,line_hop,0.3,90,Biological,23.019424438476562,0.2313750204270253,24.44272232055664,0.44306049822064064,0.025476509000327496
unet_uniform_only,fixed_dose,2,line_hop,0.3,91,Fibres,26.32066535949707,0.488551443159314,26.832164764404297,0.44306049822064064,0.015006783999524487
unet_uniform_only,fixed_dose,2,line_hop,0.3,92,Films_Coated_Surface,20.975954055786133,0.3701581778015786,21.065528869628906,0.44306049822064064,0.014982877999500488
unet_uniform_only,fixed_dose,2,line_hop,0.3,93,MEMS_devices_and_electrodes,27.308385848999023,0.7754446344837169,27.188343048095703,0.44306049822064064,0.01497848500002874
unet_uniform_only,fixed_dose,2,line_hop,0.3,94,Nanowires,14.302420616149902,0.6103609641070642,13.40334415435791,0.44306049822064064,0.014986535999923944
unet_uniform_only,fixed_dose,2,line_hop,0.3,95,Particles,27.298381805419922,0.5704316174993282,26.667396545410156,0.44306049822064064,0.01697189799961052
unet_uniform_only,fixed_dose,2,line_hop,0.3,96,Patterned_surface,23.577861785888672,0.47639064884814575,23.3419132232666,0.44306049822064064,0.015108870999938517
unet_uniform_only,fixed_dose,2,line_hop,0.3,97,Porous_Sponge,21.160829544067383,0.3766772931779465,21.93856430053711,0.44306049822064064,0.015030421000119532
unet_uniform_only,fixed_dose,2,line_hop,0.3,98,Powder,29.546287536621094,0.8127920178929778,29.388416290283203,0.44306049822064064,0.014964594999582914
unet_uniform_only,fixed_dose,2,line_hop,0.3,99,Tips,30.333267211914062,0.6779129121400517,30.318782806396484,0.44306049822064064,0.015033658999527688
